"Model","AIC","Common_n","Iteration","Group"
"Exponential",-52.0866640570973,14,1,"D0"
"PowerLaw",-110.866337292897,14,1,"D0"
"Exponential",-30.392717134357,14,1,"D1"
"PowerLaw",-83.4439607996163,14,1,"D1"
"Exponential",-26.0267394914229,14,1,"D3"
"PowerLaw",-51.6395008129437,14,1,"D3"
"Exponential",-23.3066511620719,14,1,"D5"
"PowerLaw",-80.6344846133022,14,1,"D5"
"Exponential",-10.8168869327681,14,1,"D6"
"PowerLaw",-40.7570179253269,14,1,"D6"
"Exponential",-13.0775297496185,14,1,"D7"
"PowerLaw",-63.527399505979,14,1,"D7"
"Exponential",-52.1416321688914,14,2,"D0"
"PowerLaw",-111.410890744104,14,2,"D0"
"Exponential",-30.2895432924208,14,2,"D1"
"PowerLaw",-82.6055219597415,14,2,"D1"
"Exponential",-25.4655275616528,14,2,"D3"
"PowerLaw",-51.8804173124874,14,2,"D3"
"Exponential",-23.0345596286475,14,2,"D5"
"PowerLaw",-77.6229913024487,14,2,"D5"
"Exponential",-12.0548649982365,14,2,"D6"
"PowerLaw",-49.1770916760568,14,2,"D6"
"Exponential",-7.32218413953265,14,2,"D7"
"PowerLaw",-47.9246566586792,14,2,"D7"
"Exponential",-52.0498774057641,14,3,"D0"
"PowerLaw",-110.319287259603,14,3,"D0"
"Exponential",-30.3237107968566,14,3,"D1"
"PowerLaw",-82.9373902634415,14,3,"D1"
"Exponential",-24.9374652331617,14,3,"D3"
"PowerLaw",-53.0718896694579,14,3,"D3"
"Exponential",-21.6254112067331,14,3,"D5"
"PowerLaw",-58.4493454400256,14,3,"D5"
"Exponential",-12.5906491675738,14,3,"D6"
"PowerLaw",-44.1004749750982,14,3,"D6"
"Exponential",-4.71551903618765,14,3,"D7"
"PowerLaw",-47.1936934759165,14,3,"D7"
"Exponential",-52.0073633675556,14,4,"D0"
"PowerLaw",-109.804452672649,14,4,"D0"
"Exponential",-30.3945655307748,14,4,"D1"
"PowerLaw",-83.4447157397949,14,4,"D1"
"Exponential",-25.9079259169585,14,4,"D3"
"PowerLaw",-54.4720124466099,14,4,"D3"
"Exponential",-22.1596344286681,14,4,"D5"
"PowerLaw",-65.2618791953441,14,4,"D5"
"Exponential",-11.3228287416199,14,4,"D6"
"PowerLaw",-42.4515081861166,14,4,"D6"
"Exponential",-9.50726595068609,14,4,"D7"
"PowerLaw",-46.8075392168835,14,4,"D7"
"Exponential",-52.019920390313,14,5,"D0"
"PowerLaw",-110.004704283747,14,5,"D0"
"Exponential",-30.2543353807374,14,5,"D1"
"PowerLaw",-82.6009579342988,14,5,"D1"
"Exponential",-25.2628207456368,14,5,"D3"
"PowerLaw",-53.3991193783597,14,5,"D3"
"Exponential",-22.4387739158441,14,5,"D5"
"PowerLaw",-73.4980110366224,14,5,"D5"
"Exponential",-11.8520922418936,14,5,"D6"
"PowerLaw",-64.8902913600977,14,5,"D6"
"Exponential",-3.4921896600983,14,5,"D7"
"PowerLaw",-29.9039075572376,14,5,"D7"
"Exponential",-52.078119703385,14,6,"D0"
"PowerLaw",-110.731712584811,14,6,"D0"
"Exponential",-30.1872740739665,14,6,"D1"
"PowerLaw",-81.9158704971845,14,6,"D1"
"Exponential",-26.2799463740482,14,6,"D3"
"PowerLaw",-54.6381618528483,14,6,"D3"
"Exponential",-20.8930512276367,14,6,"D5"
"PowerLaw",-64.7061756149698,14,6,"D5"
"Exponential",-12.1392913713471,14,6,"D6"
"PowerLaw",-51.3738885773071,14,6,"D6"
"Exponential",-3.62371336973393,14,6,"D7"
"PowerLaw",-40.3010039818216,14,6,"D7"
"Exponential",-52.0705142629488,14,7,"D0"
"PowerLaw",-110.496281896913,14,7,"D0"
"Exponential",-30.205293023008,14,7,"D1"
"PowerLaw",-81.9946780283123,14,7,"D1"
"Exponential",-24.9969785631711,14,7,"D3"
"PowerLaw",-53.4958047357917,14,7,"D3"
"Exponential",-21.9219615868371,14,7,"D5"
"PowerLaw",-67.0282541290388,14,7,"D5"
"Exponential",-11.2842998799988,14,7,"D6"
"PowerLaw",-39.2819970557894,14,7,"D6"
"Exponential",-4.24604283273643,14,7,"D7"
"PowerLaw",-38.5599435223812,14,7,"D7"
"Exponential",-52.1054127752345,14,8,"D0"
"PowerLaw",-110.990477404816,14,8,"D0"
"Exponential",-30.3612371739538,14,8,"D1"
"PowerLaw",-83.2752583355486,14,8,"D1"
"Exponential",-24.8020978303887,14,8,"D3"
"PowerLaw",-52.78392421255,14,8,"D3"
"Exponential",-20.0412695812194,14,8,"D5"
"PowerLaw",-63.9604693918106,14,8,"D5"
"Exponential",-11.9760706241431,14,8,"D6"
"PowerLaw",-44.3855488484337,14,8,"D6"
"Exponential",-9.44472567253648,14,8,"D7"
"PowerLaw",-55.9878037328331,14,8,"D7"
"Exponential",-52.0874643269401,14,9,"D0"
"PowerLaw",-110.853206867135,14,9,"D0"
"Exponential",-30.3596559276134,14,9,"D1"
"PowerLaw",-83.1814931057014,14,9,"D1"
"Exponential",-24.9517287521126,14,9,"D3"
"PowerLaw",-50.8561762803087,14,9,"D3"
"Exponential",-22.6216093562491,14,9,"D5"
"PowerLaw",-66.721320948023,14,9,"D5"
"Exponential",-10.4061380858825,14,9,"D6"
"PowerLaw",-42.9900088154198,14,9,"D6"
"Exponential",-3.46134745702381,14,9,"D7"
"PowerLaw",-29.9516125871424,14,9,"D7"
"Exponential",-52.0195337116208,14,10,"D0"
"PowerLaw",-110.057240376087,14,10,"D0"
"Exponential",-30.2574910098229,14,10,"D1"
"PowerLaw",-82.3591305747899,14,10,"D1"
"Exponential",-25.8264749397631,14,10,"D3"
"PowerLaw",-53.7614364260058,14,10,"D3"
"Exponential",-22.283402534914,14,10,"D5"
"PowerLaw",-75.9880975944544,14,10,"D5"
"Exponential",-12.7515554123911,14,10,"D6"
"PowerLaw",-48.3797879624702,14,10,"D6"
"Exponential",-5.43946828692995,14,10,"D7"
"PowerLaw",-51.8698116187892,14,10,"D7"
"Exponential",-52.0772791606253,14,11,"D0"
"PowerLaw",-110.783668381827,14,11,"D0"
"Exponential",-30.384138223269,14,11,"D1"
"PowerLaw",-83.3540559840523,14,11,"D1"
"Exponential",-25.4877432723041,14,11,"D3"
"PowerLaw",-53.7876789748466,14,11,"D3"
"Exponential",-21.9743708427,14,11,"D5"
"PowerLaw",-69.0618260168968,14,11,"D5"
"Exponential",-12.2674127649708,14,11,"D6"
"PowerLaw",-62.2347591931147,14,11,"D6"
"Exponential",-4.29475209621515,14,11,"D7"
"PowerLaw",-46.9246078806498,14,11,"D7"
"Exponential",-52.0663132252702,14,12,"D0"
"PowerLaw",-110.465364597578,14,12,"D0"
"Exponential",-30.3152229776491,14,12,"D1"
"PowerLaw",-83.0855832602093,14,12,"D1"
"Exponential",-25.1669686172212,14,12,"D3"
"PowerLaw",-53.7659030179214,14,12,"D3"
"Exponential",-21.2397457775558,14,12,"D5"
"PowerLaw",-59.3077941017937,14,12,"D5"
"Exponential",-13.2756387827622,14,12,"D6"
"PowerLaw",-66.6596399856835,14,12,"D6"
"Exponential",-2.79847512950835,14,12,"D7"
"PowerLaw",-40.2157919834532,14,12,"D7"
"Exponential",-51.9791579222725,14,13,"D0"
"PowerLaw",-109.730097214354,14,13,"D0"
"Exponential",-30.3732210936193,14,13,"D1"
"PowerLaw",-83.4077787904907,14,13,"D1"
"Exponential",-25.2041789663501,14,13,"D3"
"PowerLaw",-52.88494548986,14,13,"D3"
"Exponential",-20.4330119163703,14,13,"D5"
"PowerLaw",-61.8661005781746,14,13,"D5"
"Exponential",-11.0163556324674,14,13,"D6"
"PowerLaw",-41.922554573606,14,13,"D6"
"Exponential",-7.87377583115382,14,13,"D7"
"PowerLaw",-48.9689631852275,14,13,"D7"
"Exponential",-51.9636390650723,14,14,"D0"
"PowerLaw",-109.268464365599,14,14,"D0"
"Exponential",-30.2424532006042,14,14,"D1"
"PowerLaw",-82.3109154175597,14,14,"D1"
"Exponential",-25.0263638131708,14,14,"D3"
"PowerLaw",-52.0880577990774,14,14,"D3"
"Exponential",-21.0728619505173,14,14,"D5"
"PowerLaw",-62.4413148969563,14,14,"D5"
"Exponential",-11.8698116684555,14,14,"D6"
"PowerLaw",-48.6577179835684,14,14,"D6"
"Exponential",-6.7586216702447,14,14,"D7"
"PowerLaw",-48.2600897632166,14,14,"D7"
"Exponential",-52.1179197413745,14,15,"D0"
"PowerLaw",-111.246524195174,14,15,"D0"
"Exponential",-30.1258452539425,14,15,"D1"
"PowerLaw",-81.3792582537067,14,15,"D1"
"Exponential",-25.0749695671853,14,15,"D3"
"PowerLaw",-51.1062591751064,14,15,"D3"
"Exponential",-21.2166586487794,14,15,"D5"
"PowerLaw",-63.5955813101753,14,15,"D5"
"Exponential",-10.6454669487448,14,15,"D6"
"PowerLaw",-38.5165404707928,14,15,"D6"
"Exponential",1.51358574131654,14,15,"D7"
"PowerLaw",-22.6441025354236,14,15,"D7"
"Exponential",-52.1264907068977,14,16,"D0"
"PowerLaw",-111.26211392617,14,16,"D0"
"Exponential",-30.3029476968268,14,16,"D1"
"PowerLaw",-82.895342450473,14,16,"D1"
"Exponential",-25.1134623731979,14,16,"D3"
"PowerLaw",-50.6197690242035,14,16,"D3"
"Exponential",-20.7989229306854,14,16,"D5"
"PowerLaw",-67.206636790279,14,16,"D5"
"Exponential",-12.6248011951598,14,16,"D6"
"PowerLaw",-45.7541395993588,14,16,"D6"
"Exponential",-13.5094466078101,14,16,"D7"
"PowerLaw",-55.8710592332468,14,16,"D7"
"Exponential",-52.0990389634443,14,17,"D0"
"PowerLaw",-110.765809102516,14,17,"D0"
"Exponential",-30.4700695222716,14,17,"D1"
"PowerLaw",-84.1017184665018,14,17,"D1"
"Exponential",-25.0169843819273,14,17,"D3"
"PowerLaw",-51.2886082000557,14,17,"D3"
"Exponential",-22.4282682475667,14,17,"D5"
"PowerLaw",-63.8898965078613,14,17,"D5"
"Exponential",-11.562486151139,14,17,"D6"
"PowerLaw",-51.3334290328616,14,17,"D6"
"Exponential",-4.3932861896134,14,17,"D7"
"PowerLaw",-39.6511321355801,14,17,"D7"
"Exponential",-52.0860360007258,14,18,"D0"
"PowerLaw",-110.794498697862,14,18,"D0"
"Exponential",-30.4543851654575,14,18,"D1"
"PowerLaw",-84.1393255296852,14,18,"D1"
"Exponential",-25.214145387059,14,18,"D3"
"PowerLaw",-52.6183517019313,14,18,"D3"
"Exponential",-23.3687672652513,14,18,"D5"
"PowerLaw",-75.2706834369289,14,18,"D5"
"Exponential",-12.8928965144268,14,18,"D6"
"PowerLaw",-50.920094487521,14,18,"D6"
"Exponential",-4.97873416641639,14,18,"D7"
"PowerLaw",-41.6295170804988,14,18,"D7"
"Exponential",-52.0274609246303,14,19,"D0"
"PowerLaw",-110.021683952924,14,19,"D0"
"Exponential",-30.4765501287779,14,19,"D1"
"PowerLaw",-84.0607186902458,14,19,"D1"
"Exponential",-25.7636463427199,14,19,"D3"
"PowerLaw",-51.6698885157758,14,19,"D3"
"Exponential",-20.7180423291512,14,19,"D5"
"PowerLaw",-62.9027860971215,14,19,"D5"
"Exponential",-12.3819049924356,14,19,"D6"
"PowerLaw",-61.3453519902905,14,19,"D6"
"Exponential",-2.43404497112386,14,19,"D7"
"PowerLaw",-32.6204911507809,14,19,"D7"
"Exponential",-52.1149524877099,14,20,"D0"
"PowerLaw",-111.125994644517,14,20,"D0"
"Exponential",-30.5345101747606,14,20,"D1"
"PowerLaw",-84.4562378826732,14,20,"D1"
"Exponential",-25.1996711262304,14,20,"D3"
"PowerLaw",-52.850548613294,14,20,"D3"
"Exponential",-24.2582301915001,14,20,"D5"
"PowerLaw",-72.7589416503064,14,20,"D5"
"Exponential",-11.3684559354923,14,20,"D6"
"PowerLaw",-55.8098714841484,14,20,"D6"
"Exponential",-5.75233558389737,14,20,"D7"
"PowerLaw",-55.1408704319313,14,20,"D7"
"Exponential",-52.2070503714198,14,21,"D0"
"PowerLaw",-112.21464387972,14,21,"D0"
"Exponential",-30.1345087108814,14,21,"D1"
"PowerLaw",-81.5678857286474,14,21,"D1"
"Exponential",-25.0328884972601,14,21,"D3"
"PowerLaw",-52.1944677224575,14,21,"D3"
"Exponential",-22.1387347427338,14,21,"D5"
"PowerLaw",-76.7189404788499,14,21,"D5"
"Exponential",-11.8038261066037,14,21,"D6"
"PowerLaw",-47.1460029055788,14,21,"D6"
"Exponential",-6.82781923481378,14,21,"D7"
"PowerLaw",-43.0703735726796,14,21,"D7"
"Exponential",-51.951756610754,14,22,"D0"
"PowerLaw",-109.325069433136,14,22,"D0"
"Exponential",-30.3682648934178,14,22,"D1"
"PowerLaw",-83.3384753166714,14,22,"D1"
"Exponential",-24.7567587370273,14,22,"D3"
"PowerLaw",-51.7057893729242,14,22,"D3"
"Exponential",-22.3489666783892,14,22,"D5"
"PowerLaw",-77.6312646288075,14,22,"D5"
"Exponential",-11.1167237579361,14,22,"D6"
"PowerLaw",-37.447950008164,14,22,"D6"
"Exponential",-6.01058924601292,14,22,"D7"
"PowerLaw",-58.8459451021101,14,22,"D7"
"Exponential",-52.1245411635713,14,23,"D0"
"PowerLaw",-111.409472769489,14,23,"D0"
"Exponential",-30.4563564476682,14,23,"D1"
"PowerLaw",-84.1317793060184,14,23,"D1"
"Exponential",-25.7716517783849,14,23,"D3"
"PowerLaw",-53.3198753029688,14,23,"D3"
"Exponential",-22.6951749259313,14,23,"D5"
"PowerLaw",-64.8732010357842,14,23,"D5"
"Exponential",-9.91138939582112,14,23,"D6"
"PowerLaw",-40.5717254313993,14,23,"D6"
"Exponential",-10.3338102328746,14,23,"D7"
"PowerLaw",-58.1048092476609,14,23,"D7"
"Exponential",-52.09817990592,14,24,"D0"
"PowerLaw",-110.864320844493,14,24,"D0"
"Exponential",-30.3481297936068,14,24,"D1"
"PowerLaw",-83.17277431365,14,24,"D1"
"Exponential",-24.7259912664932,14,24,"D3"
"PowerLaw",-51.9261016249191,14,24,"D3"
"Exponential",-24.1148828082004,14,24,"D5"
"PowerLaw",-71.826678258075,14,24,"D5"
"Exponential",-13.2024022140575,14,24,"D6"
"PowerLaw",-49.7339801093339,14,24,"D6"
"Exponential",-5.99499703151659,14,24,"D7"
"PowerLaw",-47.2242197524211,14,24,"D7"
"Exponential",-52.062139640169,14,25,"D0"
"PowerLaw",-110.540931365766,14,25,"D0"
"Exponential",-30.3658912186764,14,25,"D1"
"PowerLaw",-83.3397425548051,14,25,"D1"
"Exponential",-25.0665331164519,14,25,"D3"
"PowerLaw",-51.458211323937,14,25,"D3"
"Exponential",-23.4860391252744,14,25,"D5"
"PowerLaw",-81.5272666473306,14,25,"D5"
"Exponential",-11.0727258960034,14,25,"D6"
"PowerLaw",-38.2128363442495,14,25,"D6"
"Exponential",-14.7900620106422,14,25,"D7"
"PowerLaw",-53.8134269887377,14,25,"D7"
"Exponential",-52.0576577415415,14,26,"D0"
"PowerLaw",-110.397567166165,14,26,"D0"
"Exponential",-30.3123599252422,14,26,"D1"
"PowerLaw",-82.8548404925226,14,26,"D1"
"Exponential",-25.5068107318904,14,26,"D3"
"PowerLaw",-51.3256939272842,14,26,"D3"
"Exponential",-22.652483648069,14,26,"D5"
"PowerLaw",-82.7920489016207,14,26,"D5"
"Exponential",-11.3817837001873,14,26,"D6"
"PowerLaw",-41.5601692948812,14,26,"D6"
"Exponential",-4.90929481731233,14,26,"D7"
"PowerLaw",-59.7714705511004,14,26,"D7"
"Exponential",-52.0405618977148,14,27,"D0"
"PowerLaw",-110.439676125181,14,27,"D0"
"Exponential",-30.3507581401747,14,27,"D1"
"PowerLaw",-83.2904696783122,14,27,"D1"
"Exponential",-25.2659428990833,14,27,"D3"
"PowerLaw",-53.7637738410383,14,27,"D3"
"Exponential",-21.6390052229828,14,27,"D5"
"PowerLaw",-60.8856167047563,14,27,"D5"
"Exponential",-10.8147324708656,14,27,"D6"
"PowerLaw",-43.1582401501328,14,27,"D6"
"Exponential",-5.95696503544252,14,27,"D7"
"PowerLaw",-58.6489593114942,14,27,"D7"
"Exponential",-52.0762905770817,14,28,"D0"
"PowerLaw",-110.722157373249,14,28,"D0"
"Exponential",-30.3462205014797,14,28,"D1"
"PowerLaw",-83.1582113845837,14,28,"D1"
"Exponential",-24.7929056545305,14,28,"D3"
"PowerLaw",-51.9479623390615,14,28,"D3"
"Exponential",-21.7268481299128,14,28,"D5"
"PowerLaw",-56.2635714089298,14,28,"D5"
"Exponential",-9.84249555895396,14,28,"D6"
"PowerLaw",-51.7863514086666,14,28,"D6"
"Exponential",-1.24369267038221,14,28,"D7"
"PowerLaw",-29.578646046845,14,28,"D7"
"Exponential",-52.0207022570103,14,29,"D0"
"PowerLaw",-109.90476941163,14,29,"D0"
"Exponential",-30.2929443301934,14,29,"D1"
"PowerLaw",-82.870315003506,14,29,"D1"
"Exponential",-24.5238296189872,14,29,"D3"
"PowerLaw",-53.4942855032243,14,29,"D3"
"Exponential",-20.3626418305404,14,29,"D5"
"PowerLaw",-60.6496785678521,14,29,"D5"
"Exponential",-11.6674453052825,14,29,"D6"
"PowerLaw",-50.4801089123219,14,29,"D6"
"Exponential",-2.96374442753394,14,29,"D7"
"PowerLaw",-41.1737509358632,14,29,"D7"
"Exponential",-51.9926896783542,14,30,"D0"
"PowerLaw",-109.842180665717,14,30,"D0"
"Exponential",-30.1434009625175,14,30,"D1"
"PowerLaw",-81.7547715755816,14,30,"D1"
"Exponential",-25.306127592714,14,30,"D3"
"PowerLaw",-53.1747312176688,14,30,"D3"
"Exponential",-23.7719699593417,14,30,"D5"
"PowerLaw",-82.8154800219665,14,30,"D5"
"Exponential",-11.505522983976,14,30,"D6"
"PowerLaw",-37.5175926299611,14,30,"D6"
"Exponential",-3.47316369216427,14,30,"D7"
"PowerLaw",-29.4460800195957,14,30,"D7"
"Exponential",-52.1430510648073,14,31,"D0"
"PowerLaw",-111.33452223195,14,31,"D0"
"Exponential",-30.5574873630971,14,31,"D1"
"PowerLaw",-84.8285278668018,14,31,"D1"
"Exponential",-24.7019304984747,14,31,"D3"
"PowerLaw",-51.9943829960938,14,31,"D3"
"Exponential",-22.6875748601421,14,31,"D5"
"PowerLaw",-86.7725670231603,14,31,"D5"
"Exponential",-12.3260222596343,14,31,"D6"
"PowerLaw",-45.544475899375,14,31,"D6"
"Exponential",-4.60403334788981,14,31,"D7"
"PowerLaw",-37.5760091935589,14,31,"D7"
"Exponential",-52.0399777664541,14,32,"D0"
"PowerLaw",-110.215134978571,14,32,"D0"
"Exponential",-30.386302045876,14,32,"D1"
"PowerLaw",-83.3251538371158,14,32,"D1"
"Exponential",-26.311323605133,14,32,"D3"
"PowerLaw",-54.7616279562277,14,32,"D3"
"Exponential",-22.83798729764,14,32,"D5"
"PowerLaw",-78.0084930048277,14,32,"D5"
"Exponential",-14.0378990901261,14,32,"D6"
"PowerLaw",-69.3677264485466,14,32,"D6"
"Exponential",-8.32758277203805,14,32,"D7"
"PowerLaw",-56.521967777874,14,32,"D7"
"Exponential",-52.0579110201136,14,33,"D0"
"PowerLaw",-110.434677381585,14,33,"D0"
"Exponential",-30.1772598134771,14,33,"D1"
"PowerLaw",-81.912248255104,14,33,"D1"
"Exponential",-25.3463354808727,14,33,"D3"
"PowerLaw",-54.3071979953448,14,33,"D3"
"Exponential",-22.6959974060069,14,33,"D5"
"PowerLaw",-75.2859595905437,14,33,"D5"
"Exponential",-11.3874220365,14,33,"D6"
"PowerLaw",-43.307176217085,14,33,"D6"
"Exponential",-2.13695693845115,14,33,"D7"
"PowerLaw",-36.5347672901195,14,33,"D7"
"Exponential",-52.1120754979221,14,34,"D0"
"PowerLaw",-110.667841104095,14,34,"D0"
"Exponential",-30.3575845657957,14,34,"D1"
"PowerLaw",-83.0833240239007,14,34,"D1"
"Exponential",-25.2388095538201,14,34,"D3"
"PowerLaw",-53.6434906469126,14,34,"D3"
"Exponential",-22.0419371261968,14,34,"D5"
"PowerLaw",-69.6247390135016,14,34,"D5"
"Exponential",-11.3591588605727,14,34,"D6"
"PowerLaw",-43.2169244712764,14,34,"D6"
"Exponential",-7.32875152777111,14,34,"D7"
"PowerLaw",-51.1088101834337,14,34,"D7"
"Exponential",-52.0203028369066,14,35,"D0"
"PowerLaw",-110.08088530757,14,35,"D0"
"Exponential",-30.3672633037112,14,35,"D1"
"PowerLaw",-83.3762307526902,14,35,"D1"
"Exponential",-25.5669941618583,14,35,"D3"
"PowerLaw",-54.6920099934202,14,35,"D3"
"Exponential",-21.7344908963905,14,35,"D5"
"PowerLaw",-63.007553768074,14,35,"D5"
"Exponential",-12.6471519296382,14,35,"D6"
"PowerLaw",-41.2142639085322,14,35,"D6"
"Exponential",-8.96646516304261,14,35,"D7"
"PowerLaw",-43.8952696155768,14,35,"D7"
"Exponential",-52.037483282753,14,36,"D0"
"PowerLaw",-110.167052431134,14,36,"D0"
"Exponential",-30.2204022419406,14,36,"D1"
"PowerLaw",-82.139886877344,14,36,"D1"
"Exponential",-25.0070509193805,14,36,"D3"
"PowerLaw",-52.086402037363,14,36,"D3"
"Exponential",-21.2759375390377,14,36,"D5"
"PowerLaw",-70.0774655027801,14,36,"D5"
"Exponential",-11.8544333667157,14,36,"D6"
"PowerLaw",-46.523891274479,14,36,"D6"
"Exponential",-10.6824933248335,14,36,"D7"
"PowerLaw",-58.0129603540067,14,36,"D7"
"Exponential",-52.1068482364341,14,37,"D0"
"PowerLaw",-110.944024174273,14,37,"D0"
"Exponential",-30.2512665731419,14,37,"D1"
"PowerLaw",-82.4021876689404,14,37,"D1"
"Exponential",-26.0109698892165,14,37,"D3"
"PowerLaw",-54.4506229025875,14,37,"D3"
"Exponential",-22.8482159027251,14,37,"D5"
"PowerLaw",-75.2746385664183,14,37,"D5"
"Exponential",-11.5361618649026,14,37,"D6"
"PowerLaw",-56.1703664880733,14,37,"D6"
"Exponential",-1.5541288099479,14,37,"D7"
"PowerLaw",-36.1723584411273,14,37,"D7"
"Exponential",-52.0961565383431,14,38,"D0"
"PowerLaw",-111.061492849334,14,38,"D0"
"Exponential",-30.2183660799537,14,38,"D1"
"PowerLaw",-82.2380094315939,14,38,"D1"
"Exponential",-24.357194901992,14,38,"D3"
"PowerLaw",-52.1334251700403,14,38,"D3"
"Exponential",-21.7228184252994,14,38,"D5"
"PowerLaw",-62.4019658851081,14,38,"D5"
"Exponential",-11.9836890057692,14,38,"D6"
"PowerLaw",-41.5300375834632,14,38,"D6"
"Exponential",-6.97627578650892,14,38,"D7"
"PowerLaw",-44.3682341752505,14,38,"D7"
"Exponential",-52.0959763880837,14,39,"D0"
"PowerLaw",-110.915607884264,14,39,"D0"
"Exponential",-30.3473062048479,14,39,"D1"
"PowerLaw",-83.1884837995677,14,39,"D1"
"Exponential",-25.0689036846022,14,39,"D3"
"PowerLaw",-53.1488843787242,14,39,"D3"
"Exponential",-23.9310281004557,14,39,"D5"
"PowerLaw",-83.1608695612506,14,39,"D5"
"Exponential",-13.4741674232985,14,39,"D6"
"PowerLaw",-67.8592421797005,14,39,"D6"
"Exponential",-6.87541483164349,14,39,"D7"
"PowerLaw",-51.23154043075,14,39,"D7"
"Exponential",-52.0904919534469,14,40,"D0"
"PowerLaw",-111.070689277242,14,40,"D0"
"Exponential",-30.2984972256904,14,40,"D1"
"PowerLaw",-82.6227541124745,14,40,"D1"
"Exponential",-24.5154192591082,14,40,"D3"
"PowerLaw",-53.6416412205797,14,40,"D3"
"Exponential",-22.3384875204439,14,40,"D5"
"PowerLaw",-64.65210149131,14,40,"D5"
"Exponential",-11.9301218296421,14,40,"D6"
"PowerLaw",-45.2704535779656,14,40,"D6"
"Exponential",-5.43994174625438,14,40,"D7"
"PowerLaw",-38.0935414855837,14,40,"D7"
"Exponential",-52.0317014594192,14,41,"D0"
"PowerLaw",-110.047982409163,14,41,"D0"
"Exponential",-30.1953845270083,14,41,"D1"
"PowerLaw",-82.1309893006149,14,41,"D1"
"Exponential",-24.4248766484893,14,41,"D3"
"PowerLaw",-52.4946885765255,14,41,"D3"
"Exponential",-23.0343449622083,14,41,"D5"
"PowerLaw",-74.4535472237466,14,41,"D5"
"Exponential",-12.4948635317441,14,41,"D6"
"PowerLaw",-48.4288239567914,14,41,"D6"
"Exponential",-4.24576371478917,14,41,"D7"
"PowerLaw",-32.4501261067952,14,41,"D7"
"Exponential",-52.0106740721821,14,42,"D0"
"PowerLaw",-109.89644587666,14,42,"D0"
"Exponential",-30.3059700625374,14,42,"D1"
"PowerLaw",-82.9223384322492,14,42,"D1"
"Exponential",-25.7826751301813,14,42,"D3"
"PowerLaw",-52.8555355382376,14,42,"D3"
"Exponential",-20.354112207991,14,42,"D5"
"PowerLaw",-60.9622833501391,14,42,"D5"
"Exponential",-12.809430258493,14,42,"D6"
"PowerLaw",-46.6485658087107,14,42,"D6"
"Exponential",-1.74687410856315,14,42,"D7"
"PowerLaw",-29.4155958798174,14,42,"D7"
"Exponential",-52.0005760364428,14,43,"D0"
"PowerLaw",-109.524838714516,14,43,"D0"
"Exponential",-30.4047746902361,14,43,"D1"
"PowerLaw",-83.4822275535368,14,43,"D1"
"Exponential",-25.207260101315,14,43,"D3"
"PowerLaw",-53.6501171659999,14,43,"D3"
"Exponential",-22.8372841488118,14,43,"D5"
"PowerLaw",-58.9669883420773,14,43,"D5"
"Exponential",-10.5600643858653,14,43,"D6"
"PowerLaw",-38.2877293146404,14,43,"D6"
"Exponential",-11.5079229883556,14,43,"D7"
"PowerLaw",-57.8963140035997,14,43,"D7"
"Exponential",-52.0581533745869,14,44,"D0"
"PowerLaw",-110.683934369294,14,44,"D0"
"Exponential",-30.270530792241,14,44,"D1"
"PowerLaw",-82.7242894026274,14,44,"D1"
"Exponential",-25.0207001403382,14,44,"D3"
"PowerLaw",-52.1397459393831,14,44,"D3"
"Exponential",-23.3406504974023,14,44,"D5"
"PowerLaw",-71.1716855005893,14,44,"D5"
"Exponential",-10.6881701564708,14,44,"D6"
"PowerLaw",-44.6540016311483,14,44,"D6"
"Exponential",-11.1507356916688,14,44,"D7"
"PowerLaw",-52.9367370410554,14,44,"D7"
"Exponential",-52.0523788827301,14,45,"D0"
"PowerLaw",-110.593052379744,14,45,"D0"
"Exponential",-30.2202415540273,14,45,"D1"
"PowerLaw",-82.1935664992034,14,45,"D1"
"Exponential",-25.2238678413147,14,45,"D3"
"PowerLaw",-52.6578621527222,14,45,"D3"
"Exponential",-23.4245970525034,14,45,"D5"
"PowerLaw",-69.6344615610999,14,45,"D5"
"Exponential",-11.7227018932082,14,45,"D6"
"PowerLaw",-49.7568225451293,14,45,"D6"
"Exponential",-5.33998362270938,14,45,"D7"
"PowerLaw",-31.9301182646654,14,45,"D7"
"Exponential",-52.112660418252,14,46,"D0"
"PowerLaw",-111.033469124389,14,46,"D0"
"Exponential",-30.4331093677346,14,46,"D1"
"PowerLaw",-83.8553546360679,14,46,"D1"
"Exponential",-25.983774690461,14,46,"D3"
"PowerLaw",-53.580924332567,14,46,"D3"
"Exponential",-21.5410683832255,14,46,"D5"
"PowerLaw",-77.5520307004427,14,46,"D5"
"Exponential",-11.0174353476373,14,46,"D6"
"PowerLaw",-38.7441768333405,14,46,"D6"
"Exponential",-6.32981108617036,14,46,"D7"
"PowerLaw",-46.5796409310239,14,46,"D7"
"Exponential",-52.0623743191927,14,47,"D0"
"PowerLaw",-110.705355842742,14,47,"D0"
"Exponential",-30.2362233511962,14,47,"D1"
"PowerLaw",-82.1718946548588,14,47,"D1"
"Exponential",-25.9165604893776,14,47,"D3"
"PowerLaw",-53.6136552311269,14,47,"D3"
"Exponential",-23.7791086891292,14,47,"D5"
"PowerLaw",-79.8560377894231,14,47,"D5"
"Exponential",-12.1406006995572,14,47,"D6"
"PowerLaw",-53.8543777436662,14,47,"D6"
"Exponential",-6.18282766674739,14,47,"D7"
"PowerLaw",-78.6856479269025,14,47,"D7"
"Exponential",-52.0558763606916,14,48,"D0"
"PowerLaw",-109.966566263083,14,48,"D0"
"Exponential",-30.4747939773581,14,48,"D1"
"PowerLaw",-84.1157310626399,14,48,"D1"
"Exponential",-24.5275093949709,14,48,"D3"
"PowerLaw",-50.9153553685266,14,48,"D3"
"Exponential",-21.6507883204899,14,48,"D5"
"PowerLaw",-66.2373281716929,14,48,"D5"
"Exponential",-14.5623676651853,14,48,"D6"
"PowerLaw",-64.7964310872247,14,48,"D6"
"Exponential",-1.77356965585834,14,48,"D7"
"PowerLaw",-35.1790639802615,14,48,"D7"
"Exponential",-52.0694620854055,14,49,"D0"
"PowerLaw",-110.772371893283,14,49,"D0"
"Exponential",-30.4353810510355,14,49,"D1"
"PowerLaw",-83.69069791743,14,49,"D1"
"Exponential",-24.5139156855953,14,49,"D3"
"PowerLaw",-51.8268682146194,14,49,"D3"
"Exponential",-20.3854781601771,14,49,"D5"
"PowerLaw",-58.9597853023207,14,49,"D5"
"Exponential",-12.2816593848011,14,49,"D6"
"PowerLaw",-50.2560354976511,14,49,"D6"
"Exponential",-12.1932956487222,14,49,"D7"
"PowerLaw",-50.4178506688787,14,49,"D7"
"Exponential",-52.168477653531,14,50,"D0"
"PowerLaw",-111.698751446989,14,50,"D0"
"Exponential",-30.3962272584672,14,50,"D1"
"PowerLaw",-83.3705128254412,14,50,"D1"
"Exponential",-24.6929121876553,14,50,"D3"
"PowerLaw",-50.4765988061411,14,50,"D3"
"Exponential",-21.8705499414837,14,50,"D5"
"PowerLaw",-69.3069557914781,14,50,"D5"
"Exponential",-11.310645207488,14,50,"D6"
"PowerLaw",-43.2486893854628,14,50,"D6"
"Exponential",-2.43212309349654,14,50,"D7"
"PowerLaw",-33.4381048539456,14,50,"D7"
"Exponential",-52.1860827505391,14,51,"D0"
"PowerLaw",-111.665141459124,14,51,"D0"
"Exponential",-30.3174855507109,14,51,"D1"
"PowerLaw",-82.9650602668165,14,51,"D1"
"Exponential",-25.3402563913126,14,51,"D3"
"PowerLaw",-53.9578904047771,14,51,"D3"
"Exponential",-21.2429002172796,14,51,"D5"
"PowerLaw",-69.9218282135677,14,51,"D5"
"Exponential",-10.2848565891029,14,51,"D6"
"PowerLaw",-37.3077474318907,14,51,"D6"
"Exponential",-6.99338705134832,14,51,"D7"
"PowerLaw",-40.1064472001414,14,51,"D7"
"Exponential",-52.0154770804035,14,52,"D0"
"PowerLaw",-110.042417053582,14,52,"D0"
"Exponential",-30.4691053760566,14,52,"D1"
"PowerLaw",-84.1053232474856,14,52,"D1"
"Exponential",-25.0161853004387,14,52,"D3"
"PowerLaw",-51.224485121135,14,52,"D3"
"Exponential",-21.1051228310613,14,52,"D5"
"PowerLaw",-64.0944155596727,14,52,"D5"
"Exponential",-13.3487310391038,14,52,"D6"
"PowerLaw",-60.5293990972757,14,52,"D6"
"Exponential",-3.13979849004359,14,52,"D7"
"PowerLaw",-35.5326002871059,14,52,"D7"
"Exponential",-52.0486796631675,14,53,"D0"
"PowerLaw",-110.437830047709,14,53,"D0"
"Exponential",-30.4157726138029,14,53,"D1"
"PowerLaw",-83.8198914873767,14,53,"D1"
"Exponential",-26.2213397535636,14,53,"D3"
"PowerLaw",-54.3830066215752,14,53,"D3"
"Exponential",-23.2884587004729,14,53,"D5"
"PowerLaw",-82.5435004957925,14,53,"D5"
"Exponential",-10.40704888706,14,53,"D6"
"PowerLaw",-52.8213571986575,14,53,"D6"
"Exponential",-8.88238983633789,14,53,"D7"
"PowerLaw",-51.7530296496524,14,53,"D7"
"Exponential",-52.083729951894,14,54,"D0"
"PowerLaw",-110.835652404893,14,54,"D0"
"Exponential",-30.2813389351003,14,54,"D1"
"PowerLaw",-82.5514444119801,14,54,"D1"
"Exponential",-25.7185504885314,14,54,"D3"
"PowerLaw",-51.8273576823636,14,54,"D3"
"Exponential",-22.567725021428,14,54,"D5"
"PowerLaw",-75.6110917940981,14,54,"D5"
"Exponential",-12.6614711562754,14,54,"D6"
"PowerLaw",-51.0752638834641,14,54,"D6"
"Exponential",-4.79538363324117,14,54,"D7"
"PowerLaw",-49.4836492563196,14,54,"D7"
"Exponential",-52.0738264808511,14,55,"D0"
"PowerLaw",-110.897745604664,14,55,"D0"
"Exponential",-30.4202480169999,14,55,"D1"
"PowerLaw",-83.6645431388253,14,55,"D1"
"Exponential",-24.9083028644529,14,55,"D3"
"PowerLaw",-52.6731095460221,14,55,"D3"
"Exponential",-23.084398421552,14,55,"D5"
"PowerLaw",-78.2599852791651,14,55,"D5"
"Exponential",-12.6711197635724,14,55,"D6"
"PowerLaw",-53.903659065915,14,55,"D6"
"Exponential",-6.59685086153103,14,55,"D7"
"PowerLaw",-48.5898723469548,14,55,"D7"
"Exponential",-52.0311911001345,14,56,"D0"
"PowerLaw",-110.20714102941,14,56,"D0"
"Exponential",-30.3900941967023,14,56,"D1"
"PowerLaw",-83.4951061992632,14,56,"D1"
"Exponential",-24.2466996658979,14,56,"D3"
"PowerLaw",-50.8870236154289,14,56,"D3"
"Exponential",-21.7922886608528,14,56,"D5"
"PowerLaw",-67.7511941726695,14,56,"D5"
"Exponential",-11.7078549227346,14,56,"D6"
"PowerLaw",-68.1039695747456,14,56,"D6"
"Exponential",-4.12338090493926,14,56,"D7"
"PowerLaw",-31.6438427435076,14,56,"D7"
"Exponential",-52.0957708269383,14,57,"D0"
"PowerLaw",-110.888797623947,14,57,"D0"
"Exponential",-30.20658823854,14,57,"D1"
"PowerLaw",-82.0399253099798,14,57,"D1"
"Exponential",-24.5086015821576,14,57,"D3"
"PowerLaw",-51.9048019832525,14,57,"D3"
"Exponential",-22.1793750371948,14,57,"D5"
"PowerLaw",-73.8896112428742,14,57,"D5"
"Exponential",-10.934574440205,14,57,"D6"
"PowerLaw",-46.9313612311325,14,57,"D6"
"Exponential",-8.64581089832928,14,57,"D7"
"PowerLaw",-53.8140824568101,14,57,"D7"
"Exponential",-52.0562509906149,14,58,"D0"
"PowerLaw",-110.518422598567,14,58,"D0"
"Exponential",-30.1355356701498,14,58,"D1"
"PowerLaw",-81.6148023089317,14,58,"D1"
"Exponential",-25.3843720859227,14,58,"D3"
"PowerLaw",-52.5959012425362,14,58,"D3"
"Exponential",-22.1833782205716,14,58,"D5"
"PowerLaw",-66.6699234203367,14,58,"D5"
"Exponential",-13.0039176390132,14,58,"D6"
"PowerLaw",-76.4364144824932,14,58,"D6"
"Exponential",-0.287643225159177,14,58,"D7"
"PowerLaw",-31.4894787943329,14,58,"D7"
"Exponential",-52.0643645624574,14,59,"D0"
"PowerLaw",-110.03007044966,14,59,"D0"
"Exponential",-30.3462106361477,14,59,"D1"
"PowerLaw",-83.1835913770443,14,59,"D1"
"Exponential",-25.2488667970958,14,59,"D3"
"PowerLaw",-52.5718454424462,14,59,"D3"
"Exponential",-22.5100081641868,14,59,"D5"
"PowerLaw",-82.2611855891508,14,59,"D5"
"Exponential",-12.2724972379936,14,59,"D6"
"PowerLaw",-55.3519139014896,14,59,"D6"
"Exponential",-2.71999845780953,14,59,"D7"
"PowerLaw",-51.0651798354255,14,59,"D7"
"Exponential",-52.028268750705,14,60,"D0"
"PowerLaw",-110.296802536397,14,60,"D0"
"Exponential",-30.5875052165701,14,60,"D1"
"PowerLaw",-85.0901244866316,14,60,"D1"
"Exponential",-24.7546076382783,14,60,"D3"
"PowerLaw",-53.1280969073982,14,60,"D3"
"Exponential",-22.8685752812786,14,60,"D5"
"PowerLaw",-68.7466334222776,14,60,"D5"
"Exponential",-12.2943602616998,14,60,"D6"
"PowerLaw",-45.7590307862825,14,60,"D6"
"Exponential",-5.69348477858384,14,60,"D7"
"PowerLaw",-50.4293597260809,14,60,"D7"
"Exponential",-52.0919130858063,14,61,"D0"
"PowerLaw",-110.716866525552,14,61,"D0"
"Exponential",-30.3170191950138,14,61,"D1"
"PowerLaw",-83.0453565354358,14,61,"D1"
"Exponential",-26.4463655248473,14,61,"D3"
"PowerLaw",-53.570917322525,14,61,"D3"
"Exponential",-22.4164727366581,14,61,"D5"
"PowerLaw",-77.4516447263881,14,61,"D5"
"Exponential",-10.9252421698788,14,61,"D6"
"PowerLaw",-43.235376157394,14,61,"D6"
"Exponential",-1.38154862505313,14,61,"D7"
"PowerLaw",-30.6086125982311,14,61,"D7"
"Exponential",-52.1334668735105,14,62,"D0"
"PowerLaw",-111.428486039288,14,62,"D0"
"Exponential",-30.3829604128916,14,62,"D1"
"PowerLaw",-83.5624397441662,14,62,"D1"
"Exponential",-24.7559340334622,14,62,"D3"
"PowerLaw",-52.2921077863762,14,62,"D3"
"Exponential",-22.4623185838984,14,62,"D5"
"PowerLaw",-68.4327084685369,14,62,"D5"
"Exponential",-12.0209800208517,14,62,"D6"
"PowerLaw",-45.2780561108657,14,62,"D6"
"Exponential",-9.49961238142525,14,62,"D7"
"PowerLaw",-39.2989016270203,14,62,"D7"
"Exponential",-52.1026748697752,14,63,"D0"
"PowerLaw",-111.06505371777,14,63,"D0"
"Exponential",-30.3357030410151,14,63,"D1"
"PowerLaw",-83.1755364644035,14,63,"D1"
"Exponential",-24.9103085964894,14,63,"D3"
"PowerLaw",-53.8797858442143,14,63,"D3"
"Exponential",-20.7047221252076,14,63,"D5"
"PowerLaw",-57.1706418142987,14,63,"D5"
"Exponential",-10.9544797534664,14,63,"D6"
"PowerLaw",-42.0129329590418,14,63,"D6"
"Exponential",-5.90090964052428,14,63,"D7"
"PowerLaw",-46.6308736464464,14,63,"D7"
"Exponential",-51.9720584949875,14,64,"D0"
"PowerLaw",-109.20362084253,14,64,"D0"
"Exponential",-30.3325072680794,14,64,"D1"
"PowerLaw",-83.0770137450247,14,64,"D1"
"Exponential",-25.6702678405576,14,64,"D3"
"PowerLaw",-54.0747830008988,14,64,"D3"
"Exponential",-23.1095914603535,14,64,"D5"
"PowerLaw",-74.8170415957582,14,64,"D5"
"Exponential",-12.2026446269132,14,64,"D6"
"PowerLaw",-49.2928444414936,14,64,"D6"
"Exponential",-8.98286431737076,14,64,"D7"
"PowerLaw",-57.1465402123588,14,64,"D7"
"Exponential",-52.1464232694067,14,65,"D0"
"PowerLaw",-111.586287563707,14,65,"D0"
"Exponential",-30.1741661397063,14,65,"D1"
"PowerLaw",-81.990915912326,14,65,"D1"
"Exponential",-25.8890444057661,14,65,"D3"
"PowerLaw",-51.3606741250436,14,65,"D3"
"Exponential",-20.9814466418884,14,65,"D5"
"PowerLaw",-83.14308836589,14,65,"D5"
"Exponential",-11.9811002063862,14,65,"D6"
"PowerLaw",-44.8658895538859,14,65,"D6"
"Exponential",-3.37955703173912,14,65,"D7"
"PowerLaw",-41.1530683025996,14,65,"D7"
"Exponential",-52.1447244346217,14,66,"D0"
"PowerLaw",-111.521279465544,14,66,"D0"
"Exponential",-30.3295160401742,14,66,"D1"
"PowerLaw",-82.9902237524533,14,66,"D1"
"Exponential",-25.8213046901183,14,66,"D3"
"PowerLaw",-54.2382068098715,14,66,"D3"
"Exponential",-21.1820179198556,14,66,"D5"
"PowerLaw",-67.7362292392496,14,66,"D5"
"Exponential",-13.0417919871521,14,66,"D6"
"PowerLaw",-51.913716763629,14,66,"D6"
"Exponential",-7.77367224316443,14,66,"D7"
"PowerLaw",-34.6783514441203,14,66,"D7"
"Exponential",-51.9878148177036,14,67,"D0"
"PowerLaw",-109.628178221379,14,67,"D0"
"Exponential",-30.3371292021102,14,67,"D1"
"PowerLaw",-83.1340678485527,14,67,"D1"
"Exponential",-26.5248241365777,14,67,"D3"
"PowerLaw",-54.4697570622255,14,67,"D3"
"Exponential",-21.0184171488677,14,67,"D5"
"PowerLaw",-66.6513444962959,14,67,"D5"
"Exponential",-12.6609711288609,14,67,"D6"
"PowerLaw",-44.3422039372835,14,67,"D6"
"Exponential",-7.9078084051133,14,67,"D7"
"PowerLaw",-46.4811958058378,14,67,"D7"
"Exponential",-52.0621260412594,14,68,"D0"
"PowerLaw",-110.743786477407,14,68,"D0"
"Exponential",-30.3525182779805,14,68,"D1"
"PowerLaw",-83.2122161205134,14,68,"D1"
"Exponential",-24.3306354667334,14,68,"D3"
"PowerLaw",-51.6311929945351,14,68,"D3"
"Exponential",-23.7593665251381,14,68,"D5"
"PowerLaw",-71.0961527484049,14,68,"D5"
"Exponential",-10.9609468265785,14,68,"D6"
"PowerLaw",-41.1459320366345,14,68,"D6"
"Exponential",-6.60126157529677,14,68,"D7"
"PowerLaw",-47.9475453678209,14,68,"D7"
"Exponential",-52.0573061095591,14,69,"D0"
"PowerLaw",-110.545715932468,14,69,"D0"
"Exponential",-30.5226908745384,14,69,"D1"
"PowerLaw",-84.6420860715987,14,69,"D1"
"Exponential",-25.7891596844141,14,69,"D3"
"PowerLaw",-53.3232263926889,14,69,"D3"
"Exponential",-20.6359183567244,14,69,"D5"
"PowerLaw",-59.4420408045488,14,69,"D5"
"Exponential",-12.182710406517,14,69,"D6"
"PowerLaw",-62.833169312757,14,69,"D6"
"Exponential",-6.55464050367015,14,69,"D7"
"PowerLaw",-40.2240911901029,14,69,"D7"
"Exponential",-52.1366017928277,14,70,"D0"
"PowerLaw",-111.157406489217,14,70,"D0"
"Exponential",-30.3667011513104,14,70,"D1"
"PowerLaw",-83.41473052578,14,70,"D1"
"Exponential",-25.4903822459891,14,70,"D3"
"PowerLaw",-52.8420966537136,14,70,"D3"
"Exponential",-21.5657535943886,14,70,"D5"
"PowerLaw",-71.4757727546046,14,70,"D5"
"Exponential",-11.7469567039817,14,70,"D6"
"PowerLaw",-48.8214959275381,14,70,"D6"
"Exponential",-7.08922604467852,14,70,"D7"
"PowerLaw",-75.6255013667048,14,70,"D7"
"Exponential",-52.0193499367908,14,71,"D0"
"PowerLaw",-110.310410146953,14,71,"D0"
"Exponential",-30.4285337092475,14,71,"D1"
"PowerLaw",-83.8140999264351,14,71,"D1"
"Exponential",-26.1290281545121,14,71,"D3"
"PowerLaw",-54.3515285915107,14,71,"D3"
"Exponential",-22.1926805582394,14,71,"D5"
"PowerLaw",-71.5963071052433,14,71,"D5"
"Exponential",-11.1010849488742,14,71,"D6"
"PowerLaw",-45.4210753772155,14,71,"D6"
"Exponential",-12.1619143656915,14,71,"D7"
"PowerLaw",-56.7904118957712,14,71,"D7"
"Exponential",-52.0998257958228,14,72,"D0"
"PowerLaw",-110.85702337431,14,72,"D0"
"Exponential",-30.2515912890899,14,72,"D1"
"PowerLaw",-82.4454608241563,14,72,"D1"
"Exponential",-25.2019244268315,14,72,"D3"
"PowerLaw",-52.1629686868275,14,72,"D3"
"Exponential",-21.9005365499679,14,72,"D5"
"PowerLaw",-79.5260302888672,14,72,"D5"
"Exponential",-11.509165383838,14,72,"D6"
"PowerLaw",-46.2638099104436,14,72,"D6"
"Exponential",-1.70719037643894,14,72,"D7"
"PowerLaw",-28.4191825713351,14,72,"D7"
"Exponential",-52.0948110675974,14,73,"D0"
"PowerLaw",-110.857076774426,14,73,"D0"
"Exponential",-30.1842311266431,14,73,"D1"
"PowerLaw",-82.0410914386098,14,73,"D1"
"Exponential",-26.6522778636585,14,73,"D3"
"PowerLaw",-55.5651338476056,14,73,"D3"
"Exponential",-22.464643215783,14,73,"D5"
"PowerLaw",-77.7456359325723,14,73,"D5"
"Exponential",-13.8787016124142,14,73,"D6"
"PowerLaw",-65.4133700383004,14,73,"D6"
"Exponential",-7.14371488985992,14,73,"D7"
"PowerLaw",-33.7557061354913,14,73,"D7"
"Exponential",-52.0653531601336,14,74,"D0"
"PowerLaw",-110.565781266808,14,74,"D0"
"Exponential",-30.1858848902585,14,74,"D1"
"PowerLaw",-81.9642477240495,14,74,"D1"
"Exponential",-25.2140165453083,14,74,"D3"
"PowerLaw",-52.2342126333451,14,74,"D3"
"Exponential",-23.8732862813533,14,74,"D5"
"PowerLaw",-77.7666931424607,14,74,"D5"
"Exponential",-10.1570345896318,14,74,"D6"
"PowerLaw",-46.3381483113709,14,74,"D6"
"Exponential",-5.02289093712062,14,74,"D7"
"PowerLaw",-38.3784767416291,14,74,"D7"
"Exponential",-52.1415293999024,14,75,"D0"
"PowerLaw",-111.391972058577,14,75,"D0"
"Exponential",-30.343126167863,14,75,"D1"
"PowerLaw",-82.9644653052822,14,75,"D1"
"Exponential",-25.5543246928055,14,75,"D3"
"PowerLaw",-52.6603460357965,14,75,"D3"
"Exponential",-23.4005233972046,14,75,"D5"
"PowerLaw",-76.274863194325,14,75,"D5"
"Exponential",-12.3602209626056,14,75,"D6"
"PowerLaw",-50.0118348499086,14,75,"D6"
"Exponential",-4.78428721812753,14,75,"D7"
"PowerLaw",-33.5878903704618,14,75,"D7"
"Exponential",-51.967856659613,14,76,"D0"
"PowerLaw",-109.447043753622,14,76,"D0"
"Exponential",-30.3298670860081,14,76,"D1"
"PowerLaw",-83.049065164682,14,76,"D1"
"Exponential",-25.1362417305701,14,76,"D3"
"PowerLaw",-53.7574668787736,14,76,"D3"
"Exponential",-23.5766878351526,14,76,"D5"
"PowerLaw",-81.4416713897082,14,76,"D5"
"Exponential",-10.7474959411024,14,76,"D6"
"PowerLaw",-37.4140688376516,14,76,"D6"
"Exponential",-3.31806669229727,14,76,"D7"
"PowerLaw",-32.8490571204514,14,76,"D7"
"Exponential",-52.0393965879228,14,77,"D0"
"PowerLaw",-110.061621211442,14,77,"D0"
"Exponential",-30.2845181588891,14,77,"D1"
"PowerLaw",-82.7357287621288,14,77,"D1"
"Exponential",-24.671740508878,14,77,"D3"
"PowerLaw",-52.0075776956351,14,77,"D3"
"Exponential",-20.8792075272128,14,77,"D5"
"PowerLaw",-64.0588267255681,14,77,"D5"
"Exponential",-13.7314350745143,14,77,"D6"
"PowerLaw",-60.2971387741708,14,77,"D6"
"Exponential",-1.29829169159412,14,77,"D7"
"PowerLaw",-26.3958569364541,14,77,"D7"
"Exponential",-52.072425041896,14,78,"D0"
"PowerLaw",-110.491420145954,14,78,"D0"
"Exponential",-30.3786412131676,14,78,"D1"
"PowerLaw",-83.1675472857075,14,78,"D1"
"Exponential",-25.0991932507533,14,78,"D3"
"PowerLaw",-52.9641459118498,14,78,"D3"
"Exponential",-21.149279561159,14,78,"D5"
"PowerLaw",-62.9720794526335,14,78,"D5"
"Exponential",-13.3756445243507,14,78,"D6"
"PowerLaw",-62.9160736125382,14,78,"D6"
"Exponential",-7.91218286001374,14,78,"D7"
"PowerLaw",-52.1333164200119,14,78,"D7"
"Exponential",-52.1611613452621,14,79,"D0"
"PowerLaw",-111.464954943869,14,79,"D0"
"Exponential",-30.4332144540492,14,79,"D1"
"PowerLaw",-83.9456697344662,14,79,"D1"
"Exponential",-25.3838782243122,14,79,"D3"
"PowerLaw",-51.9770482251297,14,79,"D3"
"Exponential",-22.9817727005772,14,79,"D5"
"PowerLaw",-69.9251308045643,14,79,"D5"
"Exponential",-13.7262501511852,14,79,"D6"
"PowerLaw",-48.6982056257718,14,79,"D6"
"Exponential",-8.89983724270919,14,79,"D7"
"PowerLaw",-42.2537305543864,14,79,"D7"
"Exponential",-52.0547464126901,14,80,"D0"
"PowerLaw",-110.034674576117,14,80,"D0"
"Exponential",-30.3764468041092,14,80,"D1"
"PowerLaw",-83.5124050089406,14,80,"D1"
"Exponential",-26.0596659039603,14,80,"D3"
"PowerLaw",-55.9966580568273,14,80,"D3"
"Exponential",-22.0145203844412,14,80,"D5"
"PowerLaw",-62.8301808743054,14,80,"D5"
"Exponential",-10.253628225409,14,80,"D6"
"PowerLaw",-50.1257380406874,14,80,"D6"
"Exponential",-6.07367214818611,14,80,"D7"
"PowerLaw",-48.7620450693361,14,80,"D7"
"Exponential",-52.0931549117491,14,81,"D0"
"PowerLaw",-110.987241649514,14,81,"D0"
"Exponential",-30.2930383815074,14,81,"D1"
"PowerLaw",-82.8258616809946,14,81,"D1"
"Exponential",-25.6280255094823,14,81,"D3"
"PowerLaw",-53.4174455972132,14,81,"D3"
"Exponential",-21.2574222157294,14,81,"D5"
"PowerLaw",-60.231897728134,14,81,"D5"
"Exponential",-12.3783992280598,14,81,"D6"
"PowerLaw",-46.1445404642475,14,81,"D6"
"Exponential",-7.65914386068589,14,81,"D7"
"PowerLaw",-69.9049737425408,14,81,"D7"
"Exponential",-52.1181470341824,14,82,"D0"
"PowerLaw",-111.189194269386,14,82,"D0"
"Exponential",-30.2505565893677,14,82,"D1"
"PowerLaw",-82.5008751475355,14,82,"D1"
"Exponential",-25.5922435841092,14,82,"D3"
"PowerLaw",-54.1793342898879,14,82,"D3"
"Exponential",-23.001684364796,14,82,"D5"
"PowerLaw",-85.2180198606227,14,82,"D5"
"Exponential",-11.9264680206898,14,82,"D6"
"PowerLaw",-51.5833028592384,14,82,"D6"
"Exponential",-3.88382168175029,14,82,"D7"
"PowerLaw",-51.6221611054238,14,82,"D7"
"Exponential",-52.0625701384392,14,83,"D0"
"PowerLaw",-110.296702189277,14,83,"D0"
"Exponential",-30.3413811309766,14,83,"D1"
"PowerLaw",-83.2351901700078,14,83,"D1"
"Exponential",-25.6147445061143,14,83,"D3"
"PowerLaw",-52.7532811246529,14,83,"D3"
"Exponential",-20.5489701477611,14,83,"D5"
"PowerLaw",-59.7158804497249,14,83,"D5"
"Exponential",-13.0067539763007,14,83,"D6"
"PowerLaw",-62.8543664252298,14,83,"D6"
"Exponential",-6.82839074462471,14,83,"D7"
"PowerLaw",-47.5470292077554,14,83,"D7"
"Exponential",-52.0497158532801,14,84,"D0"
"PowerLaw",-110.123884227868,14,84,"D0"
"Exponential",-30.4651935154157,14,84,"D1"
"PowerLaw",-83.9882588389678,14,84,"D1"
"Exponential",-25.8521859918257,14,84,"D3"
"PowerLaw",-52.5937623544748,14,84,"D3"
"Exponential",-21.8549760364277,14,84,"D5"
"PowerLaw",-74.6689164729614,14,84,"D5"
"Exponential",-13.3607359933287,14,84,"D6"
"PowerLaw",-55.8622815297484,14,84,"D6"
"Exponential",-6.33760772044964,14,84,"D7"
"PowerLaw",-43.3632794974867,14,84,"D7"
"Exponential",-52.1775714434962,14,85,"D0"
"PowerLaw",-111.424952647121,14,85,"D0"
"Exponential",-30.2512770938704,14,85,"D1"
"PowerLaw",-82.5087538686482,14,85,"D1"
"Exponential",-24.7757009085386,14,85,"D3"
"PowerLaw",-51.1474198722889,14,85,"D3"
"Exponential",-21.704915750789,14,85,"D5"
"PowerLaw",-80.571960798506,14,85,"D5"
"Exponential",-12.023543496771,14,85,"D6"
"PowerLaw",-45.545246460533,14,85,"D6"
"Exponential",-6.73104351804711,14,85,"D7"
"PowerLaw",-51.6082489243845,14,85,"D7"
"Exponential",-51.986599858564,14,86,"D0"
"PowerLaw",-109.509118231395,14,86,"D0"
"Exponential",-30.3074423542796,14,86,"D1"
"PowerLaw",-82.92873568095,14,86,"D1"
"Exponential",-25.373543910717,14,86,"D3"
"PowerLaw",-52.2902371234655,14,86,"D3"
"Exponential",-21.1792664825651,14,86,"D5"
"PowerLaw",-71.8395085559394,14,86,"D5"
"Exponential",-11.8104320310291,14,86,"D6"
"PowerLaw",-42.6396619907884,14,86,"D6"
"Exponential",-2.0049210845998,14,86,"D7"
"PowerLaw",-36.8592495067092,14,86,"D7"
"Exponential",-52.1504915864757,14,87,"D0"
"PowerLaw",-111.394897325774,14,87,"D0"
"Exponential",-30.232739040279,14,87,"D1"
"PowerLaw",-82.2574334161355,14,87,"D1"
"Exponential",-25.9789178357133,14,87,"D3"
"PowerLaw",-53.6214429748696,14,87,"D3"
"Exponential",-22.4026162670007,14,87,"D5"
"PowerLaw",-77.0414253453515,14,87,"D5"
"Exponential",-12.6784984744601,14,87,"D6"
"PowerLaw",-45.2172599165062,14,87,"D6"
"Exponential",-2.87224312244688,14,87,"D7"
"PowerLaw",-41.3519535560467,14,87,"D7"
"Exponential",-52.0251010980718,14,88,"D0"
"PowerLaw",-110.470515406374,14,88,"D0"
"Exponential",-30.2529031585368,14,88,"D1"
"PowerLaw",-82.0923817774303,14,88,"D1"
"Exponential",-25.5990022138841,14,88,"D3"
"PowerLaw",-54.2008999181965,14,88,"D3"
"Exponential",-23.4150601113616,14,88,"D5"
"PowerLaw",-72.8031288372783,14,88,"D5"
"Exponential",-10.2485914098135,14,88,"D6"
"PowerLaw",-37.2081262189626,14,88,"D6"
"Exponential",-2.98118876583617,14,88,"D7"
"PowerLaw",-35.3101598560699,14,88,"D7"
"Exponential",-52.0569823488789,14,89,"D0"
"PowerLaw",-110.03545085794,14,89,"D0"
"Exponential",-30.3296009529353,14,89,"D1"
"PowerLaw",-83.094690871549,14,89,"D1"
"Exponential",-24.5782734651104,14,89,"D3"
"PowerLaw",-52.8814795268953,14,89,"D3"
"Exponential",-22.4392355164396,14,89,"D5"
"PowerLaw",-72.6359759202782,14,89,"D5"
"Exponential",-11.6339780367471,14,89,"D6"
"PowerLaw",-43.8306674148069,14,89,"D6"
"Exponential",-8.34749212278603,14,89,"D7"
"PowerLaw",-50.5679566697008,14,89,"D7"
"Exponential",-52.0699551817706,14,90,"D0"
"PowerLaw",-110.711890570007,14,90,"D0"
"Exponential",-30.2251162508278,14,90,"D1"
"PowerLaw",-82.2900100867833,14,90,"D1"
"Exponential",-24.4849993636741,14,90,"D3"
"PowerLaw",-51.9833827647996,14,90,"D3"
"Exponential",-22.0469707427376,14,90,"D5"
"PowerLaw",-68.4209039260177,14,90,"D5"
"Exponential",-12.0139850021978,14,90,"D6"
"PowerLaw",-59.4457466250098,14,90,"D6"
"Exponential",-3.48482443149667,14,90,"D7"
"PowerLaw",-49.6549333096309,14,90,"D7"
"Exponential",-52.123743067138,14,91,"D0"
"PowerLaw",-111.205944389043,14,91,"D0"
"Exponential",-30.4588786901964,14,91,"D1"
"PowerLaw",-84.0136227823079,14,91,"D1"
"Exponential",-24.1679236868122,14,91,"D3"
"PowerLaw",-51.0240374491813,14,91,"D3"
"Exponential",-20.7702145164758,14,91,"D5"
"PowerLaw",-57.4048822350081,14,91,"D5"
"Exponential",-11.6744667143672,14,91,"D6"
"PowerLaw",-44.7300713326892,14,91,"D6"
"Exponential",-6.51237582242732,14,91,"D7"
"PowerLaw",-39.9773713412511,14,91,"D7"
"Exponential",-51.9463634157636,14,92,"D0"
"PowerLaw",-109.51150279115,14,92,"D0"
"Exponential",-30.3419491950133,14,92,"D1"
"PowerLaw",-83.0023064050308,14,92,"D1"
"Exponential",-24.9759670076601,14,92,"D3"
"PowerLaw",-53.2301549444863,14,92,"D3"
"Exponential",-22.0571816620855,14,92,"D5"
"PowerLaw",-73.9425218165761,14,92,"D5"
"Exponential",-10.9577882147584,14,92,"D6"
"PowerLaw",-38.8226991970652,14,92,"D6"
"Exponential",-4.42014213610741,14,92,"D7"
"PowerLaw",-34.6694736621102,14,92,"D7"
"Exponential",-51.9793769504132,14,93,"D0"
"PowerLaw",-109.826683093011,14,93,"D0"
"Exponential",-30.5098111348304,14,93,"D1"
"PowerLaw",-84.4390651284147,14,93,"D1"
"Exponential",-25.8830461610295,14,93,"D3"
"PowerLaw",-53.0157967187324,14,93,"D3"
"Exponential",-21.6860496102992,14,93,"D5"
"PowerLaw",-66.7792276939619,14,93,"D5"
"Exponential",-10.8202179176264,14,93,"D6"
"PowerLaw",-37.74991343637,14,93,"D6"
"Exponential",-6.87404884630081,14,93,"D7"
"PowerLaw",-65.7165731165414,14,93,"D7"
"Exponential",-52.0342373908513,14,94,"D0"
"PowerLaw",-110.16021185069,14,94,"D0"
"Exponential",-30.2556328990746,14,94,"D1"
"PowerLaw",-82.499373471363,14,94,"D1"
"Exponential",-26.4820741697431,14,94,"D3"
"PowerLaw",-54.111934084673,14,94,"D3"
"Exponential",-21.8220814607005,14,94,"D5"
"PowerLaw",-71.7633679659746,14,94,"D5"
"Exponential",-13.6814033744785,14,94,"D6"
"PowerLaw",-65.1101677383968,14,94,"D6"
"Exponential",-3.38664545501894,14,94,"D7"
"PowerLaw",-33.3215230585773,14,94,"D7"
"Exponential",-52.0833603159291,14,95,"D0"
"PowerLaw",-110.79609830521,14,95,"D0"
"Exponential",-30.3479214910222,14,95,"D1"
"PowerLaw",-83.0719425810503,14,95,"D1"
"Exponential",-24.8977648563551,14,95,"D3"
"PowerLaw",-50.5242273646822,14,95,"D3"
"Exponential",-22.2907648631593,14,95,"D5"
"PowerLaw",-64.5033771625004,14,95,"D5"
"Exponential",-12.3232080920593,14,95,"D6"
"PowerLaw",-42.8140554713566,14,95,"D6"
"Exponential",-2.2750438775277,14,95,"D7"
"PowerLaw",-28.6466337134667,14,95,"D7"
"Exponential",-52.099949614021,14,96,"D0"
"PowerLaw",-111.011000209135,14,96,"D0"
"Exponential",-30.3416445854283,14,96,"D1"
"PowerLaw",-83.1325397458123,14,96,"D1"
"Exponential",-25.8745101805693,14,96,"D3"
"PowerLaw",-52.3704811088154,14,96,"D3"
"Exponential",-21.9708729890215,14,96,"D5"
"PowerLaw",-63.8186453483459,14,96,"D5"
"Exponential",-12.9894687472465,14,96,"D6"
"PowerLaw",-50.1734374900143,14,96,"D6"
"Exponential",-4.28999373626754,14,96,"D7"
"PowerLaw",-40.6067415975798,14,96,"D7"
"Exponential",-52.0938662088364,14,97,"D0"
"PowerLaw",-111.166332262591,14,97,"D0"
"Exponential",-30.2896691567134,14,97,"D1"
"PowerLaw",-82.7275772788294,14,97,"D1"
"Exponential",-24.9086014214931,14,97,"D3"
"PowerLaw",-50.0319442210763,14,97,"D3"
"Exponential",-22.3761579118341,14,97,"D5"
"PowerLaw",-71.9170754483025,14,97,"D5"
"Exponential",-12.8659919966462,14,97,"D6"
"PowerLaw",-68.5541512704434,14,97,"D6"
"Exponential",-4.18756531713922,14,97,"D7"
"PowerLaw",-46.8176799304709,14,97,"D7"
"Exponential",-52.1337478037998,14,98,"D0"
"PowerLaw",-111.358626262303,14,98,"D0"
"Exponential",-30.1960103087035,14,98,"D1"
"PowerLaw",-81.9197041640747,14,98,"D1"
"Exponential",-24.554147066238,14,98,"D3"
"PowerLaw",-52.7047433226922,14,98,"D3"
"Exponential",-22.0413815149971,14,98,"D5"
"PowerLaw",-86.77084141255,14,98,"D5"
"Exponential",-12.6964524954139,14,98,"D6"
"PowerLaw",-48.7981061598331,14,98,"D6"
"Exponential",-1.94462012587914,14,98,"D7"
"PowerLaw",-37.1315253786714,14,98,"D7"
"Exponential",-51.9683353180578,14,99,"D0"
"PowerLaw",-109.401127086145,14,99,"D0"
"Exponential",-30.4632849094166,14,99,"D1"
"PowerLaw",-84.13573777804,14,99,"D1"
"Exponential",-24.4343329546101,14,99,"D3"
"PowerLaw",-51.8176515163956,14,99,"D3"
"Exponential",-22.1669002426208,14,99,"D5"
"PowerLaw",-71.5860857408636,14,99,"D5"
"Exponential",-12.1381268493999,14,99,"D6"
"PowerLaw",-50.0168237947428,14,99,"D6"
"Exponential",-3.16920460371201,14,99,"D7"
"PowerLaw",-35.2712299068207,14,99,"D7"
"Exponential",-51.9974867435893,14,100,"D0"
"PowerLaw",-110.019202718154,14,100,"D0"
"Exponential",-30.2952670494652,14,100,"D1"
"PowerLaw",-82.6649609059417,14,100,"D1"
"Exponential",-25.4185597448715,14,100,"D3"
"PowerLaw",-53.115311709899,14,100,"D3"
"Exponential",-24.4412683132038,14,100,"D5"
"PowerLaw",-68.9443024337296,14,100,"D5"
"Exponential",-13.2320986806432,14,100,"D6"
"PowerLaw",-63.4062003696202,14,100,"D6"
"Exponential",-7.21671745123128,14,100,"D7"
"PowerLaw",-40.4601951555981,14,100,"D7"
