"Exp_slope","Power_slope","Zeta_order1","Zeta_order2","Zeta_order3","Zeta_last","Zeta_half_order","Last_over_first","Common_n","Iteration","Group","DeltaAIC_ExpMinusPower","PowerLaw_better"
-0.0423473013931004,-0.24706636260323,1,0.830800464603281,0.743340848974652,0.517531616123165,0.603512329230639,0.517531616123165,14,1,"D0",58.7796732357995,TRUE
-0.0890468728957195,-0.521619395643518,1,0.686104834202844,0.542404709590306,0.254591399305086,0.341841072153784,0.254591399305086,14,1,"D1",53.0512436652593,TRUE
-0.0730134169460114,-0.450804139990669,1,0.594298179174115,0.470013936437725,0.275699094131548,0.336226073257188,0.275699094131548,14,1,"D3",25.6127613215209,TRUE
-0.123461443306562,-0.71608138876745,1,0.554625121713729,0.408871578491832,0.141772151898734,0.233290014064698,0.141772151898734,14,1,"D5",57.3278334512304,TRUE
-0.135946521029388,-0.829326470197576,1,0.442838929026774,0.285831916702082,0.101519337016575,0.147145027624309,0.101519337016575,14,1,"D6",29.9401309925588,TRUE
-0.187450466321102,-1.07938281376635,1,0.397740488453231,0.260757600930387,0.0503959683225342,0.114116630669546,0.0503959683225342,14,1,"D7",50.4498697563605,TRUE
-0.0423613649112082,-0.247077165547399,1,0.830800464603281,0.743340848974652,0.517531616123165,0.603864061244343,0.517531616123165,14,2,"D0",59.2692585752122,TRUE
-0.0889736982682832,-0.521493211196556,1,0.686104834202844,0.542404709590306,0.254591399305086,0.340626235278191,0.254591399305086,14,2,"D1",52.3159786673208,TRUE
-0.075165405039252,-0.463689642259254,1,0.594296842398108,0.469418556127417,0.270886075949367,0.329050632911392,0.270886075949367,14,2,"D3",26.4148897508346,TRUE
-0.118357075340756,-0.691230932831482,1,0.566492829204694,0.420686657974794,0.154237288135593,0.240716949152542,0.154237288135593,14,2,"D5",54.5884316738012,TRUE
-0.148662040114541,-0.887808066399102,1,0.441656804733728,0.28586456278764,0.0861538461538462,0.142479316239316,0.0861538461538462,14,2,"D6",37.1222266778203,TRUE
-0.181947394303665,-1.08182701100595,1,0.37173633064044,0.233491394450299,0.0532724505327245,0.095261796042618,0.0532724505327245,14,2,"D7",40.6024725191465,TRUE
-0.0423170991162963,-0.246951423217795,1,0.830800464603281,0.743340848974652,0.517531616123165,0.603469102905723,0.517531616123165,14,3,"D0",58.2694098538385,TRUE
-0.0890427178640986,-0.521761914867838,1,0.686104834202844,0.542404709590306,0.254591399305086,0.340909254997518,0.254591399305086,14,3,"D1",52.6136794665849,TRUE
-0.0803913889169768,-0.491674245308725,1,0.584760945022954,0.456233904378009,0.249636098981077,0.315178311499272,0.249636098981077,14,3,"D3",28.1344244362962,TRUE
-0.104198525263522,-0.623727040954707,1,0.557600190736285,0.41553416997204,0.181459566074951,0.251538461538462,0.181459566074951,14,3,"D5",36.8239342332924,TRUE
-0.131668784414392,-0.799111740945917,1,0.462218766703921,0.306319549054862,0.110549589387239,0.161057485786481,0.110549589387239,14,3,"D6",31.5098258075244,TRUE
-0.204224940257626,-1.21038773319261,1,0.334141201264489,0.201159114857745,0.0383561643835616,0.0730109589041096,0.0383561643835616,14,3,"D7",42.4781744397289,TRUE
-0.0422959828549692,-0.24688969385737,1,0.830800464603281,0.743340848974652,0.517531616123165,0.603506407816267,0.517531616123165,14,4,"D0",57.7970893050931,TRUE
-0.0891969851013923,-0.522362674657225,1,0.686104834202844,0.542404709590306,0.254591399305086,0.340338161635305,0.254591399305086,14,4,"D1",53.0501502090201,TRUE
-0.0784582260698469,-0.479016830531834,1,0.590060267790874,0.466874981444646,0.259359320725589,0.325074488614435,0.259359320725589,14,4,"D3",28.5640865296514,TRUE
-0.111388260142461,-0.658446048916757,1,0.552012754085293,0.411274965679111,0.165227403569372,0.24262233736327,0.165227403569372,14,4,"D5",43.1022447666761,TRUE
-0.13589072402482,-0.826823312119377,1,0.451526667540296,0.297143231555497,0.104940374787053,0.149444633730835,0.104940374787053,14,4,"D6",31.1286794444967,TRUE
-0.164090917392431,-0.978665273361463,1,0.384931074397559,0.248395243607282,0.06703146374829,0.115121751025992,0.06703146374829,14,4,"D7",37.3002732661974,TRUE
-0.0423112386994793,-0.246954052822358,1,0.830800464603281,0.743340848974652,0.517531616123165,0.603142832973819,0.517531616123165,14,5,"D0",57.9847838934337,TRUE
-0.0891428558080673,-0.522436512549758,1,0.686104834202844,0.542404709590306,0.254591399305086,0.341654076982086,0.254591399305086,14,5,"D1",52.3466225535614,TRUE
-0.0790185839345473,-0.483876096651485,1,0.590912143557508,0.462881626841815,0.256678889470927,0.319504103370002,0.256678889470927,14,5,"D3",28.1362986327229,TRUE
-0.118632512976278,-0.69445540669654,1,0.556649913227704,0.41087245599405,0.151772634046294,0.236941693524758,0.151772634046294,14,5,"D5",51.0592371207782,TRUE
-0.173527587862907,-1.01573481905816,1,0.439894319682959,0.279519357788843,0.0647291941875826,0.121889696169089,0.0647291941875826,14,5,"D6",53.0381991182041,TRUE
-0.162490503334628,-1.00565181868501,1,0.338638373121132,0.203138815207781,0.0625798212005109,0.0885415070242656,0.0625798212005109,14,5,"D7",26.4117178971393,TRUE
-0.0423361910126694,-0.247019042988051,1,0.830800464603281,0.743340848974652,0.517531616123165,0.603929196802436,0.517531616123165,14,6,"D0",58.653592881426,TRUE
-0.0890235841278086,-0.521987006913017,1,0.686104834202844,0.542404709590306,0.254591399305086,0.341755155453274,0.254591399305086,14,6,"D1",51.728596423218,TRUE
-0.0768448288132874,-0.469818706798381,1,0.598150782361309,0.473567950541635,0.266358463726885,0.330682788051209,0.266358463726885,14,6,"D3",28.3582154788001,TRUE
-0.116016263506556,-0.686451057720313,1,0.551641766024768,0.403369444502651,0.156360664669028,0.232489239989104,0.156360664669028,14,6,"D5",43.8131243873331,TRUE
-0.150895530534144,-0.899106373749195,1,0.444696689720712,0.290731745947944,0.0864790665751544,0.1402306108442,0.0864790665751544,14,6,"D6",39.23459720596,TRUE
-0.196969195876297,-1.18031018575555,1,0.336069584126121,0.194808371840174,0.0395759717314488,0.0731660777385159,0.0395759717314488,14,6,"D7",36.6772906120876,TRUE
-0.0423184896293066,-0.246935555344029,1,0.830800464603281,0.743340848974652,0.517531616123165,0.603797741403375,0.517531616123165,14,7,"D0",58.4257676339643,TRUE
-0.0890971404791799,-0.522307204888227,1,0.686104834202844,0.542404709590306,0.254591399305086,0.33936275438834,0.254591399305086,14,7,"D1",51.7893850053043,TRUE
-0.0804051556120343,-0.491724794449128,1,0.587950607724111,0.459374438252741,0.251662771885673,0.315111989933489,0.251662771885673,14,7,"D3",28.4988261726205,TRUE
-0.113265832858263,-0.668995274926535,1,0.564034640855833,0.417228731533367,0.16317880794702,0.240503311258278,0.16317880794702,14,7,"D5",45.1062925422017,TRUE
-0.127411319813365,-0.783855894009904,1,0.461912004055605,0.304170335387817,0.116545265348595,0.156918487686438,0.116545265348595,14,7,"D6",27.9976971757906,TRUE
-0.185475042760957,-1.1179683009146,1,0.340927365317609,0.205923344947735,0.0487804878048781,0.0798829268292683,0.0487804878048781,14,7,"D7",34.3139006896447,TRUE
-0.0423479928823493,-0.247048343031359,1,0.830800464603281,0.743340848974652,0.517531616123165,0.603419955166434,0.517531616123165,14,8,"D0",58.8850646295816,TRUE
-0.0890405769216814,-0.521666570732006,1,0.686104834202844,0.542404709590306,0.254591399305086,0.34225359866432,0.254591399305086,14,8,"D1",52.9140211615949,TRUE
-0.0807763662071138,-0.49394306495118,1,0.58050636157693,0.452370097026515,0.246341915169476,0.311474717540285,0.246341915169476,14,8,"D3",27.9818263821613,TRUE
-0.119339537585774,-0.706390262106761,1,0.546390864037923,0.396143072613661,0.149019607843137,0.221203921568627,0.149019607843137,14,8,"D5",43.9191998105912,TRUE
-0.137587052172497,-0.831904886388727,1,0.454602999862392,0.29622953075547,0.100178890876565,0.151791055456172,0.100178890876565,14,8,"D6",32.4094782242906,TRUE
-0.197805758168461,-1.14939424847094,1,0.347059096606471,0.218583166983891,0.0422450211225106,0.0944598672299336,0.0422450211225106,14,8,"D7",46.5430780602966,TRUE
-0.042342165467683,-0.247039385252465,1,0.830800464603281,0.743340848974652,0.517531616123165,0.60337199171002,0.517531616123165,14,9,"D0",58.7657425401946,TRUE
-0.0892893799340507,-0.522905413399974,1,0.686104834202844,0.542404709590306,0.254591399305086,0.339828978836695,0.254591399305086,14,9,"D1",52.821837178088,TRUE
-0.0759611001448374,-0.469089793837984,1,0.585040659751157,0.459742536134019,0.264101606275682,0.322546507284273,0.264101606275682,14,9,"D3",25.9044475281961,TRUE
-0.111210054892835,-0.65598005412295,1,0.559609574715315,0.416115606447933,0.165339192529525,0.247059049711618,0.165339192529525,14,9,"D5",44.0997115917738,TRUE
-0.14489863049013,-0.876993358799194,1,0.446609570205076,0.285298970692229,0.09056860742254,0.138012257405516,0.09056860742254,14,9,"D6",32.5838707295373,TRUE
-0.162815706516162,-1.00756918868816,1,0.342962926876796,0.20385346129488,0.0620645978467384,0.0895326155794807,0.0620645978467384,14,9,"D7",26.4902651301186,TRUE
-0.0423077189584289,-0.246938002634838,1,0.830800464603281,0.743340848974652,0.517531616123165,0.603316922556359,0.517531616123165,14,10,"D0",58.0377066644661,TRUE
-0.089073367565951,-0.522064623023566,1,0.686104834202844,0.542404709590306,0.254591399305086,0.338716483913181,0.254591399305086,14,10,"D1",52.101639564967,TRUE
-0.0778579158810718,-0.476091800484905,1,0.589811397518235,0.464829560315016,0.259161314695882,0.324874574990555,0.259161314695882,14,10,"D3",27.9349614862427,TRUE
-0.12399953298572,-0.722097732021785,1,0.546112195015016,0.399500186334042,0.139640923339983,0.227239669421488,0.139640923339983,14,10,"D5",53.7046950595404,TRUE
-0.139944162916312,-0.840614447032453,1,0.460544123739815,0.30600745753349,0.100538599640934,0.153502333931777,0.100538599640934,14,10,"D6",35.6282325500792,TRUE
-0.20706434187834,-1.22049605894522,1,0.346864634338967,0.210366977307429,0.0383299110198494,0.074570841889117,0.0383299110198494,14,10,"D7",46.4303433318592,TRUE
-0.0423427711324414,-0.247054049063006,1,0.830800464603281,0.743340848974652,0.517531616123165,0.603439495833862,0.517531616123165,14,11,"D0",58.7063892212012,TRUE
-0.0890059969470761,-0.521434195201553,1,0.686104834202844,0.542404709590306,0.254591399305086,0.342959252741302,0.254591399305086,14,11,"D1",52.9699177607833,TRUE
-0.0789773387799063,-0.482920309626407,1,0.589865645156747,0.463059459763964,0.256316367630904,0.321351519589894,0.256316367630904,14,11,"D3",28.2999357025425,TRUE
-0.115850080517182,-0.681888308005935,1,0.558732501178544,0.411178749308246,0.156674660271783,0.236261657340794,0.156674660271783,14,11,"D5",47.0874551741968,TRUE
-0.169909170356178,-0.995054303377167,1,0.442217042217042,0.281649831649832,0.065993265993266,0.124906397306397,0.065993265993266,14,11,"D6",49.9673464281438,TRUE
-0.207854623571851,-1.23141963927817,1,0.330059321209764,0.193231547213848,0.0353982300884956,0.0706106194690266,0.0353982300884956,14,11,"D7",42.6298557844346,TRUE
-0.042322634492953,-0.246961047232075,1,0.830800464603281,0.743340848974652,0.517531616123165,0.603566806242863,0.517531616123165,14,12,"D0",58.3990513723073,TRUE
-0.0891628290804522,-0.52239457009153,1,0.686104834202844,0.542404709590306,0.254591399305086,0.341632597806958,0.254591399305086,14,12,"D1",52.7703602825602,TRUE
-0.0812832890682667,-0.495334467974764,1,0.580322003577817,0.453173524150268,0.244837209302326,0.314464744186046,0.244837209302326,14,12,"D3",28.5989344007002,TRUE
-0.106721804174901,-0.638025308623408,1,0.561905354144643,0.416889496921833,0.177310697925088,0.246261924009701,0.177310697925088,14,12,"D5",38.0680483242379,TRUE
-0.171598083001319,-0.998808764903612,1,0.445617682459788,0.285247291826239,0.0647226173541963,0.128379800853485,0.0647226173541963,14,12,"D6",53.3840012029213,TRUE
-0.204136464775003,-1.22229186458413,1,0.330666666666667,0.191205128205128,0.0373333333333333,0.0674333333333333,0.0373333333333333,14,12,"D7",37.4173168539448,TRUE
-0.0423023100263818,-0.246955962350525,1,0.830800464603281,0.743340848974652,0.517531616123165,0.603738527259654,0.517531616123165,14,13,"D0",57.7509392920819,TRUE
-0.0890610403464164,-0.521743070825949,1,0.686104834202844,0.542404709590306,0.254591399305086,0.344330761247236,0.254591399305086,14,13,"D1",53.0345576968714,TRUE
-0.0789831947036886,-0.483656866288469,1,0.583777467438082,0.458118391427024,0.254168210448314,0.318037050759541,0.254168210448314,14,13,"D3",27.68076652351,TRUE
-0.11463164900183,-0.681039248987318,1,0.550171955944452,0.401288581254625,0.158460667798529,0.23096830786644,0.158460667798529,14,13,"D5",41.4330886618043,TRUE
-0.136782720248995,-0.832855223366039,1,0.45865609800036,0.297269475255424,0.103044496487119,0.147419203747073,0.103044496487119,14,13,"D6",30.9061989411386,TRUE
-0.181695672938414,-1.07712864127972,1,0.372079772079772,0.228964862298196,0.0518518518518519,0.0978444444444445,0.0518518518518519,14,13,"D7",41.0951873540737,TRUE
-0.0422733303000039,-0.24682119416779,1,0.830800464603281,0.743340848974652,0.517531616123165,0.60409618068773,0.517531616123165,14,14,"D0",57.3048253005264,TRUE
-0.0890402447112262,-0.521939337462093,1,0.686104834202844,0.542404709590306,0.254591399305086,0.341820224719101,0.254591399305086,14,14,"D1",52.0684622169555,TRUE
-0.0782764918729517,-0.480581925945028,1,0.581834894008158,0.45628913655426,0.256161314413742,0.318126213592233,0.256161314413742,14,14,"D3",27.0616939859065,TRUE
-0.112694067368131,-0.66884606705675,1,0.552884615384615,0.405513686763687,0.161599099099099,0.235717905405405,0.161599099099099,14,14,"D5",41.368452946439,TRUE
-0.146532071700005,-0.878336907231328,1,0.45333491855903,0.29604089882297,0.0919629057187017,0.143305255023184,0.0919629057187017,14,14,"D6",36.7879063151129,TRUE
-0.197885555721885,-1.16459150086434,1,0.33190486393829,0.200423184058282,0.0389972144846797,0.0831323119777159,0.0389972144846797,14,14,"D7",41.5014680929719,TRUE
-0.0423675271771241,-0.247135056802993,1,0.830800464603281,0.743340848974652,0.517531616123165,0.603839783445417,0.517531616123165,14,15,"D0",59.128604453799,TRUE
-0.0889315664404122,-0.521666919206696,1,0.686104834202844,0.542404709590306,0.254591399305086,0.340789224312982,0.254591399305086,14,15,"D1",51.2534129997642,TRUE
-0.0756774622675711,-0.467357908866208,1,0.59005016722408,0.463057413600892,0.266304347826087,0.324140579710145,0.266304347826087,14,15,"D3",26.0312896079211,TRUE
-0.113586858656637,-0.672876685045895,1,0.550057982218786,0.404715887127947,0.160245672808487,0.236209938581798,0.160245672808487,14,15,"D5",42.3789226613959,TRUE
-0.130072167634749,-0.800488500534352,1,0.454588859416446,0.296140583554377,0.111034482758621,0.151190344827586,0.111034482758621,14,15,"D6",27.871073522048,TRUE
-0.181777379155473,-1.13920758672558,1,0.314850287327352,0.172749269079544,0.0458715596330275,0.0596697247706422,0.0458715596330275,14,15,"D7",24.1576882767401,TRUE
-0.0423555770429885,-0.247064640115125,1,0.830800464603281,0.743340848974652,0.517531616123165,0.603395085226071,0.517531616123165,14,16,"D0",59.1356232192726,TRUE
-0.0890352573158447,-0.52178118771286,1,0.686104834202844,0.542404709590306,0.254591399305086,0.341174585984387,0.254591399305086,14,16,"D1",52.5923947536462,TRUE
-0.0749298982063979,-0.463287298497611,1,0.584685888867672,0.460326669702266,0.26732862325759,0.325574183692954,0.26732862325759,14,16,"D3",25.5063066510056,TRUE
-0.119648223980864,-0.705228393405558,1,0.550635814050448,0.400750469043152,0.147967479674797,0.226287804878049,0.147967479674797,14,16,"D5",46.4077138595936,TRUE
-0.134331446241037,-0.812796666739795,1,0.465820777160983,0.312397568067671,0.110652920962199,0.159648109965636,0.110652920962199,14,16,"D6",33.1293384041991,TRUE
-0.215929027380003,-1.22204009474041,1,0.389212758898526,0.246172804398313,0.0345040049291436,0.0973099199014171,0.0345040049291436,14,16,"D7",42.3616126254367,TRUE
-0.0423300171024389,-0.246962172839072,1,0.830800464603281,0.743340848974652,0.517531616123165,0.603376728841518,0.517531616123165,14,17,"D0",58.6667701390714,TRUE
-0.0890359888630528,-0.521387362623625,1,0.686104834202844,0.542404709590306,0.254591399305086,0.344062271558143,0.254591399305086,14,17,"D1",53.6316489442302,TRUE
-0.0766037419510754,-0.472140335620442,1,0.585771437520466,0.459630689502983,0.261706459374422,0.321670923560985,0.261706459374422,14,17,"D3",26.2716238181283,TRUE
-0.108220060988084,-0.641451472533498,1,0.562172143186873,0.417757774140753,0.171849427168576,0.249693398799782,0.171849427168576,14,17,"D5",41.4616282602946,TRUE
-0.154441294725527,-0.920003115736155,1,0.447115384615385,0.288474746407439,0.0817307692307692,0.134355769230769,0.0817307692307692,14,17,"D6",39.7709428817226,TRUE
-0.186428486603026,-1.12211208772428,1,0.364146583030703,0.217205898536371,0.050071530758226,0.0802346208869814,0.050071530758226,14,17,"D7",35.2578459459667,TRUE
-0.0423402976887679,-0.247030728496829,1,0.830800464603281,0.743340848974652,0.517531616123165,0.60272004398765,0.517531616123165,14,18,"D0",58.7084626971362,TRUE
-0.0892209079166411,-0.522356240995997,1,0.686104834202844,0.542404709590306,0.254591399305086,0.342821533324308,0.254591399305086,14,18,"D1",53.6849403642276,TRUE
-0.078276283021087,-0.480077940442207,1,0.586149853113146,0.459734462793417,0.256952169076752,0.319778272154245,0.256952169076752,14,18,"D3",27.4042063148723,TRUE
-0.117651443439483,-0.686310923323347,1,0.55765995081755,0.414793563139048,0.153112731351655,0.242997756590017,0.153112731351655,14,18,"D5",51.9019161716776,TRUE
-0.144971613126134,-0.865389775983343,1,0.451090853221346,0.29897316398648,0.0932090545938748,0.148966711051931,0.0932090545938748,14,18,"D6",38.0271979730942,TRUE
-0.187207265309669,-1.12230919318062,1,0.350492414160234,0.211338834176204,0.0484429065743945,0.0827114186851211,0.0484429065743945,14,18,"D7",36.6507829140824,TRUE
-0.0423045220143178,-0.246911146438685,1,0.830800464603281,0.743340848974652,0.517531616123165,0.603794188554752,0.517531616123165,14,19,"D0",57.994223028294,TRUE
-0.0890983016165623,-0.521677334458392,1,0.686104834202844,0.542404709590306,0.254591399305086,0.342360362799513,0.254591399305086,14,19,"D1",53.584168561468,TRUE
-0.0742667434102114,-0.457940019488601,1,0.590755999278282,0.46677091477717,0.270914777169664,0.331999218139171,0.270914777169664,14,19,"D3",25.9062421730559,TRUE
-0.114389870847763,-0.678828422595242,1,0.554316239316239,0.405555555555556,0.159444444444444,0.230214444444444,0.159444444444444,14,19,"D5",42.1847437679702,TRUE
-0.169577268918278,-0.992638124233055,1,0.437129910205443,0.277529120680548,0.0657752078062884,0.128858691723889,0.0657752078062884,14,19,"D6",48.9634469978549,TRUE
-0.183997699186703,-1.12194812855686,1,0.326688102893891,0.188523373732377,0.045016077170418,0.0731331189710611,0.045016077170418,14,19,"D7",30.186446179657,TRUE
-0.0423509515459651,-0.24705358924978,1,0.830800464603281,0.743340848974652,0.517531616123165,0.604103286384977,0.517531616123165,14,20,"D0",59.0110421568066,TRUE
-0.0892052433615797,-0.522071671223969,1,0.686104834202844,0.542404709590306,0.254591399305086,0.343807048418393,0.254591399305086,14,20,"D1",53.9217277079125,TRUE
-0.0789737252901334,-0.483610554253718,1,0.58476596812649,0.458338561927469,0.253761102048215,0.318581837955411,0.253761102048215,14,20,"D3",27.6508774870636,TRUE
-0.111604621687022,-0.652681703606675,1,0.569699336196798,0.427361273807974,0.165820642978003,0.255498025944726,0.165820642978003,14,20,"D5",48.5007114588063,TRUE
-0.166894506351132,-0.98388631941144,1,0.421501804227046,0.266323958989633,0.0677587490692479,0.124822040208488,0.0677587490692479,14,20,"D6",44.4414155486561,TRUE
-0.210257469851024,-1.23488599104985,1,0.364411749027134,0.216749293672371,0.0388080388080388,0.0762189882189882,0.0388080388080388,14,20,"D7",49.3885348480339,TRUE
-0.042400464954663,-0.247204630846425,1,0.830800464603281,0.743340848974652,0.517531616123165,0.603714841602166,0.517531616123165,14,21,"D0",60.0075935083,TRUE
-0.0889082987140477,-0.521539959301141,1,0.686104834202844,0.542404709590306,0.254591399305086,0.342014800776138,0.254591399305086,14,21,"D1",51.433377017766,TRUE
-0.0781676007347928,-0.480103946735603,1,0.588409452272603,0.459605789791107,0.256949394155381,0.3192982893799,0.256949394155381,14,21,"D3",27.1615792251974,TRUE
-0.122975943964231,-0.717559827186658,1,0.553260961750488,0.405298532779238,0.142778390297685,0.227700661521499,0.142778390297685,14,21,"D5",54.5802057361161,TRUE
-0.143978551177408,-0.865600802003216,1,0.450930166369117,0.295259903231649,0.0941809619912546,0.143870837537841,0.0941809619912546,14,21,"D6",35.3421767989751,TRUE
-0.183795441748417,-1.09220874351341,1,0.331740403884692,0.202276347566929,0.0467601870407482,0.0913787575150301,0.0467601870407482,14,21,"D7",36.2425543378659,TRUE
-0.0422840577114572,-0.246891333852246,1,0.830800464603281,0.743340848974652,0.517531616123165,0.603935710358246,0.517531616123165,14,22,"D0",57.3733128223824,TRUE
-0.0890849500335002,-0.521871879717792,1,0.686104834202844,0.542404709590306,0.254591399305086,0.342768467126935,0.254591399305086,14,22,"D1",52.9702104232536,TRUE
-0.0780976073924278,-0.480708937351707,1,0.589172551149737,0.460166576136158,0.258555133079848,0.31723700887199,0.258555133079848,14,22,"D3",26.9490306358969,TRUE
-0.12764237203753,-0.740288508210473,1,0.541468232195764,0.395259519367936,0.131811697574893,0.223724393723252,0.131811697574893,14,22,"D5",55.2822979504183,TRUE
-0.123487891492752,-0.764566274318748,1,0.453446686469323,0.298102529960053,0.121171770972037,0.159876830892144,0.121171770972037,14,22,"D6",26.3312262502279,TRUE
-0.22693634505468,-1.31724545590783,1,0.32182103610675,0.187205651491366,0.0267857142857143,0.066125,0.0267857142857143,14,22,"D7",52.8353558560972,TRUE
-0.0423751750112252,-0.247167956588931,1,0.830800464603281,0.743340848974652,0.517531616123165,0.603185467157298,0.517531616123165,14,23,"D0",59.2849316059173,TRUE
-0.0892242917786117,-0.522367097402554,1,0.686104834202844,0.542404709590306,0.254591399305086,0.342037543432156,0.254591399305086,14,23,"D1",53.6754228583503,TRUE
-0.0771851143066384,-0.472855354792173,1,0.58878476958662,0.464711464325959,0.261757902852737,0.325224749421743,0.261757902852737,14,23,"D3",27.5482235245839,TRUE
-0.108693566848273,-0.642910300472284,1,0.562814070351759,0.418885927613777,0.170325310764348,0.251570483998942,0.170325310764348,14,23,"D5",42.178026109853,TRUE
-0.14205803691847,-0.86507258409899,1,0.440408278120283,0.279744698268144,0.0931160625207848,0.137071499833721,0.0931160625207848,14,23,"D6",30.6603360355781,TRUE
-0.191424342714574,-1.11270594679073,1,0.367661115862555,0.232907380389395,0.0457815565729235,0.101928057553957,0.0457815565729235,14,23,"D7",47.7709990147863,TRUE
-0.0423360763946485,-0.246995486135166,1,0.830800464603281,0.743340848974652,0.517531616123165,0.60365858816563,0.517531616123165,14,24,"D0",58.7661409385727,TRUE
-0.0890782490537143,-0.521884969235198,1,0.686104834202844,0.542404709590306,0.254591399305086,0.343084969089843,0.254591399305086,14,24,"D1",52.8246445200432,TRUE
-0.0790274532221186,-0.485412678374601,1,0.584421867440735,0.456327320478264,0.254088050314465,0.315438993710692,0.254088050314465,14,24,"D3",27.2001103584259,TRUE
-0.110916467496759,-0.649649365345083,1,0.564658387818684,0.424557900741586,0.167712492869367,0.255793496862521,0.167712492869367,14,24,"D5",47.7117954498746,TRUE
-0.139877397136467,-0.838160255900872,1,0.463704526520411,0.308442099416829,0.101083032490975,0.15601155234657,0.101083032490975,14,24,"D6",36.5315778952765,TRUE
-0.19296661246874,-1.14534288914122,1,0.352515169309062,0.211734194558622,0.044529262086514,0.0842226463104326,0.044529262086514,14,24,"D7",41.2292227209045,TRUE
-0.0423309599827114,-0.247009518004472,1,0.830800464603281,0.743340848974652,0.517531616123165,0.603107896629023,0.517531616123165,14,25,"D0",58.4787917255967,TRUE
-0.0891065438609273,-0.521986357601795,1,0.686104834202844,0.542404709590306,0.254591399305086,0.342123460132666,0.254591399305086,14,25,"D1",52.9738513361287,TRUE
-0.0765459165914644,-0.471757415594092,1,0.588951151865059,0.461368653421634,0.262693156732892,0.32176821192053,0.262693156732892,14,25,"D3",26.3916782074851,TRUE
-0.121766723865276,-0.706987169508709,1,0.560378918206394,0.415838155454769,0.146383967470229,0.238605866976474,0.146383967470229,14,25,"D5",58.0412275220562,TRUE
-0.12617114036921,-0.778443229034865,1,0.45335186901452,0.296480794974771,0.117135207496653,0.157982597054886,0.117135207496653,14,25,"D6",27.1401104482461,TRUE
-0.193359364591291,-1.10020222923394,1,0.404044409199048,0.262316613798573,0.0451030927835052,0.117538659793814,0.0451030927835052,14,25,"D7",39.0233649780955,TRUE
-0.0423222597274856,-0.246968872820455,1,0.830800464603281,0.743340848974652,0.517531616123165,0.60363312608383,0.517531616123165,14,26,"D0",58.3399094246232,TRUE
-0.089065338093612,-0.521901521558123,1,0.686104834202844,0.542404709590306,0.254591399305086,0.341843599115563,0.254591399305086,14,26,"D1",52.5424805672804,TRUE
-0.0741988579498652,-0.45853828483503,1,0.592258696717295,0.467620914117729,0.272611464968153,0.330308280254777,0.272611464968153,14,26,"D3",25.8188831953939,TRUE
-0.125010492657781,-0.72626878504249,1,0.557238373955952,0.409234614316536,0.13996112191058,0.228327131352402,0.13996112191058,14,26,"D5",60.1395652535517,TRUE
-0.134004674400072,-0.816663396295255,1,0.44959456497918,0.293460990576375,0.104700854700855,0.151611823361823,0.104700854700855,14,26,"D6",30.1783855946939,TRUE
-0.232712936314752,-1.35365659970234,1,0.313957971852709,0.184162328899171,0.0263157894736842,0.0624912280701754,0.0263157894736842,14,26,"D7",54.8621757337881,TRUE
-0.0423393077568465,-0.247076837089628,1,0.830800464603281,0.743340848974652,0.517531616123165,0.604041111534069,0.517531616123165,14,27,"D0",58.3991142274662,TRUE
-0.0890765628607566,-0.521876749281087,1,0.686104834202844,0.542404709590306,0.254591399305086,0.341930147556518,0.254591399305086,14,27,"D1",52.9397115381375,TRUE
-0.0806564888362643,-0.491900957989609,1,0.581866184552251,0.455720086665806,0.248088043275508,0.316886774855437,0.248088043275508,14,27,"D3",28.497830941955,TRUE
-0.107125102376375,-0.638681358668634,1,0.561715393040694,0.417495155446963,0.176341730558598,0.247725629791895,0.176341730558598,14,27,"D5",39.2466114817735,TRUE
-0.142146338210431,-0.860973731097935,1,0.440963606286187,0.284170802315964,0.0940860215053763,0.140926747311828,0.0940860215053763,14,27,"D6",32.3435076792672,TRUE
-0.217425118414421,-1.26985789741203,1,0.335108705142757,0.198135859600105,0.0317820658342792,0.0717956867196368,0.0317820658342792,14,27,"D7",52.6919942760516,TRUE
-0.0423387745815135,-0.247034119306753,1,0.830800464603281,0.743340848974652,0.517531616123165,0.604169606225944,0.517531616123165,14,28,"D0",58.6458667961669,TRUE
-0.0891175944448732,-0.522085578949706,1,0.686104834202844,0.542404709590306,0.254591399305086,0.34135842245386,0.254591399305086,14,28,"D1",52.811990883104,TRUE
-0.0790830379924506,-0.485386146707518,1,0.582146072393147,0.454379170894125,0.252275682704811,0.315079323797139,0.252275682704811,14,28,"D3",27.1550566845311,TRUE
-0.0999278753015469,-0.601724936943083,1,0.563921993499458,0.422160180015001,0.193391115926327,0.258871072589382,0.193391115926327,14,28,"D5",34.536723279017,TRUE
-0.167982847978006,-0.997501734366732,1,0.432752278906125,0.268764326456634,0.0679140679140679,0.118340263340263,0.0679140679140679,14,28,"D6",41.9438558497126,TRUE
-0.183237517701873,-1.12656069748335,1,0.327293918203009,0.191883873702056,0.0482093663911846,0.0697878787878788,0.0482093663911846,14,28,"D7",28.3349533764628,TRUE
-0.0422948997352043,-0.246869261942391,1,0.830800464603281,0.743340848974652,0.517531616123165,0.603875904073087,0.517531616123165,14,29,"D0",57.8840671546198,TRUE
-0.089086172245792,-0.522061813722874,1,0.686104834202844,0.542404709590306,0.254591399305086,0.342849329903885,0.254591399305086,14,29,"D1",52.5773706733126,TRUE
-0.0828880236286974,-0.505695351168255,1,0.579815026963592,0.450634273100673,0.241554667635307,0.307000726480203,0.241554667635307,14,29,"D3",28.9704558842372,TRUE
-0.113492664471424,-0.675466180915186,1,0.549726424203412,0.402328076386654,0.160111576011158,0.231021478382148,0.160111576011158,14,29,"D5",40.2870367373118,TRUE
-0.152339713140533,-0.908738133676788,1,0.462517716789074,0.296456642185285,0.0844221105527638,0.137894137353434,0.0844221105527638,14,29,"D6",38.8126636070393,TRUE
-0.205184119124424,-1.22653487904737,1,0.332151949283682,0.188638746068986,0.036340038935756,0.0676924075275795,0.036340038935756,14,29,"D7",38.2100065083292,TRUE
-0.0423049961739552,-0.246954363398478,1,0.830800464603281,0.743340848974652,0.517531616123165,0.603508184240579,0.517531616123165,14,30,"D0",57.8494909873628,TRUE
-0.0891010646139382,-0.522487730764663,1,0.686104834202844,0.542404709590306,0.254591399305086,0.340697621948468,0.254591399305086,14,30,"D1",51.6113706130641,TRUE
-0.0791202520758177,-0.484036560321811,1,0.58464985350721,0.457912046877693,0.253547423450336,0.318019044062733,0.253547423450336,14,30,"D3",27.8686036249547,TRUE
-0.120494670680072,-0.699680636104806,1,0.564742102445119,0.419462787792254,0.150232018561485,0.240598607888631,0.150232018561485,14,30,"D5",59.0435100626248,TRUE
-0.120605290891887,-0.748089655614715,1,0.455747111027697,0.305024532804247,0.126873475078425,0.164837922621122,0.126873475078425,14,30,"D6",26.0120696459851,TRUE
-0.160327703959074,-0.994939084765117,1,0.342910101946247,0.208809597363814,0.0655957161981258,0.0907001338688086,0.0655957161981258,14,30,"D7",25.9729163274315,TRUE
-0.0423538668506947,-0.247036417049324,1,0.830800464603281,0.743340848974652,0.517531616123165,0.604122234910967,0.517531616123165,14,31,"D0",59.1914711671425,TRUE
-0.0893642764600232,-0.522822869794142,1,0.686104834202844,0.542404709590306,0.254591399305086,0.342608636794368,0.254591399305086,14,31,"D1",54.2710405037048,TRUE
-0.0790183412246896,-0.485524075368302,1,0.585599633767757,0.457933362898957,0.255160870373814,0.314787799888414,0.255160870373814,14,31,"D3",27.2924524976191,TRUE
-0.126331459676822,-0.7329563717659,1,0.560129136400323,0.410566834295648,0.139359698681733,0.228086629001883,0.139359698681733,14,31,"D5",64.0849921630182,TRUE
-0.136766554555479,-0.826371693161859,1,0.458864598549182,0.301799905919636,0.103636948825233,0.154063083360155,0.103636948825233,14,31,"D6",33.2184536397408,TRUE
-0.181804100367486,-1.09636654240574,1,0.327745574181419,0.195806569533657,0.0475220638153428,0.0833727087576375,0.0475220638153428,14,31,"D7",32.9719758456691,TRUE
-0.0423165184179027,-0.246959079721658,1,0.830800464603281,0.743340848974652,0.517531616123165,0.603810176373557,0.517531616123165,14,32,"D0",58.1751572121166,TRUE
-0.0890426202249471,-0.521608750840377,1,0.686104834202844,0.542404709590306,0.254591399305086,0.342443120797798,0.254591399305086,14,32,"D1",52.9388517912398,TRUE
-0.0772880616109796,-0.471873536038058,1,0.593951398332644,0.470606929580796,0.263643351268255,0.329642966948501,0.263643351268255,14,32,"D3",28.4503043510947,TRUE
-0.122120120174747,-0.710814723852741,1,0.554231840582815,0.408238697235912,0.144289693593315,0.232715877437326,0.144289693593315,14,32,"D5",55.1705057071877,TRUE
-0.169694913765155,-0.985766555934834,1,0.449795233631026,0.292001776286574,0.0673508659397049,0.133574727389352,0.0673508659397049,14,32,"D6",55.3298273584205,TRUE
-0.193952368484504,-1.13694636532436,1,0.367897368553967,0.22874892671347,0.0459619172685489,0.0947458962573867,0.0459619172685489,14,32,"D7",48.194385005836,TRUE
-0.0423249971880115,-0.246982982169459,1,0.830800464603281,0.743340848974652,0.517531616123165,0.603833269889608,0.517531616123165,14,33,"D0",58.3767663614713,TRUE
-0.0889675284049754,-0.521736418644823,1,0.686104834202844,0.542404709590306,0.254591399305086,0.340325526826407,0.254591399305086,14,33,"D1",51.7349884416269,TRUE
-0.0806844466834862,-0.491989064397094,1,0.586768461813089,0.459252190151869,0.249910746162085,0.317341663691539,0.249910746162085,14,33,"D3",28.9608625144721,TRUE
-0.11852635270315,-0.693130302676043,1,0.561782906472285,0.415027857913629,0.152304609218437,0.236813627254509,0.152304609218437,14,33,"D5",52.5899621845367,TRUE
-0.138427861483833,-0.839199460604601,1,0.445787273039693,0.291626095423564,0.0990320178704393,0.147198064035741,0.0990320178704393,14,33,"D6",31.919754180585,TRUE
-0.199610906910878,-1.20368362920964,1,0.324846642418978,0.188806253732154,0.0395201129146083,0.0667297106563162,0.0395201129146083,14,33,"D7",34.3978103516684,TRUE
-0.0423193377335528,-0.246890245554357,1,0.830800464603281,0.743340848974652,0.517531616123165,0.604468045510299,0.517531616123165,14,34,"D0",58.555765606173,TRUE
-0.0890394776477748,-0.521658930941066,1,0.686104834202844,0.542404709590306,0.254591399305086,0.343179730156581,0.254591399305086,14,34,"D1",52.7257394581049,TRUE
-0.079781648534055,-0.487766532212813,1,0.587283462373977,0.460897900072411,0.253439536567705,0.317554670528602,0.253439536567705,14,34,"D3",28.4046810930925,TRUE
-0.116788650968654,-0.686357973492734,1,0.554659213618751,0.408329627982807,0.154142581888247,0.235583815028902,0.154142581888247,14,34,"D5",47.5828018873048,TRUE
-0.138835173246228,-0.841292344738683,1,0.445317357146894,0.290284293223309,0.097722263041881,0.14655767817781,0.097722263041881,14,34,"D6",31.8577656107037,TRUE
-0.189291808682694,-1.11905517559065,1,0.363626751255617,0.225852498017446,0.0481099656357388,0.0916302405498282,0.0481099656357388,14,34,"D7",43.7800586556626,TRUE
-0.0423134321001767,-0.246966083109362,1,0.830800464603281,0.743340848974652,0.517531616123165,0.603772279321575,0.517531616123165,14,35,"D0",58.0605824706638,TRUE
-0.089088702777092,-0.521895871236961,1,0.686104834202844,0.542404709590306,0.254591399305086,0.341945309327196,0.254591399305086,14,35,"D1",53.008967448979,TRUE
-0.0803799853477658,-0.489790934243629,1,0.590950385767943,0.463457131622124,0.251718667371761,0.319050943063635,0.251718667371761,14,35,"D3",29.1250158315619,TRUE
-0.111115595293477,-0.65839262567517,1,0.552591973244147,0.407044314381271,0.163586956521739,0.241347826086957,0.163586956521739,14,35,"D5",41.2730628716836,TRUE
-0.123852251550236,-0.759006127626706,1,0.465124993308709,0.311158396231465,0.12178148921364,0.169295755045233,0.12178148921364,14,35,"D6",28.5671119788941,TRUE
-0.166315308640188,-0.991735413971494,1,0.368754465348893,0.231983805668016,0.0606811145510836,0.111393188854489,0.0606811145510836,14,35,"D7",34.9288044525342,TRUE
-0.0423117041601141,-0.246937211088733,1,0.830800464603281,0.743340848974652,0.517531616123165,0.603207968531912,0.517531616123165,14,36,"D0",58.1295691483813,TRUE
-0.0890558657119018,-0.522068463579122,1,0.686104834202844,0.542404709590306,0.254591399305086,0.340784802129868,0.254591399305086,14,36,"D1",51.9194846354033,TRUE
-0.0781010072625674,-0.479833830791669,1,0.586979174101089,0.459147551279672,0.257190573390239,0.318931898311375,0.257190573390239,14,36,"D3",27.0793511179825,TRUE
-0.120274944536729,-0.706779186701275,1,0.550918127560463,0.401532638758916,0.147607461476075,0.226217896728846,0.147607461476075,14,36,"D5",48.8015279637424,TRUE
-0.142628578792782,-0.858389098705697,1,0.450235478806907,0.293642072213501,0.0952380952380952,0.145995238095238,0.0952380952380952,14,36,"D6",34.6694579077633,TRUE
-0.18714326195852,-1.08925373231894,1,0.371911015813455,0.23956043956044,0.0487804878048781,0.105482926829268,0.0487804878048781,14,36,"D7",47.3304670291732,TRUE
-0.042347615356712,-0.247043747469934,1,0.830800464603281,0.743340848974652,0.517531616123165,0.604238294632661,0.517531616123165,14,37,"D0",58.8371759378389,TRUE
-0.0889267611549013,-0.521355057474698,1,0.686104834202844,0.542404709590306,0.254591399305086,0.342484815667163,0.254591399305086,14,37,"D1",52.1509210957985,TRUE
-0.0783045551618947,-0.477832022982092,1,0.588950259703324,0.465557501459428,0.258805215022378,0.326500486475968,0.258805215022378,14,37,"D3",28.439653013371,TRUE
-0.118299881680453,-0.691436963774853,1,0.558394725780403,0.413840401761023,0.153005464480874,0.238583836640782,0.153005464480874,14,37,"D5",52.4264226636932,TRUE
-0.164673549130431,-0.971996396508561,1,0.445265204109969,0.283310191613441,0.0707581227436823,0.124503971119134,0.0707581227436823,14,37,"D6",44.6342046231707,TRUE
-0.204387238446264,-1.23197711731951,1,0.319458176784655,0.178193593039351,0.0359897172236504,0.0633149100257069,0.0359897172236504,14,37,"D7",34.6182296311794,TRUE
-0.0423643155464335,-0.247143161078026,1,0.830800464603281,0.743340848974652,0.517531616123165,0.603700630207673,0.517531616123165,14,38,"D0",58.9653363109907,TRUE
-0.0890039005610795,-0.52182233718352,1,0.686104834202844,0.542404709590306,0.254591399305086,0.34131988628672,0.254591399305086,14,38,"D1",52.0196433516402,TRUE
-0.0813747588357839,-0.498408177085756,1,0.577482131483971,0.448000849196801,0.244710211591536,0.308023183072677,0.244710211591536,14,38,"D3",27.7762302680483,TRUE
-0.10915043436664,-0.6486336180811,1,0.557435897435897,0.412884615384615,0.171111111111111,0.244988333333333,0.171111111111111,14,38,"D5",40.6791474598086,TRUE
-0.128941656487207,-0.78818562725476,1,0.453215379380742,0.30275865679064,0.114324600204151,0.159220823409323,0.114324600204151,14,38,"D6",29.5463485776941,TRUE
-0.179010765249004,-1.06834219346941,1,0.351997652696953,0.21981514988508,0.0534011443102352,0.0959262555626192,0.0534011443102352,14,38,"D7",37.3919583887415,TRUE
-0.0423437074453988,-0.247037465803085,1,0.830800464603281,0.743340848974652,0.517531616123165,0.603950513894176,0.517531616123165,14,39,"D0",58.8196314961806,TRUE
-0.0890348523235877,-0.521672031433839,1,0.686104834202844,0.542404709590306,0.254591399305086,0.341570055502911,0.254591399305086,14,39,"D1",52.8411775947198,TRUE
-0.0800845938803216,-0.48967211382838,1,0.583541910006118,0.455392402247066,0.250542299349241,0.315597252349964,0.250542299349241,14,39,"D3",28.079980694122,TRUE
-0.128543003933322,-0.739837519504787,1,0.557826338701722,0.409362870193648,0.132701421800948,0.230525787566211,0.132701421800948,14,39,"D5",59.2298414607949,TRUE
-0.174676389993313,-1.01342052169696,1,0.444415083370769,0.284094812779114,0.0625214702851254,0.127803503950532,0.0625214702851254,14,39,"D6",54.3850747564019,TRUE
-0.192042863515014,-1.1358212666611,1,0.371883289124668,0.23159151193634,0.0482758620689655,0.0891075862068966,0.0482758620689655,14,39,"D7",44.3561255991065,TRUE
-0.0423655955934022,-0.247156944488577,1,0.830800464603281,0.743340848974652,0.517531616123165,0.602971704098465,0.517531616123165,14,40,"D0",58.9801973237951,TRUE
-0.0889118733233549,-0.521160738215052,1,0.686104834202844,0.542404709590306,0.254591399305086,0.343798204052164,0.254591399305086,14,40,"D1",52.3242568867841,TRUE
-0.0833137758637742,-0.507853825867443,1,0.580463672519158,0.450320801518784,0.239596469104666,0.306035308953342,0.239596469104666,14,40,"D3",29.1262219614715,TRUE
-0.10948777051868,-0.64822203065861,1,0.562831108285654,0.416857385039203,0.16969696969697,0.248741046831956,0.16969696969697,14,40,"D5",42.3136139708661,TRUE
-0.13930605428239,-0.84107589871971,1,0.455445544554455,0.298335328038298,0.099009900990099,0.149925742574257,0.099009900990099,14,40,"D6",33.3403317483235,TRUE
-0.174152511912047,-1.05271985268991,1,0.346704011203361,0.211713514054216,0.0546163849154746,0.090927178153446,0.0546163849154746,14,40,"D7",32.6535997393293,TRUE
-0.0423009146371569,-0.246888208233912,1,0.830800464603281,0.743340848974652,0.517531616123165,0.603893076174766,0.517531616123165,14,41,"D0",58.0162809497438,TRUE
-0.0890951893586457,-0.522335603887054,1,0.686104834202844,0.542404709590306,0.254591399305086,0.341558684174902,0.254591399305086,14,41,"D1",51.9356047736066,TRUE
-0.0818389005575888,-0.500538537396282,1,0.577776513427401,0.448786697769686,0.243343195266272,0.307197485207101,0.243343195266272,14,41,"D3",28.0698119280363,TRUE
-0.120300402816618,-0.700703044183756,1,0.552469752469752,0.408436008436008,0.145454545454545,0.235733333333333,0.145454545454545,14,41,"D5",51.4192022615383,TRUE
-0.141980466322278,-0.852140178821897,1,0.459077778966513,0.302637209799936,0.0973574408901252,0.150475660639777,0.0973574408901252,14,41,"D6",35.9339604250473,TRUE
-0.164272080744155,-1.01026492214525,1,0.359957293202501,0.21938075143627,0.0647719762062128,0.0928922670191672,0.0647719762062128,14,41,"D7",28.2043623920061,TRUE
-0.0423024100287026,-0.246919502232456,1,0.830800464603281,0.743340848974652,0.517531616123165,0.604466861227425,0.517531616123165,14,42,"D0",57.8857718044781,TRUE
-0.0891338983978895,-0.522265956483541,1,0.686104834202844,0.542404709590306,0.254591399305086,0.342238436893642,0.254591399305086,14,42,"D1",52.6163683697118,TRUE
-0.0757145322295171,-0.465519549501047,1,0.596123022124803,0.471073361189123,0.269278717720392,0.330434906500445,0.269278717720392,14,42,"D3",27.0728604080564,TRUE
-0.11388288159376,-0.677497496154964,1,0.546735432898058,0.400757160100955,0.159771754636234,0.229659914407989,0.159771754636234,14,42,"D5",40.6081711421481,TRUE
-0.136489830172708,-0.822577124427818,1,0.454791258402997,0.30208617567534,0.103837471783296,0.157006772009029,0.103837471783296,14,42,"D6",33.8391355502177,TRUE
-0.17724255010109,-1.09259941577832,1,0.336653870450459,0.194567277321541,0.0530638029058749,0.0755893872394188,0.0530638029058749,14,42,"D7",27.6687217712543,TRUE
-0.0422771819756625,-0.2467985039909,1,0.830800464603281,0.743340848974652,0.517531616123165,0.603978936683162,0.517531616123165,14,43,"D0",57.5242626780733,TRUE
-0.0889895843147471,-0.521302023808601,1,0.686104834202844,0.542404709590306,0.254591399305086,0.340705834574252,0.254591399305086,14,43,"D1",53.0774528633007,TRUE
-0.0801526581571586,-0.489681469392805,1,0.586990474314418,0.459287191681558,0.250960307298335,0.315938540332907,0.250960307298335,14,43,"D3",28.4428570646849,TRUE
-0.0992413770731651,-0.594437848757882,1,0.569784423567365,0.429234692765438,0.194389345423633,0.267440068007934,0.194389345423633,14,43,"D5",36.1297041932655,TRUE
-0.130345385704557,-0.802195046122788,1,0.443089983946015,0.287883322902778,0.108949416342412,0.150117438981252,0.108949416342412,14,43,"D6",27.7276649287751,TRUE
-0.21680402049339,-1.2355667462067,1,0.358055325797261,0.225369910853782,0.033452807646356,0.0910501792114695,0.033452807646356,14,43,"D7",46.3883910152441,TRUE
-0.0423482398244047,-0.247103865863955,1,0.830800464603281,0.743340848974652,0.517531616123165,0.603812544939305,0.517531616123165,14,44,"D0",58.6257809947072,TRUE
-0.0892264449963893,-0.522815124688218,1,0.686104834202844,0.542404709590306,0.254591399305086,0.341414647353459,0.254591399305086,14,44,"D1",52.4537586103864,TRUE
-0.0786010491254213,-0.482185615157879,1,0.581454443971152,0.455817335233031,0.253962192094711,0.31831621157151,0.253962192094711,14,44,"D3",27.1190457990449,TRUE
-0.11217392025709,-0.658653818000411,1,0.567244294167371,0.423341081994928,0.165384615384615,0.2511,0.165384615384615,14,44,"D5",47.831035003187,TRUE
-0.145939516881974,-0.881136023923277,1,0.446362584976446,0.289018645454289,0.0924092409240924,0.137946461312798,0.0924092409240924,14,44,"D6",33.9658314746776,TRUE
-0.165718611616267,-0.978571343486369,1,0.40197157988569,0.261470295212626,0.0668029993183367,0.121781867757328,0.0668029993183367,14,44,"D7",41.7860013493867,TRUE
-0.0423388803607051,-0.247062623041944,1,0.830800464603281,0.743340848974652,0.517531616123165,0.60344423296536,0.517531616123165,14,45,"D0",58.5406734970144,TRUE
-0.0889479138374011,-0.521534970018237,1,0.686104834202844,0.542404709590306,0.254591399305086,0.341332521095618,0.254591399305086,14,45,"D1",51.9733249451761,TRUE
-0.0780932892237095,-0.47918826688708,1,0.588851727982163,0.461594202898551,0.258695652173913,0.320858695652174,0.258695652173913,14,45,"D3",27.4339943114075,TRUE
-0.111889262966633,-0.656727247661377,1,0.5601105481345,0.418909433879494,0.163672654690619,0.251145708582834,0.163672654690619,14,45,"D5",46.2098645085965,TRUE
-0.150080018834298,-0.897051956975308,1,0.454898002549936,0.294066085847854,0.0870165745856354,0.140343232044199,0.0870165745856354,14,45,"D6",38.034120651921,TRUE
-0.153069970877614,-0.946197066609076,1,0.362785196865914,0.223328241265461,0.0717488789237668,0.101659192825112,0.0717488789237668,14,45,"D7",26.590134641956,TRUE
-0.0423462081102224,-0.247031012521194,1,0.830800464603281,0.743340848974652,0.517531616123165,0.604530812502644,0.517531616123165,14,46,"D0",58.9208087061369,TRUE
-0.0891623648150466,-0.522106849184507,1,0.686104834202844,0.542404709590306,0.254591399305086,0.342732457921574,0.254591399305086,14,46,"D1",53.4222452683333,TRUE
-0.0768174150525531,-0.470340487704544,1,0.591938392831582,0.46751452864218,0.263118719761816,0.328815035355415,0.263118719761816,14,46,"D3",27.597149642106,TRUE
-0.124839154154578,-0.729194378674151,1,0.556242860529776,0.405435696273466,0.141216026898291,0.222925189128607,0.141216026898291,14,46,"D5",56.0109623172172,TRUE
-0.127822251902212,-0.787246050584052,1,0.454743674255869,0.299148116221287,0.115359261700725,0.154987475280158,0.115359261700725,14,46,"D6",27.7267414857032,TRUE
-0.189939505964575,-1.12773069817082,1,0.351521147662627,0.21219391540935,0.045016077170418,0.0854405144694534,0.045016077170418,14,46,"D7",40.2498298448536,TRUE
-0.0423447914383688,-0.247081640592674,1,0.830800464603281,0.743340848974652,0.517531616123165,0.603351858901155,0.517531616123165,14,47,"D0",58.6429815235496,TRUE
-0.0889493289130117,-0.521494586269948,1,0.686104834202844,0.542404709590306,0.254591399305086,0.340879563196607,0.254591399305086,14,47,"D1",51.9356713036627,TRUE
-0.0770456814475038,-0.471739023684974,1,0.593256658066209,0.467558781941954,0.262649232518476,0.328210725791169,0.262649232518476,14,47,"D3",27.6970947417494,TRUE
-0.120499185084345,-0.699514172457284,1,0.55959232087159,0.41657514387383,0.14791547687036,0.239671045117076,0.14791547687036,14,47,"D5",56.076929100294,TRUE
-0.156525742794677,-0.92759324533404,1,0.442673605464303,0.284870168591099,0.0789288231148696,0.136097956307259,0.0789288231148696,14,47,"D6",41.7137770441091,TRUE
-0.240985570924648,-1.38864750205302,1,0.338461538461538,0.197135122941575,0.024633431085044,0.0640551319648094,0.024633431085044,14,47,"D7",72.5028202601551,TRUE
-0.0422866473607834,-0.246784274729178,1,0.830800464603281,0.743340848974652,0.517531616123165,0.604697796387937,0.517531616123165,14,48,"D0",57.9106899023915,TRUE
-0.0892415284296572,-0.522400116232869,1,0.686104834202844,0.542404709590306,0.254591399305086,0.343575199675105,0.254591399305086,14,48,"D1",53.6409370852817,TRUE
-0.0779846004615595,-0.480691447386954,1,0.581668095743289,0.45448269848421,0.256565274891366,0.31574985830342,0.256565274891366,14,48,"D3",26.3878459735557,TRUE
-0.113800989905961,-0.672616059300397,1,0.559925558312655,0.412727460711332,0.161827956989247,0.238545698924731,0.161827956989247,14,48,"D5",44.586539851203,TRUE
-0.163149042940274,-0.94985054653908,1,0.449515055975633,0.295896010901221,0.0729419937478291,0.141843001042028,0.0729419937478291,14,48,"D6",50.2340634220394,TRUE
-0.199089658446329,-1.20344113574013,1,0.320403243480167,0.18310322156476,0.0398860398860399,0.0661150997150997,0.0398860398860399,14,48,"D7",33.4054943244032,TRUE
-0.042349462651498,-0.247097280699711,1,0.830800464603281,0.743340848974652,0.517531616123165,0.603581609778793,0.517531616123165,14,49,"D0",58.7029098078778,TRUE
-0.0891861664615006,-0.522208824385389,1,0.686104834202844,0.542404709590306,0.254591399305086,0.341722936690583,0.254591399305086,14,49,"D1",53.2553168663944,TRUE
-0.0803409752927446,-0.49256876185916,1,0.57676251642096,0.449445336447234,0.247058823529412,0.31152789373814,0.247058823529412,14,49,"D3",27.3129525290241,TRUE
-0.111032347138233,-0.662850935043588,1,0.547402159244264,0.401537196356275,0.165021929824561,0.23303399122807,0.165021929824561,14,49,"D5",38.5743071421436,TRUE
-0.149204303509244,-0.889525365103235,1,0.446851477877731,0.289320464738126,0.0859188544152745,0.140897374701671,0.0859188544152745,14,49,"D6",37.97437611285,TRUE
-0.152123100680473,-0.904440622425,1,0.419955406911929,0.277591973244147,0.0811594202898551,0.138427536231884,0.0811594202898551,14,49,"D7",38.2245550201565,TRUE
-0.042376267699561,-0.247123035974277,1,0.830800464603281,0.743340848974652,0.517531616123165,0.603646153195449,0.517531616123165,14,50,"D0",59.5302737934581,TRUE
-0.089021466217659,-0.521478042624529,1,0.686104834202844,0.542404709590306,0.254591399305086,0.341391904697441,0.254591399305086,14,50,"D1",52.974285566974,TRUE
-0.0764997507605307,-0.472567812003269,1,0.583551433773327,0.456112027765134,0.26146449704142,0.319778846153846,0.26146449704142,14,50,"D3",25.7836866184858,TRUE
-0.116178241511741,-0.683961822624639,1,0.558240492591198,0.411880661808678,0.157212784336309,0.237020443420674,0.157212784336309,14,50,"D5",47.4364058499944,TRUE
-0.138768747841295,-0.841327718719868,1,0.445226648351648,0.29090831043956,0.0989583333333333,0.147265625,0.0989583333333333,14,50,"D6",31.9380441779748,TRUE
-0.186045674156663,-1.13267256121709,1,0.332899328159992,0.197307431904588,0.0473933649289099,0.0733270142180095,0.0473933649289099,14,50,"D7",31.005981760449,TRUE
-0.0423632517593149,-0.247034990017069,1,0.830800464603281,0.743340848974652,0.517531616123165,0.604730956308421,0.517531616123165,14,51,"D0",59.4790587085846,TRUE
-0.0890836307217356,-0.521985413061956,1,0.686104834202844,0.542404709590306,0.254591399305086,0.341810748612427,0.254591399305086,14,51,"D1",52.6475747161056,TRUE
-0.0801576293970898,-0.489300227527995,1,0.588795986622074,0.460597826086957,0.251086956521739,0.31751847826087,0.251086956521739,14,51,"D3",28.6176340134645,TRUE
-0.120125267847955,-0.706149151116938,1,0.551221493149807,0.402344668390792,0.147818838566268,0.225536537927202,0.147818838566268,14,51,"D5",48.6789279962881,TRUE
-0.128928066395528,-0.796535274105484,1,0.451693136772288,0.293597948027049,0.113169417312226,0.150171101380936,0.113169417312226,14,51,"D6",27.0228908427877,TRUE
-0.165622999970242,-1.00045312109011,1,0.372627947096032,0.232140487459636,0.0644048303622772,0.103683726279471,0.0644048303622772,14,51,"D7",33.1130601487931,TRUE
-0.0423110425524298,-0.246959521757135,1,0.830800464603281,0.743340848974652,0.517531616123165,0.603492196421774,0.517531616123165,14,52,"D0",58.0269399731786,TRUE
-0.0891193859429136,-0.521806238403362,1,0.686104834202844,0.542404709590306,0.254591399305086,0.343546139614638,0.254591399305086,14,52,"D1",53.636217871429,TRUE
-0.0766320659933817,-0.472232929137825,1,0.581989775855289,0.457636347136937,0.261502162799843,0.321413684624459,0.261502162799843,14,52,"D3",26.2082998206962,TRUE
-0.114083534311966,-0.675898988015956,1,0.557421307753666,0.408074775530239,0.16006381281574,0.2355655410795,0.16006381281574,14,52,"D5",42.9892927286114,TRUE
-0.160332755366156,-0.941262978924983,1,0.438878089419606,0.288031102471536,0.075812274368231,0.136745126353791,0.075812274368231,14,52,"D6",47.1806680581718,TRUE
-0.187087339905605,-1.13308221034856,1,0.327549894694614,0.19060274796911,0.045632333767927,0.075612777053455,0.045632333767927,14,52,"D7",32.3928017970623,TRUE
-0.0423278567651591,-0.247009133463113,1,0.830800464603281,0.743340848974652,0.517531616123165,0.603405151630504,0.517531616123165,14,53,"D0",58.3891503845411,TRUE
-0.0892489948156457,-0.522585727296977,1,0.686104834202844,0.542404709590306,0.254591399305086,0.34204449257705,0.254591399305086,14,53,"D1",53.4041188735738,TRUE
-0.0769898171704844,-0.470615925084362,1,0.593712834216747,0.469900303933516,0.264554304256537,0.329848444359611,0.264554304256537,14,53,"D3",28.1616668680116,TRUE
-0.12284340341442,-0.713135639180161,1,0.558329088130413,0.413065627145673,0.145119493233516,0.233759285919954,0.145119493233516,14,53,"D5",59.2550417953195,TRUE
-0.166856941322989,-0.988701012445271,1,0.433817476965561,0.270584955258756,0.0676561960648947,0.119582326544701,0.0676561960648947,14,53,"D6",42.4143083115975,TRUE
-0.219851231778959,-1.26302518498478,1,0.337321937321937,0.200569800569801,0.0282828282828283,0.0805023569023569,0.0282828282828283,14,53,"D7",42.8706398133145,TRUE
-0.0423429195833157,-0.247047576758528,1,0.830800464603281,0.743340848974652,0.517531616123165,0.603419363024997,0.517531616123165,14,54,"D0",58.7519224529989,TRUE
-0.0889503561688694,-0.52139669451065,1,0.686104834202844,0.542404709590306,0.254591399305086,0.34144307567348,0.254591399305086,14,54,"D1",52.2701054768798,TRUE
-0.074489570084459,-0.45930891581338,1,0.591317824923603,0.46811077157019,0.271431286827599,0.331343090667174,0.271431286827599,14,54,"D3",26.1088071938322,TRUE
-0.122211209143397,-0.71206429414425,1,0.554896645205015,0.406218231108099,0.142621145374449,0.231824889867841,0.142621145374449,14,54,"D5",53.0433667726702,TRUE
-0.146108814365073,-0.87240109699687,1,0.458472779296426,0.300871164703778,0.0929923613417469,0.148299568249751,0.0929923613417469,14,54,"D6",38.4137927271887,TRUE
-0.207680307224796,-1.22760400059519,1,0.344066785927251,0.201152852315643,0.0361757105943152,0.0718720930232558,0.0361757105943152,14,54,"D7",44.6882656230784,TRUE
-0.0423626667592312,-0.247160213681603,1,0.830800464603281,0.743340848974652,0.517531616123165,0.603194349278856,0.517531616123165,14,55,"D0",58.823919123813,TRUE
-0.0891059999902754,-0.521850192765964,1,0.686104834202844,0.542404709590306,0.254591399305086,0.340824601777898,0.254591399305086,14,55,"D1",53.2442951218254,TRUE
-0.0798959470527874,-0.489198294240485,1,0.584025828186412,0.455481471083661,0.25036496350365,0.315099635036496,0.25036496350365,14,55,"D3",27.7648066815692,TRUE
-0.118436272633516,-0.691492496116706,1,0.569073164817846,0.421076559374432,0.154452324665091,0.240702915681639,0.154452324665091,14,55,"D5",55.1755868576131,TRUE
-0.151061681057287,-0.897606104606373,1,0.457302195887069,0.300426307745931,0.0878354827466016,0.143454862321366,0.0878354827466016,14,55,"D6",41.2325393023426,TRUE
-0.193288157679328,-1.14307901339234,1,0.342657342657343,0.209913326110509,0.0448143405889885,0.0851830985915493,0.0448143405889885,14,55,"D7",41.9930214854237,TRUE
-0.0423168457317753,-0.246971784046598,1,0.830800464603281,0.743340848974652,0.517531616123165,0.603848665566975,0.517531616123165,14,56,"D0",58.1759499292755,TRUE
-0.0891972451175022,-0.522379868620589,1,0.686104834202844,0.542404709590306,0.254591399305086,0.342415955958666,0.254591399305086,14,56,"D1",53.105012002561,TRUE
-0.0790618112930887,-0.487095832034527,1,0.583414417169386,0.453393011036668,0.252981568485725,0.312363932056379,0.252981568485725,14,56,"D3",26.6403239495309,TRUE
-0.114762106104776,-0.677035927460007,1,0.561061354314891,0.413001171842304,0.159956474428727,0.238224700761698,0.159956474428727,14,56,"D5",45.9589055118167,TRUE
-0.181934485784051,-1.05892653853825,1,0.424309392265193,0.266270009916419,0.0567219152854512,0.115867403314917,0.0567219152854512,14,56,"D6",56.396114652011,TRUE
-0.162678096987784,-1.00282097635791,1,0.353324641460235,0.213997866540239,0.0647149460708783,0.0922295839753467,0.0647149460708783,14,56,"D7",27.5204618385684,TRUE
-0.0423408102004089,-0.247022713471001,1,0.830800464603281,0.743340848974652,0.517531616123165,0.603501078543332,0.517531616123165,14,57,"D0",58.7930267970091,TRUE
-0.0889678577761192,-0.521662718730751,1,0.686104834202844,0.542404709590306,0.254591399305086,0.343710392130319,0.254591399305086,14,57,"D1",51.8333370714398,TRUE
-0.0797836143545243,-0.489991191451614,1,0.584471603163192,0.455268760714483,0.251617541337168,0.312858734723221,0.251617541337168,14,57,"D3",27.3962004010948,TRUE
-0.120768676651899,-0.706133220648043,1,0.549139246023099,0.404173022444977,0.146742209631728,0.230484419263456,0.146742209631728,14,57,"D5",51.7102362056794,TRUE
-0.151441901466096,-0.907457589568646,1,0.438657233177781,0.277924130663857,0.0821917808219178,0.134593607305936,0.0821917808219178,14,57,"D6",35.9967867909275,TRUE
-0.191437024786408,-1.12181240926609,1,0.354983922829582,0.22099925797675,0.045016077170418,0.09348038585209,0.045016077170418,14,57,"D7",45.1682715584808,TRUE
-0.0423291716883153,-0.247007637325439,1,0.830800464603281,0.743340848974652,0.517531616123165,0.603268959099945,0.517531616123165,14,58,"D0",58.4621716079522,TRUE
-0.0889519624875365,-0.521757812643096,1,0.686104834202844,0.542404709590306,0.254591399305086,0.340475881052299,0.254591399305086,14,58,"D1",51.4792666387819,TRUE
-0.077497191529443,-0.47559617452778,1,0.587134365252192,0.46138396798305,0.259755164498852,0.32240168324407,0.259755164498852,14,58,"D3",27.2115291566135,TRUE
-0.111344319538077,-0.658382533173407,1,0.564692674712321,0.42076685593385,0.168958742632613,0.244939096267191,0.168958742632613,14,58,"D5",44.4865451997651,TRUE
-0.18147287699311,-1.05059966247114,1,0.43381003699065,0.279046398508723,0.0583112457402499,0.120900416508898,0.0583112457402499,14,58,"D6",63.4324968434799,TRUE
-0.201046972570363,-1.22397478310307,1,0.321734228463076,0.177778916619689,0.0373084610259827,0.060271818787475,0.0373084610259827,14,58,"D7",31.2018355691737,TRUE
-0.0422888540764192,-0.246785776034973,1,0.830800464603281,0.743340848974652,0.517531616123165,0.604369157890285,0.517531616123165,14,59,"D0",57.965705887203,TRUE
-0.0891092852715072,-0.522045846093412,1,0.686104834202844,0.542404709590306,0.254591399305086,0.341987004196562,0.254591399305086,14,59,"D1",52.8373807408966,TRUE
-0.0781341070479181,-0.479216597491031,1,0.586637801101642,0.459791455427366,0.256857855361596,0.320980049875312,0.256857855361596,14,59,"D3",27.3229786453505,TRUE
-0.12878124561348,-0.745729909614715,1,0.547201388458439,0.398334676336288,0.131614289551437,0.221213537469782,0.131614289551437,14,59,"D5",59.751177424964,TRUE
-0.157020019131183,-0.929683027809758,1,0.449401344923733,0.290880761030015,0.0796019900497512,0.135965174129353,0.0796019900497512,14,59,"D6",43.0794166634961,TRUE
-0.23065129395604,-1.35772765825245,1,0.324588706091596,0.184575860876439,0.0269749518304432,0.0579961464354528,0.0269749518304432,14,59,"D7",48.345181377616,TRUE
-0.0423259623112739,-0.247022927980577,1,0.830800464603281,0.743340848974652,0.517531616123165,0.602723596836273,0.517531616123165,14,60,"D0",58.2685337856917,TRUE
-0.0891564821542971,-0.521716766435458,1,0.686104834202844,0.542404709590306,0.254591399305086,0.344103966427508,0.254591399305086,14,60,"D1",54.5026192700615,TRUE
-0.0811579391760981,-0.496183074452311,1,0.58652501344809,0.456004572350726,0.247202797202797,0.312474125874126,0.247202797202797,14,60,"D3",28.3734892691199,TRUE
-0.111283147062672,-0.65569714866129,1,0.563119193342433,0.421535819646867,0.168288494562106,0.249619919862622,0.168288494562106,14,60,"D5",45.878058140999,TRUE
-0.13929418735765,-0.838941455065091,1,0.445169573125067,0.291457152027388,0.0973574408901252,0.151556328233658,0.0973574408901252,14,60,"D6",33.4646705245827,TRUE
-0.202338797112573,-1.19486897578192,1,0.345030491066652,0.206831068792126,0.0389429763560501,0.0779054242002782,0.0389429763560501,14,60,"D7",44.7358749474971,TRUE
-0.0423273437017233,-0.246956913035091,1,0.830800464603281,0.743340848974652,0.517531616123165,0.604414160639513,0.517531616123165,14,61,"D0",58.6249534397461,TRUE
-0.089105407764666,-0.522100594031742,1,0.686104834202844,0.542404709590306,0.254591399305086,0.342764676684265,0.254591399305086,14,61,"D1",52.728337340422,TRUE
-0.0747139856549048,-0.458323038662493,1,0.596646942800789,0.473858406550714,0.271950271950272,0.336097902097902,0.271950271950272,14,61,"D3",27.1245517976777,TRUE
-0.123382179349724,-0.718626208650124,1,0.554717143842704,0.40530139703346,0.141255605381166,0.229681614349776,0.141255605381166,14,61,"D5",55.03517198973,TRUE
-0.140788765078204,-0.853715543319275,1,0.44926522043387,0.291408731226786,0.0979706088173548,0.143624912526242,0.0979706088173548,14,61,"D6",32.3101339875152,TRUE
-0.185949614098488,-1.13940251370517,1,0.326104746317512,0.189238952536825,0.0465425531914894,0.0694414893617021,0.0465425531914894,14,61,"D7",29.227063973178,TRUE
-0.0423715642248205,-0.247138907258426,1,0.830800464603281,0.743340848974652,0.517531616123165,0.603170663621368,0.517531616123165,14,62,"D0",59.2950191657774,TRUE
-0.0892204933448808,-0.522520312034134,1,0.686104834202844,0.542404709590306,0.254591399305086,0.342909345246153,0.254591399305086,14,62,"D1",53.1794793312746,TRUE
-0.0794376676602466,-0.487463702657417,1,0.584991783823261,0.456749202960633,0.253058243563995,0.313324447690341,0.253058243563995,14,62,"D3",27.536173752914,TRUE
-0.113650293941565,-0.668967012503944,1,0.563185346420798,0.414667953509384,0.160704751735184,0.243340630005339,0.160704751735184,14,62,"D5",45.9703898846385,TRUE
-0.138059631002613,-0.834456465971197,1,0.458624127617149,0.300828284377636,0.102359587902958,0.152566965769359,0.102359587902958,14,62,"D6",33.2570760900139,TRUE
-0.144456284547698,-0.878552579312226,1,0.385185185185185,0.256151256151256,0.0848484848484849,0.129422222222222,0.0848484848484849,14,62,"D7",29.799289245595,TRUE
-0.0423555558750795,-0.247091091804123,1,0.830800464603281,0.743340848974652,0.517531616123165,0.604446728418559,0.517531616123165,14,63,"D0",58.962378847995,TRUE
-0.0891073750668465,-0.522065709306691,1,0.686104834202844,0.542404709590306,0.254591399305086,0.340844817472136,0.254591399305086,14,63,"D1",52.8398334233884,TRUE
-0.0823418258623157,-0.501589260247206,1,0.581282836824376,0.451605971970002,0.24220580284736,0.310406920165796,0.24220580284736,14,63,"D3",28.9694772477249,TRUE
-0.10665436883192,-0.639448694898691,1,0.553552714315657,0.408572626283798,0.175476839237057,0.243355858310627,0.175476839237057,14,63,"D5",36.4659196890911,TRUE
-0.137222055156323,-0.835471914950079,1,0.461701376632545,0.299845230660621,0.103776914931168,0.146883868690434,0.103776914931168,14,63,"D6",31.0584532055754,TRUE
-0.191635349223052,-1.13926092908866,1,0.356960574970054,0.218348002708192,0.0473933649289099,0.0849289099526066,0.0473933649289099,14,63,"D7",40.7299640059221,TRUE
-0.042260875735569,-0.246746687924017,1,0.830800464603281,0.743340848974652,0.517531616123165,0.603850441991287,0.517531616123165,14,64,"D0",57.2315623475421,TRUE
-0.0890030797067494,-0.521548529356896,1,0.686104834202844,0.542404709590306,0.254591399305086,0.341921934930734,0.254591399305086,14,64,"D1",52.7445064769453,TRUE
-0.0785376223011802,-0.480192944541409,1,0.592616159240867,0.466711853153141,0.259305880237367,0.324442006833303,0.259305880237367,14,64,"D3",28.4045151603412,TRUE
-0.118504110675306,-0.691467429644028,1,0.556199607757681,0.41235563303552,0.15070821529745,0.24016940509915,0.15070821529745,14,64,"D5",51.7074501354047,TRUE
-0.147608416189719,-0.881795399382553,1,0.440534011443102,0.28723458359822,0.0879338842975207,0.14608132231405,0.0879338842975207,14,64,"D6",37.0901998145804,TRUE
-0.189817078559018,-1.11239058293401,1,0.375224227076079,0.232589427033871,0.0480109739368999,0.0978655692729767,0.0480109739368999,14,64,"D7",48.1636758949881,TRUE
-0.042376332510726,-0.247149242911606,1,0.830800464603281,0.743340848974652,0.517531616123165,0.603843336294041,0.517531616123165,14,65,"D0",59.4398642943003,TRUE
-0.0889917475344948,-0.521871557989795,1,0.686104834202844,0.542404709590306,0.254591399305086,0.341053291818961,0.254591399305086,14,65,"D1",51.8167497726198,TRUE
-0.0727463134459579,-0.449960300720195,1,0.595079438762522,0.471369101990087,0.27798325871131,0.337496204010123,0.27798325871131,14,65,"D3",25.4716297192776,TRUE
-0.132317656322287,-0.769116010388264,1,0.544215960057544,0.391681475839892,0.127062706270627,0.210311881188119,0.127062706270627,14,65,"D5",62.1616417240016,TRUE
-0.137686930542065,-0.832663098949178,1,0.455879997864731,0.298604067688037,0.102012491325468,0.151337959750173,0.102012491325468,14,65,"D6",32.8847893474997,TRUE
-0.200455460565624,-1.19989022467288,1,0.346208712827828,0.201305826840777,0.0399429386590585,0.0700199714693295,0.0399429386590585,14,65,"D7",37.7735112708605,TRUE
-0.0423696559253363,-0.24711678143124,1,0.830800464603281,0.743340848974652,0.517531616123165,0.603970054561604,0.517531616123165,14,66,"D0",59.3765550309218,TRUE
-0.0890432735100043,-0.521751640406,1,0.686104834202844,0.542404709590306,0.254591399305086,0.341130995893687,0.254591399305086,14,66,"D1",52.6607077122791,TRUE
-0.0786543912995289,-0.480194355259243,1,0.587736474052263,0.464482885535517,0.257224880382775,0.323805933014354,0.257224880382775,14,66,"D3",28.4169021197532,TRUE
-0.119630839528437,-0.703644813469596,1,0.542921766334792,0.395163506457818,0.146194009343226,0.226085188238527,0.146194009343226,14,66,"D5",46.5542113193941,TRUE
-0.14613154449915,-0.87056599679558,1,0.451582152786972,0.299007017079306,0.091566265060241,0.148559036144578,0.091566265060241,14,66,"D6",38.8719247764769,TRUE
-0.142263825032974,-0.876987866514729,1,0.378080069710026,0.246042503751755,0.0881057268722467,0.124537444933921,0.0881057268722467,14,66,"D7",26.9046792009559,TRUE
-0.0422908433199815,-0.24688537490963,1,0.830800464603281,0.743340848974652,0.517531616123165,0.603149938671065,0.517531616123165,14,67,"D0",57.6403634036759,TRUE
-0.0890827030953533,-0.521935955571009,1,0.686104834202844,0.542404709590306,0.254591399305086,0.342749514913587,0.254591399305086,14,67,"D1",52.7969386464425,TRUE
-0.0766951726954221,-0.467980215405381,1,0.589959060547296,0.468741342690923,0.263305322128852,0.332991596638655,0.263305322128852,14,67,"D3",27.9449329256478,TRUE
-0.117522364664742,-0.693701774934622,1,0.551025991792066,0.403714616436915,0.153214774281806,0.22926292749658,0.153214774281806,14,67,"D5",45.6329273474282,TRUE
-0.131566350254068,-0.798321912724673,1,0.465864271355505,0.308570192625767,0.111147866357923,0.16121071782997,0.111147866357923,14,67,"D6",31.6812328084227,TRUE
-0.184136921314247,-1.08795493745567,1,0.344985197112138,0.212720095569522,0.0472653612424038,0.0957312626603646,0.0472653612424038,14,67,"D7",38.5733874007245,TRUE
-0.0423522211656557,-0.247119884479689,1,0.830800464603281,0.743340848974652,0.517531616123165,0.603315738273485,0.517531616123165,14,68,"D0",58.6816604361476,TRUE
-0.0891501520148447,-0.522233497053941,1,0.686104834202844,0.542404709590306,0.254591399305086,0.341709670141239,0.254591399305086,14,68,"D1",52.8596978425329,TRUE
-0.0805986582194405,-0.494510129526963,1,0.576850970551758,0.448710738080817,0.246719160104987,0.308724409448819,0.246719160104987,14,68,"D3",27.3005575278017,TRUE
-0.111005440268841,-0.651287473774234,1,0.565373402108096,0.424770127831352,0.16734693877551,0.254991836734694,0.16734693877551,14,68,"D5",47.3367862232668,TRUE
-0.135281492051014,-0.825432271103106,1,0.460037035183424,0.298871427856464,0.104749512036435,0.1484619388419,0.104749512036435,14,68,"D6",30.1849852100561,TRUE
-0.187790724167766,-1.11572712770773,1,0.368461538461538,0.227857142857143,0.05,0.09084,0.05,14,68,"D7",41.3462837925241,TRUE
-0.0423334003605999,-0.24702798875422,1,0.830800464603281,0.743340848974652,0.517531616123165,0.604139407012646,0.517531616123165,14,69,"D0",58.4884098229088,TRUE
-0.0892440928825761,-0.522309726504922,1,0.686104834202844,0.542404709590306,0.254591399305086,0.343235323315735,0.254591399305086,14,69,"D1",54.1193951970603,TRUE
-0.0765987081149344,-0.46998771450225,1,0.594103976965463,0.469423698095558,0.266007980239407,0.327636709101273,0.266007980239407,14,69,"D3",27.5340667082748,TRUE
-0.110406185807074,-0.658788502663285,1,0.549096655704096,0.404401400931107,0.167129372570794,0.235924486396446,0.167129372570794,14,69,"D5",38.8061224478244,TRUE
-0.169752172207118,-0.994822794304047,1,0.441575430115171,0.281544149011801,0.0672828096118299,0.126424399260628,0.0672828096118299,14,69,"D6",50.65045890624,TRUE
-0.16950547672793,-1.02278950053817,1,0.367993815229996,0.228546579049092,0.0615577889447236,0.0993718592964824,0.0615577889447236,14,69,"D7",33.6694506864328,TRUE
-0.0423520490632644,-0.247032197838419,1,0.830800464603281,0.743340848974652,0.517531616123165,0.60452725965402,0.517531616123165,14,70,"D0",59.0208046963897,TRUE
-0.0891707282989973,-0.522308880765489,1,0.686104834202844,0.542404709590306,0.254591399305086,0.341695771851451,0.254591399305086,14,70,"D1",53.0480293744696,TRUE
-0.077116804711361,-0.473471103000957,1,0.591146398252997,0.466701375330817,0.263207369806355,0.325337469449145,0.263207369806355,14,70,"D3",27.3517144077245,TRUE
-0.119560893367892,-0.702237853287944,1,0.561375235025517,0.409120023140974,0.150416330915928,0.230178350792372,0.150416330915928,14,70,"D5",49.910019160216,TRUE
-0.14957133397504,-0.894013473228614,1,0.442842968301217,0.285589325813358,0.0855397148676171,0.140213849287169,0.0855397148676171,14,70,"D6",37.0745392235565,TRUE
-0.225854485889766,-1.30655315907389,1,0.355968548963545,0.210699950514103,0.0300214438884918,0.0718213009292352,0.0300214438884918,14,70,"D7",68.5362753220263,TRUE
-0.0423318459327823,-0.247064040771443,1,0.830800464603281,0.743340848974652,0.517531616123165,0.603719578733663,0.517531616123165,14,71,"D0",58.291060210162,TRUE
-0.0890676306673763,-0.521644801405889,1,0.686104834202844,0.542404709590306,0.254591399305086,0.341305356256487,0.254591399305086,14,71,"D1",53.3855662171876,TRUE
-0.077240162805062,-0.472185947193632,1,0.595482317573868,0.470550166316405,0.263434051022254,0.328973403292926,0.263434051022254,14,71,"D3",28.2225004369985,TRUE
-0.117580423620532,-0.68994982217762,1,0.556493951152705,0.411618351974435,0.153709198813056,0.236645697329377,0.153709198813056,14,71,"D5",49.4036265470039,TRUE
-0.149647192429003,-0.89681753221761,1,0.42497577329038,0.269676016867028,0.0810350697991147,0.136725229826353,0.0810350697991147,14,71,"D6",34.3199904283413,TRUE
-0.196986575500035,-1.13109589234428,1,0.371895092279939,0.236551181830797,0.042092603728202,0.104389657245941,0.042092603728202,14,71,"D7",44.6284975300797,TRUE
-0.0423347169810725,-0.246986448611321,1,0.830800464603281,0.743340848974652,0.517531616123165,0.603529501332318,0.517531616123165,14,72,"D0",58.7571975784876,TRUE
-0.088971913596941,-0.521582037478874,1,0.686104834202844,0.542404709590306,0.254591399305086,0.341226388700871,0.254591399305086,14,72,"D1",52.1938695350663,TRUE
-0.0773749153572526,-0.475552079181359,1,0.586998422989311,0.460676946440044,0.26044039483675,0.321649202733485,0.26044039483675,14,72,"D3",26.961044259996,TRUE
-0.127956982380409,-0.743607551968772,1,0.546976163214323,0.396669095451233,0.132611637347767,0.219676860622463,0.132611637347767,14,72,"D5",57.6254937388994,TRUE
-0.144099413113115,-0.867636701859686,1,0.453130761855594,0.293949897976744,0.0939597315436242,0.143069351230425,0.0939597315436242,14,72,"D6",34.7546445266056,TRUE
-0.174156073157464,-1.07690804156703,1,0.320693391115926,0.185500965660182,0.0514390691977955,0.0747323943661972,0.0514390691977955,14,72,"D7",26.7119921948961,TRUE
-0.0423441572398953,-0.247040082420181,1,0.830800464603281,0.743340848974652,0.517531616123165,0.603337647506662,0.517531616123165,14,73,"D0",58.7622657068288,TRUE
-0.0890780810298148,-0.522276115651248,1,0.686104834202844,0.542404709590306,0.254591399305086,0.341585217273589,0.254591399305086,14,73,"D1",51.8568603119666,TRUE
-0.0771222543053673,-0.470093073348831,1,0.599283790911362,0.475369902562252,0.265247203175749,0.333776975821003,0.265247203175749,14,73,"D3",28.9128559839472,TRUE
-0.12433106154844,-0.723233117320228,1,0.550238440804478,0.401948994401825,0.139622641509434,0.230075471698113,0.139622641509434,14,73,"D5",55.2809927167893,TRUE
-0.165882184607096,-0.966984606526767,1,0.442726452776704,0.289498775930937,0.0703517587939698,0.136449581239531,0.0703517587939698,14,73,"D6",51.5346684258861,TRUE
-0.14687305819292,-0.903076857318883,1,0.358193572566289,0.226412442612199,0.0767356881851401,0.115998781973203,0.0767356881851401,14,73,"D7",26.6119912456314,TRUE
-0.0423348993650538,-0.247025622890512,1,0.830800464603281,0.743340848974652,0.517531616123165,0.604207503277926,0.517531616123165,14,74,"D0",58.5004281066743,TRUE
-0.0890225812664962,-0.521989465356884,1,0.686104834202844,0.542404709590306,0.254591399305086,0.342411533775552,0.254591399305086,14,74,"D1",51.778362833791,TRUE
-0.0775744247913937,-0.47649256433738,1,0.587030913012221,0.460941768511862,0.259065420560748,0.321594392523364,0.259065420560748,14,74,"D3",27.0201960880368,TRUE
-0.119171845791427,-0.692379173967069,1,0.557283856672859,0.415769566482397,0.15071283095723,0.243421588594705,0.15071283095723,14,74,"D5",53.8934068611073,TRUE
-0.157744882186364,-0.943051041118303,1,0.420354697859954,0.261710958977953,0.0735809390329362,0.125901892081289,0.0735809390329362,14,74,"D6",36.1811137217391,TRUE
-0.177388384949566,-1.07208784551035,1,0.354597845151591,0.214783262340266,0.0547231270358306,0.0882228013029316,0.0547231270358306,14,74,"D7",33.3555858045085,TRUE
-0.0423599960130679,-0.24707009380574,1,0.830800464603281,0.743340848974652,0.517531616123165,0.603470287188597,0.517531616123165,14,75,"D0",59.2504426586749,TRUE
-0.0890458152177155,-0.521723820305574,1,0.686104834202844,0.542404709590306,0.254591399305086,0.342040070393935,0.254591399305086,14,75,"D1",52.6213391374192,TRUE
-0.0766445173099806,-0.470825875269873,1,0.591117561683599,0.466574746008708,0.264150943396226,0.326215849056604,0.264150943396226,14,75,"D3",27.1060213429911,TRUE
-0.118214143719696,-0.689100746749258,1,0.559188523147333,0.415122777679986,0.152173913043478,0.242052631578947,0.152173913043478,14,75,"D5",52.8743397971203,TRUE
-0.148695571145412,-0.886457628280473,1,0.438456280561544,0.28648982596351,0.0861244019138756,0.142602870813397,0.0861244019138756,14,75,"D6",37.651613887303,TRUE
-0.164476774527072,-1.00760488602588,1,0.357703520968827,0.214481946624804,0.0612244897959184,0.0931530612244898,0.0612244897959184,14,75,"D7",28.8036031523342,TRUE
-0.0422849998808333,-0.246877949939856,1,0.830800464603281,0.743340848974652,0.517531616123165,0.60383919130398,0.517531616123165,14,76,"D0",57.4791870940086,TRUE
-0.0890982639801012,-0.522028613608174,1,0.686104834202844,0.542404709590306,0.254591399305086,0.340467668426515,0.254591399305086,14,76,"D1",52.7191980786739,TRUE
-0.0803731320323302,-0.491107937068907,1,0.586853457480887,0.460064921197625,0.251341847121969,0.314428650749584,0.251341847121969,14,76,"D3",28.6212251482035,TRUE
-0.121475375509265,-0.705206663142601,1,0.561762974911176,0.416276129651023,0.146783791442335,0.238722017568716,0.146783791442335,14,76,"D5",57.8649835545557,TRUE
-0.126092692105696,-0.779664376274249,1,0.45050589050589,0.295121275121275,0.116036036036036,0.154645765765766,0.116036036036036,14,76,"D6",26.6665728965492,TRUE
-0.175182940220611,-1.07153563918536,1,0.34254532652702,0.201108959690195,0.053394355453852,0.0823554538520214,0.053394355453852,14,76,"D7",29.5309904281542,TRUE
-0.0423067137819773,-0.246907667754002,1,0.830800464603281,0.743340848974652,0.517531616123165,0.602224421604703,0.517531616123165,14,77,"D0",58.0222246235192,TRUE
-0.0890148294793714,-0.521721355634181,1,0.686104834202844,0.542404709590306,0.254591399305086,0.341186589052841,0.254591399305086,14,77,"D1",52.4512106032396,TRUE
-0.0794018342983031,-0.487494178496284,1,0.582618478413725,0.455097735902123,0.253382084095064,0.313876416819013,0.253382084095064,14,77,"D3",27.3358371867571,TRUE
-0.115289019612744,-0.682798822814229,1,0.551235221648259,0.403008623857177,0.157347569542006,0.231442540039337,0.157347569542006,14,77,"D5",43.1796191983552,TRUE
-0.162006346625535,-0.9475615440715,1,0.436010891763104,0.285852053551169,0.0722713864306785,0.13866814159292,0.0722713864306785,14,77,"D6",46.5657036996565,TRUE
-0.169927238809753,-1.05799336689967,1,0.31243049847701,0.179857854276459,0.0527969830295412,0.0758516656191075,0.0527969830295412,14,77,"D7",25.0975652448599,TRUE
-0.0423190251431682,-0.246935704607555,1,0.830800464603281,0.743340848974652,0.517531616123165,0.603450746521169,0.517531616123165,14,78,"D0",58.4189951040579,TRUE
-0.0889337867521577,-0.521077746825885,1,0.686104834202844,0.542404709590306,0.254591399305086,0.340849871395695,0.254591399305086,14,78,"D1",52.7889060725398,TRUE
-0.0795038101465242,-0.486654444389564,1,0.58349850262583,0.456865496737605,0.252774120744781,0.317373706977619,0.252774120744781,14,78,"D3",27.8649526610965,TRUE
-0.112253967645395,-0.666469115029052,1,0.557480980557904,0.410608622147084,0.165384615384615,0.238088461538462,0.165384615384615,14,78,"D5",41.8227998914745,TRUE
-0.162412234963213,-0.951872774788627,1,0.451803440072192,0.294730509447893,0.0746533949520085,0.138078919303235,0.0746533949520085,14,78,"D6",49.5404290881874,TRUE
-0.185464615111608,-1.09648355483539,1,0.379615384615385,0.237764423076923,0.0525,0.0967925,0.0525,14,78,"D7",44.2211335599982,TRUE
-0.0423550307046168,-0.24702170279815,1,0.830800464603281,0.743340848974652,0.517531616123165,0.603306264010489,0.517531616123165,14,79,"D0",59.3037935986072,TRUE
-0.0891809649642651,-0.522204921090317,1,0.686104834202844,0.542404709590306,0.254591399305086,0.342103876178873,0.254591399305086,14,79,"D1",53.5124552804171,TRUE
-0.0761953783537258,-0.469006511730719,1,0.589103740296401,0.463697953422724,0.264587155963303,0.325038899082569,0.264587155963303,14,79,"D3",26.5931700008176,TRUE
-0.113885974470796,-0.668355564964682,1,0.55984990619137,0.415488847196164,0.159349593495935,0.245447696476965,0.159349593495935,14,79,"D5",46.9433581039872,TRUE
-0.135420739012969,-0.812825010581662,1,0.465894346617238,0.310275718257646,0.105421686746988,0.162922891566265,0.105421686746988,14,79,"D6",34.9719554745865,TRUE
-0.156642878609046,-0.944065949804246,1,0.380908860116781,0.248235592790048,0.0739273927392739,0.117553795379538,0.0739273927392739,14,79,"D7",33.3538933116772,TRUE
-0.0422931920954001,-0.246819853981565,1,0.830800464603281,0.743340848974652,0.517531616123165,0.604390474982024,0.517531616123165,14,80,"D0",57.9799281634267,TRUE
-0.0891922379107538,-0.522394712100406,1,0.686104834202844,0.542404709590306,0.254591399305086,0.342055232164614,0.254591399305086,14,80,"D1",53.1359582048315,TRUE
-0.0806757045438347,-0.48980893501151,1,0.591325665255626,0.466113652884081,0.251621271076524,0.321763942931258,0.251621271076524,14,80,"D3",29.936992152867,TRUE
-0.107888244274497,-0.641298928005039,1,0.56326023642282,0.419532722288847,0.175389755011136,0.247669821826281,0.175389755011136,14,80,"D5",40.8156604898642,TRUE
-0.162301532966223,-0.966369858254279,1,0.434022551427289,0.272122316406559,0.0720906282183316,0.12214555441126,0.0720906282183316,14,80,"D6",39.8721098152784,TRUE
-0.199922442311786,-1.17965640231607,1,0.332617103566824,0.198861194671251,0.0391061452513966,0.0806368715083799,0.0391061452513966,14,80,"D7",42.68837292115,TRUE
-0.0423521265952571,-0.247084558771662,1,0.830800464603281,0.743340848974652,0.517531616123165,0.603017891130567,0.517531616123165,14,81,"D0",58.8940867377653,TRUE
-0.0890920825468002,-0.522088024427004,1,0.686104834202844,0.542404709590306,0.254591399305086,0.340154325165832,0.254591399305086,14,81,"D1",52.5328232994872,TRUE
-0.0774233233686468,-0.47467715905456,1,0.593625220863419,0.468209580255158,0.263338759269307,0.325542412732863,0.263338759269307,14,81,"D3",27.7894200877309,TRUE
-0.108186031793916,-0.645368951517112,1,0.560575373041789,0.413611375191171,0.173025255239119,0.244857066093498,0.173025255239119,14,81,"D5",38.9744755124046,TRUE
-0.137792277422893,-0.831349061161594,1,0.464118690533785,0.304668601838413,0.10272536687631,0.153819007686932,0.10272536687631,14,81,"D6",33.7661412361878,TRUE
-0.220130123509572,-1.27395462647719,1,0.357800184932412,0.211549469420105,0.0320549513451631,0.0772925014310246,0.0320549513451631,14,81,"D7",62.2458298818549,TRUE
-0.0423660114572591,-0.247126111661487,1,0.830800464603281,0.743340848974652,0.517531616123165,0.603308632576238,0.517531616123165,14,82,"D0",59.071047235204,TRUE
-0.0890283303954667,-0.521869872304245,1,0.686104834202844,0.542404709590306,0.254591399305086,0.343137403546771,0.254591399305086,14,82,"D1",52.2503185581679,TRUE
-0.0790689858083275,-0.483127772831275,1,0.592296827466319,0.465307203389831,0.257062146892655,0.32181709039548,0.257062146892655,14,82,"D3",28.5870907057787,TRUE
-0.129192921625016,-0.746254938918994,1,0.549419116352755,0.402294930469988,0.132151029748284,0.224300343249428,0.132151029748284,14,82,"D5",62.2163354958267,TRUE
-0.152652314764086,-0.909088705785084,1,0.449617002912936,0.29211619376416,0.0834502103786816,0.137555399719495,0.0834502103786816,14,82,"D6",39.6568348385486,TRUE
-0.220712923331855,-1.29958444969077,1,0.328676348776851,0.189022033243139,0.0301507537688442,0.0644723618090452,0.0301507537688442,14,82,"D7",47.7383394236736,TRUE
-0.0423123371076838,-0.246910947007903,1,0.830800464603281,0.743340848974652,0.517531616123165,0.603290276191685,0.517531616123165,14,83,"D0",58.2341320508376,TRUE
-0.0890969362738213,-0.522001400506696,1,0.686104834202844,0.542404709590306,0.254591399305086,0.343009160236451,0.254591399305086,14,83,"D1",52.8938090390312,TRUE
-0.0763204136706982,-0.469076595670715,1,0.593414962798055,0.468722537934267,0.266565118050267,0.327277989337395,0.266565118050267,14,83,"D3",27.1385366185386,TRUE
-0.110841441918265,-0.661387879590059,1,0.555293815316087,0.408964365256125,0.167594654788419,0.236405902004454,0.167594654788419,14,83,"D5",39.1669103019638,TRUE
-0.16923301401983,-0.987844870596286,1,0.438874623199732,0.281427933459864,0.0660377358490566,0.128499274310595,0.0660377358490566,14,83,"D6",49.8476124489291,TRUE
-0.185146596704873,-1.10093426311407,1,0.371012549094741,0.229835233259891,0.0523038605230386,0.0920547945205479,0.0523038605230386,14,83,"D7",40.7186384631307,TRUE
-0.0423023464362605,-0.246873891383994,1,0.830800464603281,0.743340848974652,0.517531616123165,0.603811360656431,0.517531616123165,14,84,"D0",58.0741683745881,TRUE
-0.0892871766606449,-0.52264708832211,1,0.686104834202844,0.542404709590306,0.254591399305086,0.341632597806958,0.254591399305086,14,84,"D1",53.5230653235521,TRUE
-0.0760777874206542,-0.466771951074661,1,0.589147286821705,0.464467799642218,0.263178294573643,0.329588759689923,0.263178294573643,14,84,"D3",26.7415763626491,TRUE
-0.121290146485478,-0.710040977732233,1,0.555282450253275,0.40798726141877,0.147818838566268,0.228955821061406,0.147818838566268,14,84,"D5",52.8139404365337,TRUE
-0.152152392326322,-0.899610132683302,1,0.45528329197684,0.296603598014888,0.0846774193548387,0.14664247311828,0.0846774193548387,14,84,"D6",42.5015455364197,TRUE
-0.180607395645035,-1.08041302001217,1,0.355662787397105,0.218611032264169,0.0516605166051661,0.0907244772447725,0.0516605166051661,14,84,"D7",37.0256717770371,TRUE
-0.0423415173105135,-0.246932534653698,1,0.830800464603281,0.743340848974652,0.517531616123165,0.603993148077655,0.517531616123165,14,85,"D0",59.2473812036245,TRUE
-0.0890194918748694,-0.521824314364704,1,0.686104834202844,0.542404709590306,0.254591399305086,0.341856233924462,0.254591399305086,14,85,"D1",52.2574767747778,TRUE
-0.0775915894167676,-0.477837269069945,1,0.581750824071643,0.454894839707126,0.257489571482746,0.317885475919606,0.257489571482746,14,85,"D3",26.3717189637503,TRUE
-0.126397767749755,-0.736565939906324,1,0.557803041488262,0.405865727362848,0.138195777351248,0.222295585412668,0.138195777351248,14,85,"D5",58.8670450477171,TRUE
-0.138869361675279,-0.838515731498981,1,0.460061200801942,0.301031444549963,0.10082304526749,0.150802469135802,0.10082304526749,14,85,"D6",33.521702963762,TRUE
-0.194884131322935,-1.15097750624898,1,0.360388809394582,0.221838456604332,0.0449005772931366,0.0855625400898012,0.0449005772931366,14,85,"D7",44.8772054063374,TRUE
-0.0422812312909165,-0.246836351231143,1,0.830800464603281,0.743340848974652,0.517531616123165,0.603910840417883,0.517531616123165,14,86,"D0",57.5225183728309,TRUE
-0.0891847179496009,-0.522515486506146,1,0.686104834202844,0.542404709590306,0.254591399305086,0.342643382518839,0.254591399305086,14,86,"D1",52.6212933266704,TRUE
-0.0771455465797748,-0.473774358224366,1,0.585962224887643,0.460505209612856,0.260379485252677,0.323691151606237,0.260379485252677,14,86,"D3",26.9166932127484,TRUE
-0.122636739146225,-0.719117613460699,1,0.548532977956437,0.398673890721604,0.143141153081511,0.225212723658052,0.143141153081511,14,86,"D5",50.6602420733743,TRUE
-0.133603477417255,-0.812606142581599,1,0.451658918005072,0.299159974640744,0.105769230769231,0.153509615384615,0.105769230769231,14,86,"D6",30.8292299597593,TRUE
-0.202415578496665,-1.21875008972382,1,0.321570943451942,0.182194005610512,0.035828534868842,0.0645271912987844,0.035828534868842,14,86,"D7",34.8543284221094,TRUE
-0.0423544789349534,-0.247031166473896,1,0.830800464603281,0.743340848974652,0.517531616123165,0.603579833354481,0.517531616123165,14,87,"D0",59.2444057392986,TRUE
-0.0890115821812513,-0.521820687161263,1,0.686104834202844,0.542404709590306,0.254591399305086,0.341167005099048,0.254591399305086,14,87,"D1",52.0246943758565,TRUE
-0.0770883939988245,-0.471678596894739,1,0.590853739051336,0.46611599348582,0.261682242990654,0.329172229639519,0.261682242990654,14,87,"D3",27.6425251391562,TRUE
-0.120777855833491,-0.705608670540242,1,0.560771814971143,0.411534154535274,0.148936170212766,0.232728443449048,0.148936170212766,14,87,"D5",54.6388090783509,TRUE
-0.134157924799194,-0.811278151334871,1,0.460367786937223,0.303448612262816,0.106531388712746,0.158793912492074,0.106531388712746,14,87,"D6",32.5387614420462,TRUE
-0.206804791436646,-1.23533732048508,1,0.339085239085239,0.198752598752599,0.0378378378378378,0.0685527027027027,0.0378378378378378,14,87,"D7",38.4797104335998,TRUE
-0.0423441639605476,-0.247121492653343,1,0.830800464603281,0.743340848974652,0.517531616123165,0.603632533942393,0.517531616123165,14,88,"D0",58.445414308302,TRUE
-0.0887800838793952,-0.520598112423337,1,0.686104834202844,0.542404709590306,0.254591399305086,0.342843012499436,0.254591399305086,14,88,"D1",51.8394786188935,TRUE
-0.0801412948548192,-0.488243445674687,1,0.583989827387129,0.458045279819933,0.250047501425043,0.319334600038001,0.250047501425043,14,88,"D3",28.6018977043124,TRUE
-0.115455751597562,-0.67492617982068,1,0.558772065826486,0.416376885423819,0.157212784336309,0.245348689893464,0.157212784336309,14,88,"D5",49.3880687259167,TRUE
-0.128819880786007,-0.796194454418274,1,0.456687006101831,0.296238871661498,0.113784135240572,0.150208712613784,0.113784135240572,14,88,"D6",26.9595348091491,TRUE
-0.186950760957031,-1.13368088089272,1,0.335429985564034,0.198417199422561,0.046916890080429,0.0756018766756032,0.046916890080429,14,88,"D7",32.3289710902337,TRUE
-0.0422917232570281,-0.246809665017018,1,0.830800464603281,0.743340848974652,0.517531616123165,0.603502262826207,0.517531616123165,14,89,"D0",57.9784685090608,TRUE
-0.089170760936019,-0.522393750301457,1,0.686104834202844,0.542404709590306,0.254591399305086,0.340864401425928,0.254591399305086,14,89,"D1",52.7650899186137,TRUE
-0.0816117968735231,-0.498994858714836,1,0.583874948580831,0.452714932126697,0.244563279857398,0.309005704099822,0.244563279857398,14,89,"D3",28.3032060617849,TRUE
-0.117893915089287,-0.690682944085767,1,0.556800363595046,0.41105556186797,0.153028064992614,0.237065288035451,0.153028064992614,14,89,"D5",50.1967404038386,TRUE
-0.137488670368785,-0.833354680578847,1,0.45127864835894,0.296309529886172,0.102189781021898,0.150553417385534,0.102189781021898,14,89,"D6",32.1966893780598,TRUE
-0.187751286446445,-1.10446303219595,1,0.351968985921241,0.219470516221179,0.0464190981432361,0.095474801061008,0.0464190981432361,14,89,"D7",42.2204645469148,TRUE
-0.0423425659746913,-0.247060967722164,1,0.830800464603281,0.743340848974652,0.517531616123165,0.60337613670008,0.517531616123165,14,90,"D0",58.6419353882366,TRUE
-0.0890673052903352,-0.522122429586845,1,0.686104834202844,0.542404709590306,0.254591399305086,0.339729163846397,0.254591399305086,14,90,"D1",52.0648938359555,TRUE
-0.0799623290729987,-0.491000524385042,1,0.583895312608184,0.454753167624455,0.252025202520252,0.312148334833483,0.252025202520252,14,90,"D3",27.4983834011255,TRUE
-0.114236206063625,-0.673508376789554,1,0.561381993487546,0.415422675180784,0.161627267729522,0.240832325453546,0.161627267729522,14,90,"D5",46.3739331832801,TRUE
-0.167005892270445,-0.981524899905191,1,0.438287914244735,0.27808812058076,0.0686947988223749,0.125294733398757,0.0686947988223749,14,90,"D6",47.431761622812,TRUE
-0.21979017208304,-1.29755057606946,1,0.333994671503883,0.192222663114336,0.0309506263817244,0.0623139277818718,0.0309506263817244,14,90,"D7",46.1701088781342,TRUE
-0.0423556188591723,-0.247067290725935,1,0.830800464603281,0.743340848974652,0.517531616123165,0.60371188089498,0.517531616123165,14,91,"D0",59.0822013219051,TRUE
-0.0890940162084491,-0.52170294999934,1,0.686104834202844,0.542404709590306,0.254591399305086,0.34284743468255,0.254591399305086,14,91,"D1",53.5547440921115,TRUE
-0.0803454380151747,-0.493654002616133,1,0.57621187983614,0.446276172052799,0.245931952662722,0.30824075443787,0.245931952662722,14,91,"D3",26.8561137623691,TRUE
-0.106229313881408,-0.637155492566909,1,0.55889097352512,0.413425057327496,0.178319783197832,0.243061246612466,0.178319783197832,14,91,"D5",36.6346677185323,TRUE
-0.138805250855101,-0.840020204898866,1,0.455642990797939,0.300758721451824,0.102632455848051,0.149376874375208,0.102632455848051,14,91,"D6",33.055604618322,TRUE
-0.169342788378627,-1.02216009409478,1,0.365621344622069,0.227065114465549,0.0608254887762491,0.0987907313540912,0.0608254887762491,14,91,"D7",33.4649955188238,TRUE
-0.0423006326221044,-0.246985122846181,1,0.830800464603281,0.743340848974652,0.517531616123165,0.603101975214651,0.517531616123165,14,92,"D0",57.5651393753865,TRUE
-0.0891409371748885,-0.522203838635372,1,0.686104834202844,0.542404709590306,0.254591399305086,0.343527819141736,0.254591399305086,14,92,"D1",52.6603572100175,TRUE
-0.0807834477823965,-0.493470438264763,1,0.580467754178423,0.454205634246595,0.247626140383541,0.313953453733011,0.247626140383541,14,92,"D3",28.2541879368262,TRUE
-0.120951982079357,-0.70751575381419,1,0.554159704602183,0.405233409658188,0.146419951729686,0.231137034057388,0.146419951729686,14,92,"D5",51.8853401544906,TRUE
-0.128159802122331,-0.789375583555979,1,0.462627813126687,0.304869896759179,0.117154811715481,0.155149018345671,0.117154811715481,14,92,"D6",27.8649109823068,TRUE
-0.170503898085098,-1.04090686886265,1,0.366679387232187,0.221256064983918,0.0595322466335932,0.0885145287030475,0.0595322466335932,14,92,"D7",30.2493315260028,TRUE
-0.0423112911555957,-0.247002605217776,1,0.830800464603281,0.743340848974652,0.517531616123165,0.602662014126803,0.517531616123165,14,93,"D0",57.8473061425981,TRUE
-0.0891362006342771,-0.521795587752234,1,0.686104834202844,0.542404709590306,0.254591399305086,0.343176571454357,0.254591399305086,14,93,"D1",53.9292539935843,TRUE
-0.0759134779451131,-0.466125078576614,1,0.592084386202033,0.468311100664042,0.267379679144385,0.329374331550802,0.267379679144385,14,93,"D3",27.1327505577029,TRUE
-0.114289943595448,-0.674978710444846,1,0.558792947058693,0.412889095373996,0.161058383664078,0.239904515386828,0.161058383664078,14,93,"D5",45.0931780836627,TRUE
-0.126874185047273,-0.783180165726007,1,0.447374369019815,0.292197192295136,0.114267058439438,0.154306235716618,0.114267058439438,14,93,"D6",26.9296955187436,TRUE
-0.225353052889881,-1.30467600081549,1,0.333457545914293,0.199574128293851,0.0290657439446367,0.0707944636678201,0.0290657439446367,14,93,"D7",58.8425242702406,TRUE
-0.0423111712404633,-0.246938554502019,1,0.830800464603281,0.743340848974652,0.517531616123165,0.603510552806327,0.517531616123165,14,94,"D0",58.1259744598385,TRUE
-0.0891474644621014,-0.522448825916721,1,0.686104834202844,0.542404709590306,0.254591399305086,0.340335634673526,0.254591399305086,14,94,"D1",52.2437405722884,TRUE
-0.0756921321300235,-0.463159341717733,1,0.594991189809064,0.472284005892718,0.268118663161848,0.334643634998122,0.268118663161848,14,94,"D3",27.6298599149299,TRUE
-0.120375932178494,-0.70532325877515,1,0.5510900515139,0.40240615558502,0.146369030799661,0.229368183102571,0.146369030799661,14,94,"D5",49.9412865052741,TRUE
-0.167893657865617,-0.978011090994516,1,0.446169855118867,0.289015181835161,0.0679847381200139,0.13373083593479,0.0679847381200139,14,94,"D6",51.4287643639183,TRUE
-0.17613937874889,-1.0759901600924,1,0.341999804515688,0.200860130974489,0.0533672172808132,0.0819097839898348,0.0533672172808132,14,94,"D7",29.9348776035583,TRUE
-0.0423419959109008,-0.247042665257917,1,0.830800464603281,0.743340848974652,0.517531616123165,0.604009728037897,0.517531616123165,14,95,"D0",58.7127379892812,TRUE
-0.0890037008746924,-0.521507365396705,1,0.686104834202844,0.542404709590306,0.254591399305086,0.342665493434412,0.254591399305086,14,95,"D1",52.724021090028,TRUE
-0.0753654978382909,-0.466281693475293,1,0.587091724187006,0.461574041130008,0.266790009250694,0.323929694727105,0.266790009250694,14,95,"D3",25.626462508327,TRUE
-0.110097222560045,-0.651393403583742,1,0.552836735613537,0.4130390698932,0.16813122437024,0.246960164030463,0.16813122437024,14,95,"D5",42.2126122993412,TRUE
-0.129765456452032,-0.790822868747594,1,0.465743698970536,0.309084951257475,0.114305999290025,0.161767838125666,0.114305999290025,14,95,"D6",30.4908473792973,TRUE
-0.168626338083984,-1.04515884216875,1,0.354149133142569,0.210851147393817,0.0612691466083151,0.0825499635302699,0.0612691466083151,14,95,"D7",26.371589835939,TRUE
-0.0423482209135516,-0.247056817380743,1,0.830800464603281,0.743340848974652,0.517531616123165,0.603574504081546,0.517531616123165,14,96,"D0",58.9110505951143,TRUE
-0.0890683071180007,-0.521851240554656,1,0.686104834202844,0.542404709590306,0.254591399305086,0.340946527683769,0.254591399305086,14,96,"D1",52.790895160384,TRUE
-0.0755630622128936,-0.464078392610358,1,0.588567395906845,0.464428895328759,0.26507905524107,0.330958032402889,0.26507905524107,14,96,"D3",26.4959709282461,TRUE
-0.109936242459199,-0.651771680339657,1,0.558277936055714,0.414150047483381,0.168998628257888,0.245835390946502,0.168998628257888,14,96,"D5",41.8477723593244,TRUE
-0.141465366834537,-0.84737875064062,1,0.471153846153846,0.312940495368506,0.100785340314136,0.154361910994764,0.100785340314136,14,96,"D6",37.1839687427677,TRUE
-0.191417369882644,-1.14785182162054,1,0.336604941256104,0.200527002852584,0.043997485857951,0.0773739786297926,0.043997485857951,14,96,"D7",36.3167478613123,TRUE
-0.0423706409361636,-0.24717970517039,1,0.830800464603281,0.743340848974652,0.517531616123165,0.603555555555556,0.517531616123165,14,97,"D0",59.0724660537545,TRUE
-0.0890665357141119,-0.521963730105245,1,0.686104834202844,0.542404709590306,0.254591399305086,0.34178800595641,0.254591399305086,14,97,"D1",52.437908122116,TRUE
-0.0748232191863333,-0.463292995815664,1,0.584738204202184,0.457649174623134,0.266109104732941,0.324591902680099,0.266109104732941,14,97,"D3",25.1233427995832,TRUE
-0.11868162251301,-0.69477236798908,1,0.552073268075453,0.406051758181742,0.149098853085745,0.234490442381212,0.149098853085745,14,97,"D5",49.5409175364684,TRUE
-0.183691239782576,-1.0619176065618,1,0.425678772681927,0.268489309498773,0.0539782684893095,0.117019978969506,0.0539782684893095,14,97,"D6",55.6881592737972,TRUE
-0.210255907625845,-1.2440549141081,1,0.351191428114505,0.20939282477744,0.0388080388080388,0.0722411642411642,0.0388080388080388,14,97,"D7",42.6301146133317,TRUE
-0.0423641805703451,-0.247100296496281,1,0.830800464603281,0.743340848974652,0.517531616123165,0.603550818424058,0.517531616123165,14,98,"D0",59.2248784585036,TRUE
-0.088995141871674,-0.521820477933552,1,0.686104834202844,0.542404709590306,0.254591399305086,0.342225170344299,0.254591399305086,14,98,"D1",51.7236938553712,TRUE
-0.0811855369803848,-0.496962737821904,1,0.580541808507595,0.45266327201991,0.247303830420231,0.309439568612867,0.247303830420231,14,98,"D3",28.1505962564542,TRUE
-0.129382809792944,-0.750604758652059,1,0.554139194139194,0.403066457352172,0.133333333333333,0.219847619047619,0.133333333333333,14,98,"D5",64.729459897553,TRUE
-0.14314507383199,-0.85674358913214,1,0.448938758956334,0.29487630120319,0.0934973637961336,0.149113532513181,0.0934973637961336,14,98,"D6",36.1016536644193,TRUE
-0.203283683360899,-1.22372365080211,1,0.325960897008262,0.185303022527839,0.0373582388258839,0.0653115410273516,0.0373582388258839,14,98,"D7",35.1869052527923,TRUE
-0.0422831467941032,-0.246867092620707,1,0.830800464603281,0.743340848974652,0.517531616123165,0.603235799179461,0.517531616123165,14,99,"D0",57.4327917680874,TRUE
-0.0891138167032188,-0.521796749696775,1,0.686104834202844,0.542404709590306,0.254591399305086,0.34288976129236,0.254591399305086,14,99,"D1",53.6724528686233,TRUE
-0.080250879975748,-0.492498938956074,1,0.583549665254816,0.452698456073234,0.248667850799289,0.312391474245115,0.248667850799289,14,99,"D3",27.3833185617854,TRUE
-0.11753809447234,-0.689837497153967,1,0.558782069354384,0.411550389278046,0.153932901043135,0.23779080913448,0.153932901043135,14,99,"D5",49.4191854982428,TRUE
-0.149005745480283,-0.88933173713515,1,0.439477303988996,0.286636334779388,0.0866574965612105,0.141396148555708,0.0866574965612105,14,99,"D6",37.8786969453429,TRUE
-0.186183271158459,-1.12821522235562,1,0.322137481690994,0.19064094146169,0.0459619172685489,0.0754602757715036,0.0459619172685489,14,99,"D7",32.1020253031086,TRUE
-0.0423245564920762,-0.247049695253385,1,0.830800464603281,0.743340848974652,0.517531616123165,0.604089074990483,0.517531616123165,14,100,"D0",58.0217159745644,TRUE
-0.0890071759259606,-0.521647698567862,1,0.686104834202844,0.542404709590306,0.254591399305086,0.341976264608998,0.254591399305086,14,100,"D1",52.3696938564765,TRUE
-0.0783028684292176,-0.479606160031675,1,0.587644186540231,0.461672917698677,0.257589696412144,0.321026310947562,0.257589696412144,14,100,"D3",27.6967519650275,TRUE
-0.105862223986326,-0.622944555601854,1,0.573019910534164,0.433218577317779,0.179589509692132,0.266917901938426,0.179589509692132,14,100,"D5",44.5030341205258,TRUE
-0.167991846205393,-0.980550931671331,1,0.437837265897789,0.281954290551264,0.0674002751031637,0.131074277854195,0.0674002751031637,14,100,"D6",50.174101688977,TRUE
-0.168310426484424,-1.01199866775576,1,0.346479397265371,0.21979350758069,0.0592503022974607,0.101233373639661,0.0592503022974607,14,100,"D7",33.2434777043668,TRUE
