"Common_n","Group","Order","Mean_Zeta","Median_Zeta","Q2.5_Zeta","Q97.5_Zeta","Mean_Ratio","Median_Ratio","Q2.5_Ratio","Q97.5_Ratio","N_iterations"
8,"D0",1,1,1,1,1,NA,NA,NA,NA,100
8,"D0",2,0.831161550388805,0.828597932738331,0.824375918216457,0.844331060310267,0.831161550388805,0.828597932738331,0.824375918216457,0.844331060310267,100
8,"D0",3,0.743756557296209,0.741090164364717,0.734411686912428,0.76159795611621,0.894818463980431,0.894300352922631,0.890631908245747,0.90235229268666,100
8,"D0",4,0.690111558670842,0.688119659152632,0.680083579401546,0.710086485224684,0.927863291783417,0.927818821786857,0.925464007970508,0.931314912561581,100
8,"D0",5,0.653030082577489,0.651108268138526,0.642655828714578,0.672165015487916,0.946265975472768,0.946418584169242,0.942565176849012,0.949584480620732,100
8,"D0",6,0.625331745695032,0.624410176622211,0.614310632353622,0.642892557607791,0.957590156033097,0.95764576839721,0.953502060029609,0.961759559740768,100
8,"D0",7,0.603470965799355,0.6030467233361,0.592768438713041,0.619259211062652,0.96504988854131,0.965318505945426,0.960566526399022,0.969340246009963,100
8,"D0",8,0.585417726157431,0.585344132179212,0.57492801488679,0.599176494454382,0.970088667152374,0.970723939680075,0.965303736338219,0.974695042801158,100
8,"D1",1,1,1,1,1,NA,NA,NA,NA,100
8,"D1",2,0.684421380206795,0.678088357320221,0.665317338872341,0.711667816959656,0.684421380206795,0.678088357320221,0.665317338872341,0.711667816959656,100
8,"D1",3,0.540294325341506,0.530698478071487,0.515816733102853,0.578894622497079,0.789124587769593,0.78218826215425,0.772997601060053,0.813571811310186,100
8,"D1",4,0.458044388868659,0.445558119572661,0.430718076417262,0.50202266726636,0.847322125774332,0.841045390281444,0.833268824397808,0.867602074672612,100
8,"D1",5,0.40488259542738,0.390256909104546,0.376357130736848,0.451372025569209,0.883430037108996,0.878293760873151,0.870937775477421,0.900374955004706,100
8,"D1",6,0.367721748773456,0.351447984694683,0.338110973383291,0.415995059003319,0.9076964485362,0.903834520413287,0.896295752642029,0.922160475975392,100
8,"D1",7,0.340281434241696,0.323467823730204,0.309828127455144,0.389697022600178,0.924865218647817,0.92206197189498,0.914346984361295,0.93774124517143,100
8,"D1",8,0.319159848888053,0.30183081300442,0.289224622786381,0.369062209552287,0.93743867783066,0.935406428509243,0.925833888112928,0.948460518302657,100
8,"D3",1,1,1,1,1,NA,NA,NA,NA,100
8,"D3",2,0.587295953085837,0.588610432018595,0.569618339008281,0.601324193829706,0.587295953085837,0.588610432018595,0.569618339008281,0.601324193829706,100
8,"D3",3,0.461422514590017,0.462127011048653,0.439859541960325,0.479185130194391,0.785582278188851,0.786353525236678,0.768745617179954,0.798758072028546,100
8,"D3",4,0.401206792261369,0.401586760079312,0.378335560005439,0.42011268575339,0.869402726452384,0.869585017128796,0.85674162451181,0.881381894348907,100
8,"D3",5,0.365158215830907,0.365942545481868,0.341785517265568,0.385896579035083,0.910063331153518,0.909824915174709,0.899188420422185,0.920333954885521,100
8,"D3",6,0.34055193840362,0.34137694808827,0.316899933334157,0.361269324672709,0.932525775006201,0.932592594542393,0.922546614573017,0.943931653405661,100
8,"D3",7,0.322320975322624,0.322736387388573,0.297609943066882,0.343998539860654,0.94636273908572,0.946876845478396,0.935674919318523,0.95731447432433,100
8,"D3",8,0.308072204496968,0.308923252131189,0.282370941418662,0.331693071811263,0.955672631989676,0.956001596704146,0.945737460579427,0.96607253607087,100
8,"D5",1,1,1,1,1,NA,NA,NA,NA,100
8,"D5",2,0.5548175381424,0.555134853941577,0.530360797522417,0.580825873159743,0.5548175381424,0.555134853941577,0.530360797522417,0.580825873159743,100
8,"D5",3,0.409117681402152,0.408269893361314,0.37929314156895,0.438702412957176,0.737096424861457,0.735603907523608,0.711223620678289,0.762482212475633,100
8,"D5",4,0.336111330724476,0.333644565793066,0.304369419092862,0.36863537386774,0.821077378322735,0.820499283096624,0.798937323177035,0.843273457369468,100
8,"D5",5,0.291168401937133,0.288783505088145,0.257503645344519,0.325889839191636,0.865703183281179,0.865677551347701,0.844687426933538,0.886227960326078,100
8,"D5",6,0.259922340314555,0.257677943429523,0.225015665527806,0.295860540846666,0.892008246293017,0.89244468683009,0.869000310598193,0.912416636599588,100
8,"D5",7,0.236484245272057,0.235418998572831,0.200149270806433,0.272928726188632,0.90902214938327,0.909652632711229,0.882250158127767,0.930576304543131,100
8,"D5",8,0.217993221348973,0.217476995281832,0.179285384415438,0.256375022370742,0.920839113059912,0.922444976297159,0.89119170984456,0.943794255086146,100
8,"D6",1,1,1,1,1,NA,NA,NA,NA,100
8,"D6",2,0.448072816657118,0.452456429257582,0.411577382200207,0.481290816092782,0.448072816657118,0.452456429257582,0.411577382200207,0.481290816092782,100
8,"D6",3,0.291449196721046,0.295535059064604,0.254413616288119,0.324780676231773,0.649798680380384,0.651856424915117,0.61342658674189,0.689037033942588,100
8,"D6",4,0.222391493939445,0.224490612588997,0.186308214985599,0.257803750816409,0.761868678093525,0.763660666523563,0.724476217806236,0.798885549644337,100
8,"D6",5,0.184019861672122,0.186070955694445,0.145726033834586,0.219247561273206,0.82578386725765,0.830763386126,0.78104070998215,0.86392648717011,100
8,"D6",6,0.159452822407605,0.161696175148611,0.120431310241218,0.193383244585995,0.864276628583537,0.86849042904985,0.815104079468721,0.904585885265146,100
8,"D6",7,0.142143211584062,0.145358082548569,0.103274799210006,0.1762515239833,0.888507624723336,0.8940531664125,0.835303312856516,0.928975364827212,100
8,"D6",8,0.129066068258824,0.133034787215257,0.0860198328690808,0.166026299812956,0.904040580280008,0.911398367176052,0.842912381735911,0.947534491154033,100
8,"D7",1,1,1,1,1,NA,NA,NA,NA,100
8,"D7",2,0.346869545992962,0.343790064842696,0.291598465546692,0.404894631297495,0.346869545992962,0.343790064842696,0.291598465546692,0.404894631297495,100
8,"D7",3,0.209226567500315,0.205304775801671,0.160166516772488,0.273128342245989,0.600378569508613,0.595957937193892,0.536014493285543,0.678922747873865,100
8,"D7",4,0.151021658594736,0.147585507540526,0.107560397126889,0.217673601136931,0.71784653731864,0.717546533048412,0.651009683957661,0.793958505433488,100
8,"D7",5,0.118536879382456,0.115286642327458,0.0790802820187607,0.182696312126692,0.780548539793393,0.781524122807018,0.721659879375226,0.847736259659409,100
8,"D7",6,0.0979397181636536,0.0946443415271345,0.059694374100005,0.160064826911929,0.821769206278817,0.825338199755848,0.750808566433566,0.885165042871625,100
8,"D7",7,0.0838301060833172,0.0801937432164032,0.0498093723173257,0.143382063472836,0.851183611773494,0.857142857142857,0.771644015259895,0.919894703745723,100
8,"D7",8,0.0736513456148484,0.0701328439906523,0.0425268766054609,0.130461510508146,0.872706480376946,0.878584829804342,0.785535197685631,0.952742537313433,100
10,"D0",1,1,1,1,1,NA,NA,NA,NA,100
10,"D0",2,0.830529145292945,0.829803670802255,0.82691759136037,0.8378351870378,0.830529145292945,0.829803670802255,0.82691759136037,0.8378351870378,100
10,"D0",3,0.742966343452443,0.741853580497377,0.738001396100161,0.752996331822907,0.894564389140859,0.89422027922273,0.892398935987765,0.898740400824124,100
10,"D0",4,0.68940767789622,0.688675939640956,0.683780822595486,0.700075381179365,0.92790855801253,0.927600856372175,0.926384106725446,0.929958120488668,100
10,"D0",5,0.652473111874172,0.651806456243017,0.646550871658246,0.663083491895356,0.946422895714546,0.946117437690612,0.944816031970106,0.948372424999869,100
10,"D0",6,0.624977728882248,0.624343795588301,0.618944369892204,0.635289601040204,0.957857958987698,0.957703876778983,0.956011105541451,0.959992871130356,100
10,"D0",7,0.603381531482794,0.602339120032111,0.596910286713398,0.613360403303321,0.965443601746566,0.965398736338798,0.963253249038098,0.968016547443377,100
10,"D0",8,0.585684497979336,0.584531180119758,0.579409978281134,0.595487030607374,0.970668382346997,0.970632588799166,0.968384560688171,0.973290006714046,100
10,"D0",9,0.570681800535289,0.569553105737316,0.564090481350302,0.580592008474078,0.974381076001371,0.974459190239956,0.97216727711816,0.976729154028622,100
10,"D0",10,0.557651892065052,0.556345924928467,0.550187757382648,0.567880892132054,0.977162987023533,0.977186879557582,0.975059556309892,0.979102100516793,100
10,"D1",1,1,1,1,1,NA,NA,NA,NA,100
10,"D1",2,0.685612024812007,0.681841229475372,0.673366834170854,0.70821378745178,0.685612024812007,0.681841229475372,0.673366834170854,0.70821378745178,100
10,"D1",3,0.541731166854773,0.535530903226066,0.525377262502971,0.574438170365623,0.789993815224028,0.785889208694265,0.779758085541147,0.811108403837759,100
10,"D1",4,0.459431144884187,0.451727960927025,0.441576746754109,0.497229191294254,0.847853274135566,0.844080825887142,0.839508552507763,0.865975903597969,100
10,"D1",5,0.406119951149719,0.397770147367489,0.388080355571748,0.446648600970077,0.883706117785535,0.880286028704187,0.876373986355509,0.898819410367997,100
10,"D1",6,0.368788293903873,0.360211154797762,0.350765023736327,0.410974839639998,0.907815549211193,0.905073989196062,0.901208037680925,0.920495953173604,100
10,"D1",7,0.341193414429702,0.332303505082222,0.323251294395884,0.384642075888541,0.92492104500395,0.922639968836772,0.918876803178114,0.935743135606278,100
10,"D1",8,0.319964810698446,0.310732977625176,0.302140097195255,0.364227624933932,0.937546126429686,0.935981688433418,0.931787405866123,0.946646119565597,100
10,"D1",9,0.303125187800979,0.293580571452299,0.28561380311667,0.347706712549055,0.947160177298251,0.94575030476676,0.941677366634271,0.954747142245979,100
10,"D1",10,0.289437183266051,0.279509408688062,0.272329975102105,0.333882683269243,0.954662924628817,0.95384665339869,0.949302355759575,0.961063363223542,100
10,"D3",1,1,1,1,1,NA,NA,NA,NA,100
10,"D3",2,0.589200259775036,0.589753632847425,0.573188416869119,0.604108980647443,0.589200259775036,0.589753632847425,0.573188416869119,0.604108980647443,100
10,"D3",3,0.463503715451436,0.463565572757589,0.440624539703199,0.480309104712968,0.786583654587772,0.787598358217126,0.770578559567656,0.798050329214063,100
10,"D3",4,0.403259703763024,0.403726091059609,0.37846743440089,0.420498598782046,0.869931085985644,0.871217389647847,0.859362599294171,0.878956248044485,100
10,"D3",5,0.367207139320357,0.368565042205492,0.341884878514539,0.385254034572826,0.910512987686644,0.910782851174128,0.902493498738305,0.918184413806051,100
10,"D3",6,0.342623711837854,0.343896514414952,0.317333158488899,0.3609993316403,0.932970405207153,0.933233538027511,0.925542399606059,0.940622770480626,100
10,"D3",7,0.324433483485928,0.325814206909908,0.299362490111484,0.344017958671478,0.946818945129318,0.946772350591264,0.939702524317549,0.953968938396577,100
10,"D3",8,0.310217141427098,0.31136920159514,0.285240254735895,0.331175724316988,0.956077415347723,0.955890796093531,0.948884219915759,0.963095723777559,100
10,"D3",9,0.298669978088608,0.299863189024916,0.273264728286109,0.321396502835538,0.962656499041827,0.962493322928274,0.955109962272701,0.97061197245442,100
10,"D3",10,0.289023549477734,0.290275207936015,0.262218825528894,0.313530414528761,0.967560832051505,0.96788517733341,0.959147424511545,0.977126599538494,100
10,"D5",1,1,1,1,1,NA,NA,NA,NA,100
10,"D5",2,0.557017964208808,0.556964738185811,0.53619091333002,0.579614979359718,0.557017964208808,0.556964738185811,0.53619091333002,0.579614979359718,100
10,"D5",3,0.41112708835433,0.411721297243571,0.384667875341678,0.438180479586729,0.73790632219957,0.738976270289343,0.717287180902381,0.757606922652364,100
10,"D5",4,0.338048815332643,0.338966915126352,0.31102284467316,0.36512625194132,0.821984751528006,0.822816735140451,0.803755166644362,0.837187206875573,100
10,"D5",5,0.293228965450049,0.295137982366641,0.264821100685599,0.320398497014599,0.867105135499713,0.868296355862326,0.850227805290697,0.881663276739872,100
10,"D5",6,0.262140026406381,0.263230016487845,0.233136687388653,0.289789874653048,0.893616715914222,0.894506011167526,0.877029858387656,0.90689360092076,100
10,"D5",7,0.238838905007775,0.238975174650699,0.208669850137397,0.266732085722319,0.91068453415398,0.912018860638434,0.8922645348652,0.92533379662398,100
10,"D5",8,0.22048248738863,0.219891873445937,0.189736844895001,0.248830029478159,0.922630132994284,0.923782559501356,0.902598798147735,0.939086716660089,100
10,"D5",9,0.205528793212504,0.20454168948501,0.173783563113455,0.236186933890292,0.931561124239507,0.933097898795939,0.910651770922893,0.95025029548988,100
10,"D5",10,0.19304720859586,0.192836103018337,0.159685155850128,0.227151114800103,0.938536413673091,0.940346234882294,0.915885416666667,0.959520844168286,100
10,"D6",1,1,1,1,1,NA,NA,NA,NA,100
10,"D6",2,0.450838886413955,0.454535037321928,0.415607787274454,0.475267449686315,0.450838886413955,0.454535037321928,0.415607787274454,0.475267449686315,100
10,"D6",3,0.29400359504512,0.297650736035491,0.256996859362997,0.31955134298396,0.651579495797482,0.654558622503123,0.617662660332299,0.679415089334318,100
10,"D6",4,0.224954933298288,0.22795279416056,0.189965954104505,0.25270379665358,0.76422673912552,0.765825569144579,0.732203351251881,0.791873450811199,100
10,"D6",5,0.186715463786792,0.189316977331728,0.151332910239508,0.214436919904847,0.828863061678088,0.829169022676277,0.793040026059894,0.857482562417725,100
10,"D6",6,0.162299122113625,0.164992209142464,0.125745447180149,0.189673426119188,0.867878668503944,0.870779219570605,0.832206307026082,0.894755290732997,100
10,"D6",7,0.145193384128052,0.147105679349489,0.107442907833972,0.173360966114435,0.892984563786221,0.896393851112961,0.856100252953066,0.920214846682128,100
10,"D6",8,0.13241796961326,0.134318778891346,0.0935960425108355,0.161937646716891,0.910019653541372,0.914601154495995,0.87142884809048,0.938957129300223,100
10,"D6",9,0.122422021833795,0.124438970477817,0.0825527921642428,0.154041096691974,0.922021422803032,0.925907396238828,0.878520514911876,0.955598845923487,100
10,"D6",10,0.114333611901444,0.11681301751025,0.0731207494052036,0.148574482297929,0.930818888745373,0.934405744835659,0.882332178154281,0.967231182795699,100
10,"D7",1,1,1,1,1,NA,NA,NA,NA,100
10,"D7",2,0.348648028701399,0.345536586649049,0.300534068672984,0.401433149564957,0.348648028701399,0.345536586649049,0.300534068672984,0.401433149564957,100
10,"D7",3,0.212199367350677,0.210046646731793,0.169965758541908,0.263939614937587,0.606344385194133,0.60436662350397,0.548327590607352,0.668718039128904,100
10,"D7",4,0.154274247214434,0.151378093223245,0.117286923443026,0.203816553948325,0.723293944865587,0.721543220495269,0.659280198150552,0.788443321692691,100
10,"D7",5,0.121898860824551,0.118985115537059,0.0868767555557328,0.171219680160359,0.785759807439194,0.781793911631706,0.733686881994066,0.847416264333133,100
10,"D7",6,0.101251002818314,0.0966874452375749,0.0662780949854813,0.149485702600382,0.826033184920672,0.824252104515952,0.769149296183779,0.881395368734162,100
10,"D7",7,0.0870477173593164,0.081492716758016,0.0521732954545455,0.133671739731735,0.855037499573564,0.85502794671016,0.793845883350225,0.908378714797215,100
10,"D7",8,0.0767937924324508,0.0702533817682856,0.0444097053351552,0.123422397841003,0.877294258247547,0.876944561059801,0.804579804716551,0.930069334070439,100
10,"D7",9,0.0691520170012113,0.0647000183889357,0.0395815662530068,0.116304397990444,0.895089941388236,0.9,0.80394750795334,0.949119718309859,100
10,"D7",10,0.063350976870178,0.0588364744106462,0.034047560015485,0.111356460776511,0.909772158484995,0.912291933418694,0.794829222011385,0.970094086021505,100
12,"D0",1,1,1,1,1,NA,NA,NA,NA,100
12,"D0",2,0.830582070632844,0.829823000098883,0.828677448640849,0.834448573007538,0.830582070632844,0.829823000098883,0.828677448640849,0.834448573007538,100
12,"D0",3,0.743023806445599,0.742125366097257,0.740328862245977,0.7480062682711,0.894580581010909,0.894456192862023,0.893261466635004,0.896404837065596,100
12,"D0",4,0.6893959877711,0.688710632829008,0.686279028426768,0.69464673240912,0.927823965187176,0.927726070633133,0.927073616293532,0.92896620746702,100
12,"D0",5,0.652378636602236,0.651950177165887,0.649236031040305,0.657579263107693,0.946303890570321,0.946173810893435,0.945362772371155,0.947764474053864,100
12,"D0",6,0.624817026964275,0.624620817575126,0.621775775770621,0.629669613846447,0.957751371778902,0.957612274216404,0.956775020746321,0.959464147829927,100
12,"D0",7,0.603176540662524,0.60275640423046,0.599689912004084,0.608025450550171,0.965364215605282,0.965126961954057,0.964292243585763,0.967194287808145,100
12,"D0",8,0.58545108526973,0.584967311190026,0.581484766158075,0.590766423520888,0.970611985081146,0.970451512524288,0.969503839945605,0.972387534466586,100
12,"D0",9,0.57042562867442,0.570017989606989,0.566232490809348,0.576202984758063,0.974333706391734,0.974301874419367,0.973163632133094,0.975844070766666,100
12,"D0",10,0.557349267256653,0.556890542751016,0.55277295421023,0.563382595491468,0.97707428373017,0.977125628645201,0.975828009147304,0.978272221520773,100
12,"D0",11,0.545752799412633,0.545400806867995,0.540981169474727,0.552017006545228,0.979191462823398,0.979333968879768,0.977926285945727,0.980115768334848,100
12,"D0",12,0.535334167025708,0.53503535397545,0.530426164519326,0.541816048926104,0.980907359308687,0.981105041640548,0.979681093394077,0.981769196228109,100
12,"D1",1,1,1,1,1,NA,NA,NA,NA,100
12,"D1",2,0.686637043919257,0.684148990038821,0.679138663839638,0.705753838627343,0.686637043919257,0.684148990038821,0.679138663839638,0.705753838627343,100
12,"D1",3,0.543239558685983,0.539500799248619,0.533832060395218,0.570853641137962,0.791086527633015,0.788451759262586,0.785463139036998,0.808853960406869,100
12,"D1",4,0.461161078560885,0.456513684918971,0.451379094990467,0.493089843290772,0.848802330088473,0.846444602052791,0.844376181551465,0.863772465835926,100
12,"D1",5,0.407954054291372,0.402893111728499,0.398122464781093,0.442253265794974,0.884506192786989,0.882957473097951,0.880357818273256,0.896897644825784,100
12,"D1",6,0.370675271326923,0.365040426039414,0.360918098520388,0.406344717868364,0.908502561076395,0.907169613788555,0.904807457933551,0.918819638560921,100
12,"D1",7,0.34310738899112,0.336943148923734,0.333348557191677,0.379594366294372,0.925515420933176,0.924508478684429,0.922620923825833,0.93438948199771,100
12,"D1",8,0.321893079913356,0.315897258784553,0.3122823838793,0.358858691679792,0.938065794020389,0.937152124662064,0.935268385953458,0.945687349314622,100
12,"D1",9,0.305062884356213,0.299410649353281,0.295535977232265,0.342261884716035,0.947621516739613,0.946981466016912,0.944829471595269,0.954111778185834,100
12,"D1",10,0.291384437526242,0.286071990483134,0.282001413785731,0.328611708242787,0.95508106344713,0.954588743319418,0.95232662983428,0.960520537252586,100
12,"D1",11,0.280044374462089,0.274757207080016,0.270935841618139,0.3171178926108,0.96101469835849,0.960735346126485,0.958025753914396,0.965461931118403,100
12,"D1",12,0.270480504366585,0.265155093686034,0.261422772934457,0.307243143110359,0.965794766958621,0.965677853039465,0.962551744191745,0.969303591930144,100
12,"D3",1,1,1,1,1,NA,NA,NA,NA,100
12,"D3",2,0.58716780569895,0.587475610680486,0.5751040819521,0.598262750154406,0.58716780569895,0.587475610680486,0.5751040819521,0.598262750154406,100
12,"D3",3,0.460513132323462,0.461509208430233,0.446391904784505,0.473703019341983,0.784245498692867,0.784636963393962,0.773764042446585,0.794620982308995,100
12,"D3",4,0.399809951707332,0.400544791881782,0.384722508719257,0.414468159609273,0.868127511575935,0.8682209120157,0.861022841981221,0.876644331234086,100
12,"D3",5,0.363477709878744,0.364163132617528,0.348381072542345,0.378604143176696,0.909076339312391,0.90872639205994,0.903165196179828,0.916703063280151,100
12,"D3",6,0.338676848633318,0.339266955601864,0.323402550987468,0.35396462677867,0.93171974886906,0.931507159393726,0.926455887426581,0.938157992571029,100
12,"D3",7,0.320298182312322,0.320326679352778,0.304529280846156,0.33625431385495,0.945683603731975,0.945686635428299,0.940884294305289,0.95186911641195,100
12,"D3",8,0.305919657914658,0.305654193821458,0.289551399545535,0.32258830524004,0.955054216750552,0.95476176534907,0.950273318463142,0.961168322200187,100
12,"D3",9,0.294238063210501,0.293950201639834,0.277432795018038,0.311437880977867,0.961754523065641,0.961459003398967,0.956883192798999,0.967634427390279,100
12,"D3",10,0.28448454632408,0.284263391780926,0.266989057679523,0.302500913385423,0.966785043769845,0.966466733055755,0.96171165755822,0.973012380192742,100
12,"D3",11,0.276173912111085,0.275315776583312,0.257869227036516,0.295011523478813,0.970713555131871,0.970521186818703,0.965070268258381,0.976941187174003,100
12,"D3",12,0.268982642001643,0.267707075673979,0.249918455336512,0.288600349009377,0.973879393583576,0.973735950393408,0.967798232571659,0.979973411098722,100
12,"D5",1,1,1,1,1,NA,NA,NA,NA,100
12,"D5",2,0.556477976387286,0.556663211246352,0.541650318495159,0.570587120405294,0.556477976387286,0.556663211246352,0.541650318495159,0.570587120405294,100
12,"D5",3,0.410420757709422,0.409894007785222,0.392124102132134,0.430517968049309,0.737405257104054,0.736587866855555,0.720334007435363,0.755044404299826,100
12,"D5",4,0.337134704875931,0.336645222235483,0.317399185617327,0.360439972006992,0.821216333456951,0.819343235672069,0.807419365204222,0.838510035046566,100
12,"D5",5,0.292012973397029,0.29053575839921,0.2715643307255,0.316959390657558,0.86588791733538,0.864870989694553,0.853836908038672,0.881614841817451,100
12,"D5",6,0.260614909572996,0.259089316619597,0.239499992710344,0.287149934690918,0.892158820710669,0.890350501692115,0.88019447005973,0.906902460496354,100
12,"D5",7,0.237026426033069,0.234940810709205,0.215137495718409,0.2650330509931,0.909120438589772,0.908327693642752,0.896140315809081,0.924690487537666,100
12,"D5",8,0.218408787423896,0.215533183337161,0.195490729604962,0.24857823587346,0.921026852716395,0.920193563427937,0.90582492604938,0.93729467447492,100
12,"D5",9,0.203220216313412,0.200162800418311,0.178605462061743,0.234760010498732,0.929966296792809,0.929142379900794,0.913594713125635,0.947721056341323,100
12,"D5",10,0.190537565297295,0.18721380800647,0.164216180400974,0.221931176093873,0.937026678993848,0.936165822680699,0.919184348733134,0.956228193744537,100
12,"D5",11,0.179765002311293,0.176635646728955,0.153052621246508,0.211622044810413,0.942815767139887,0.942116636354934,0.923319681629458,0.963338353451551,100
12,"D5",12,0.170495095728896,0.167504097843904,0.144011503775925,0.204233461901453,0.947694639504221,0.946527143481196,0.926877641427771,0.969281437125749,100
12,"D6",1,1,1,1,1,NA,NA,NA,NA,100
12,"D6",2,0.451092503439719,0.450929678160131,0.42620157425957,0.472255414026443,0.451092503439719,0.450929678160131,0.42620157425957,0.472255414026443,100
12,"D6",3,0.294652325079527,0.295584260156643,0.269384574018758,0.318589368922456,0.652931526465023,0.655214524106317,0.628068225290072,0.675583279121434,100
12,"D6",4,0.225833260190829,0.227071749487603,0.200337933835075,0.251004514487047,0.765984342134479,0.766313708555244,0.741491726973145,0.794875215052434,100
12,"D6",5,0.187765305390965,0.188610801568395,0.162619149234027,0.214534141339009,0.830825550406835,0.831360780186728,0.805315572339895,0.858926448924007,100
12,"D6",6,0.163533784808598,0.16381614061586,0.139161855452271,0.191147074860066,0.870201105050453,0.871100257575042,0.842539573567727,0.894006419997498,100
12,"D6",7,0.146615820046597,0.147010044168122,0.12244174281279,0.174989152781066,0.895651729778925,0.897436162093096,0.867030956443481,0.917236878973093,100
12,"D6",8,0.134024764027176,0.134708506184828,0.109450792047742,0.163050804569246,0.913058405067818,0.915008999774696,0.884006991413064,0.936394228793286,100
12,"D6",9,0.124214036647608,0.125321423423424,0.0986755244549362,0.153085091280932,0.925538290665022,0.928145568649204,0.896230045316737,0.951010522254201,100
12,"D6",10,0.11630632533953,0.118015530588386,0.089373168444229,0.14487705044872,0.934838316283788,0.937998483001696,0.904315759585507,0.959559156500965,100
12,"D6",11,0.109768173031656,0.111759923202785,0.0810122988009255,0.138011157540721,0.941990615648092,0.945961297459662,0.908994804680059,0.966995501551114,100
12,"D6",12,0.104258574170012,0.106430678466077,0.0736310761534521,0.13391399880957,0.947642746952881,0.951333767078725,0.909090909090909,0.97556758296539,100
12,"D7",1,1,1,1,1,NA,NA,NA,NA,100
12,"D7",2,0.351973807524749,0.350335846045825,0.309876901115219,0.403701810961518,0.351973807524749,0.350335846045825,0.309876901115219,0.403701810961518,100
12,"D7",3,0.213703955167597,0.214059445637702,0.176419594899643,0.26348543082246,0.605649585477781,0.604769087437699,0.557603041993037,0.664010636139464,100
12,"D7",4,0.154840044766642,0.155542558098722,0.120012704687912,0.20534306235043,0.72225771733818,0.721376154709488,0.672683535833932,0.781579941885898,100
12,"D7",5,0.122005325510665,0.120080766006616,0.0884264537878057,0.171756974963132,0.785092325737717,0.786817170469114,0.733678796106851,0.838880550139205,100
12,"D7",6,0.101156378014921,0.0987190047217033,0.0697669216851513,0.148246044047245,0.826094638508337,0.830469962417415,0.777823998877229,0.873337491925845,100
12,"D7",7,0.0868579485622906,0.0859618938114534,0.057103836112136,0.130260533973694,0.855764571003849,0.859917134897681,0.803619300050653,0.899831533132668,100
12,"D7",8,0.0765241515042475,0.0756476823907987,0.0488962993047961,0.115643487552445,0.878411159100742,0.87901290081731,0.82269126352353,0.922593545088614,100
12,"D7",9,0.0687656482722519,0.0673626938855967,0.0427475749112896,0.104832179680594,0.896278106709962,0.894693892829098,0.839573902822479,0.937536795026839,100
12,"D7",10,0.0627756127036761,0.0619184163784211,0.0380799575502612,0.0968921202572177,0.910770118776537,0.912168620194434,0.852367181802665,0.954455277811513,100
12,"D7",11,0.058058219287324,0.057243588206616,0.0338078181002141,0.0904210664525479,0.922812258990092,0.925488109558619,0.8601590754467,0.973737364685641,100
12,"D7",12,0.0542924241194759,0.0534124923023076,0.0303399199027352,0.0851105185813625,0.932933240889193,0.9375,0.862048192771084,0.987316680096696,100
14,"D0",1,1,1,1,1,NA,NA,NA,NA,100
14,"D0",2,0.830800464603281,0.830800464603281,0.830800464603281,0.830800464603281,0.830800464603281,0.830800464603281,0.830800464603281,0.830800464603281,100
14,"D0",3,0.743340848974652,0.743340848974652,0.743340848974652,0.743340848974652,0.894728494560493,0.894728494560493,0.894728494560493,0.894728494560493,100
14,"D0",4,0.68986379393478,0.69004373387472,0.687876525821596,0.691604988791609,0.928058500869908,0.928300570090492,0.925385073039425,0.930400891792229,100
14,"D0",5,0.652922262826206,0.652956435308548,0.651639571966332,0.654242063189951,0.946452756530508,0.946554376497483,0.943581111879256,0.949568664556848,100
14,"D0",6,0.625374025292899,0.625378928223999,0.624421287484668,0.626345791566214,0.957808987992589,0.957727169464605,0.95528043396441,0.960582842782645,100
14,"D0",7,0.603663917438565,0.603632830013112,0.602721731590746,0.604529124899548,0.965285432396592,0.965190565368449,0.9635697283162,0.967439543213625,100
14,"D0",8,0.586013975383835,0.586008628346657,0.585355925643954,0.586567402613881,0.970762549249149,0.970838779319481,0.968829995170527,0.972391489131137,100
14,"D0",9,0.570909507253733,0.570923825233685,0.570464530727911,0.571312773336717,0.974225317641228,0.974237799426341,0.973128656588547,0.975380594303714,100
14,"D0",10,0.557780553229286,0.557777989256863,0.557458810218669,0.558162762762763,0.977003590702145,0.976981849106024,0.976102276617857,0.978026287909281,100
14,"D0",11,0.546156123620912,0.546156123620912,0.546156123620912,0.546156123620912,0.979159599713457,0.979163993818424,0.978489000125434,0.979724625152124,100
14,"D0",12,0.535692789213916,0.535692789213916,0.535692789213916,0.535692789213916,0.980841861961326,0.980841861961326,0.980841861961326,0.980841861961326,100
14,"D0",13,0.526202258596625,0.526202258596625,0.526202258596625,0.526202258596625,0.982283631946553,0.982283631946553,0.982283631946553,0.982283631946553,100
14,"D0",14,0.517531616123165,0.517531616123165,0.517531616123165,0.517531616123165,0.983522224901535,0.983522224901535,0.983522224901535,0.983522224901535,100
14,"D1",1,1,1,1,1,NA,NA,NA,NA,100
14,"D1",2,0.686104834202844,0.686104834202844,0.686104834202844,0.686104834202844,0.686104834202844,0.686104834202844,0.686104834202844,0.686104834202844,100
14,"D1",3,0.542404709590306,0.542404709590306,0.542404709590306,0.542404709590306,0.790556606732705,0.790556606732705,0.790556606732705,0.790556606732705,100
14,"D1",4,0.460456291683588,0.460527097152655,0.4566763074771,0.464545977167095,0.848916470565649,0.849047010488728,0.8419475336452,0.856456385708709,100
14,"D1",5,0.407078589413835,0.407265691981408,0.403577733405532,0.409787789359686,0.884091609434647,0.884756272339327,0.873436362547343,0.893437944425695,100
14,"D1",6,0.369458989215288,0.369441812192591,0.36651609584405,0.372321964261541,0.907601945757677,0.907603046097628,0.896229673158463,0.91647134057917,100
14,"D1",7,0.341887890438157,0.341849916520013,0.339776575966789,0.343941040566762,0.925389999997468,0.924932335623291,0.917103890125356,0.933575229387448,100
14,"D1",8,0.32080136726682,0.320770317223952,0.318832832453409,0.323203054916295,0.938332619933779,0.9378530781676,0.931184344894791,0.948350426223281,100
14,"D1",9,0.303977222147015,0.303830197193268,0.302355367537566,0.306537062858174,0.947566685199864,0.946258647315802,0.939563534799128,0.95660269233258,100
14,"D1",10,0.290226159469338,0.290255358512703,0.288857538017238,0.291896683362664,0.954774723371761,0.955239003855741,0.947821820550058,0.962354620433261,100
14,"D1",11,0.279060928241922,0.279060928241922,0.279060928241922,0.279060928241922,0.961536205871,0.961432476819144,0.956026453422611,0.966084996229821,100
14,"D1",12,0.269600441524091,0.269600441524091,0.269600441524091,0.269600441524091,0.966098848816165,0.966098848816165,0.966098848816165,0.966098848816165,100
14,"D1",13,0.261540544199269,0.261540544199269,0.261540544199269,0.261540544199269,0.970104287369641,0.970104287369641,0.970104287369641,0.970104287369641,100
14,"D1",14,0.254591399305086,0.254591399305086,0.254591399305086,0.254591399305086,0.973429951690821,0.973429951690821,0.973429951690821,0.973429951690821,100
14,"D3",1,1,1,1,1,NA,NA,NA,NA,100
14,"D3",2,0.587210386173225,0.587014668000766,0.577150771994559,0.596398080479696,0.587210386173225,0.587014668000766,0.577150771994559,0.596398080479696,100
14,"D3",3,0.460818684565824,0.460246622919212,0.44874681893303,0.472958076833399,0.784724399183321,0.784333500634943,0.775774518334805,0.793511618892367,100
14,"D3",4,0.400317658147391,0.400387359568826,0.386723045328006,0.412454200762787,0.868674929094066,0.868956469372384,0.860686204239537,0.875345333752627,100
14,"D3",5,0.363932924079946,0.363821808586056,0.351571688724658,0.377735678070246,0.909075008575922,0.908977222513278,0.901372858844376,0.917274316152122,100
14,"D3",6,0.339239052210372,0.338870411470478,0.326152306388835,0.353197276872426,0.93212621570049,0.931924786377823,0.923820681343957,0.939145907825083,100
14,"D3",7,0.320852743092246,0.320919372763743,0.30758969169325,0.335407125225507,0.945773649865321,0.946014421721943,0.93993805094714,0.952472820933645,100
14,"D3",8,0.306418827301069,0.306499668888219,0.293362621053072,0.320983863476616,0.954993038371232,0.955204797818524,0.949319002144991,0.960784750205231,100
14,"D3",9,0.294647687944646,0.294023572369136,0.281905297198467,0.309434513890165,0.961553777896755,0.961476005977685,0.9550146608494,0.966849416584298,100
14,"D3",10,0.284832854002746,0.284351847212301,0.270995094335354,0.298803791642705,0.966669337199802,0.966782449584797,0.962120591020938,0.97113746528294,100
14,"D3",11,0.276538743813316,0.276258842063328,0.262932173402072,0.290773371918873,0.970847538503811,0.970998535916563,0.966695747472544,0.974320616476801,100
14,"D3",12,0.269349095770611,0.269133851916591,0.255317024515647,0.28360053061425,0.973970421196,0.97381185045959,0.969995375348205,0.977945242940422,100
14,"D3",13,0.263069321216172,0.262871896980896,0.248604624074011,0.277571276918411,0.976653212920036,0.976541658860871,0.97277506500161,0.980503802734381,100
14,"D3",14,0.257535664505124,0.257207726886507,0.242746064246343,0.27229739828466,0.978930822311827,0.978813559322034,0.974712163940591,0.982969078594323,100
14,"D5",1,1,1,1,1,NA,NA,NA,NA,100
14,"D5",2,0.556701651471435,0.557428602594782,0.545116671662343,0.569401904791796,0.556701651471435,0.557428602594782,0.545116671662343,0.569401904791796,100
14,"D5",3,0.410596432799314,0.411117155588108,0.395679207159655,0.426130479469079,0.737493940927277,0.736860238693772,0.725962008203119,0.751611149935506,100
14,"D5",4,0.337251544545391,0.336982278348354,0.322353336083699,0.355074048163024,0.821280684866296,0.821189284087386,0.807355123736881,0.834761654186887,100
14,"D5",5,0.292188378176031,0.291852290665197,0.275958429828642,0.312034253172951,0.8662402053183,0.866119797826922,0.851851953092123,0.881928101925731,100
14,"D5",6,0.260782335925391,0.260258183756025,0.24538402853067,0.281109729020354,0.89238640167943,0.89175106431349,0.877757650884378,0.907732625519751,100
14,"D5",7,0.23739266007538,0.236877660389633,0.220491862745098,0.257409224119123,0.910167070731296,0.91049276350076,0.896781171338018,0.921513242377501,100
14,"D5",8,0.218720408976968,0.218078951115389,0.201097111722217,0.240909752393706,0.921100265617255,0.921617534824298,0.903458426839082,0.935174219250791,100
14,"D5",9,0.203580709375941,0.203158870782945,0.185700373292358,0.226334602620932,0.930582934160202,0.931504949581084,0.915217908968798,0.942293231598435,100
14,"D5",10,0.19093799968525,0.189939849239967,0.171347277205265,0.214840433230547,0.937620645708866,0.937992027060699,0.922179908578964,0.950822014277697,100
14,"D5",11,0.180189697059995,0.179085507189683,0.159460653186758,0.20460192067406,0.943388795377795,0.944487812202476,0.928004881758806,0.957516322765529,100
14,"D5",12,0.170952074543278,0.169960478828725,0.149106851730712,0.195495434510906,0.94836210513674,0.947785997032315,0.933446325780211,0.962863385549222,100
14,"D5",13,0.16294324543709,0.161694559086072,0.140147515527951,0.187510494066936,0.952723191014811,0.951964532100291,0.938124801497034,0.96830080117743,100
14,"D5",14,0.155954297555338,0.154344806400342,0.131972880357254,0.180571289293112,0.956612872047776,0.955719557195572,0.940351441241685,0.973452496462256,100
14,"D6",1,1,1,1,1,NA,NA,NA,NA,100
14,"D6",2,0.449018659215742,0.449706118271981,0.424625923252157,0.465843611613107,0.449018659215742,0.449706118271981,0.424625923252157,0.465843611613107,100
14,"D6",3,0.292078525011788,0.293620010120275,0.267352500481475,0.310739124193901,0.650287794022234,0.652208835568933,0.625272475430133,0.668524761232855,100
14,"D6",4,0.223039899932184,0.224260148759258,0.197889286339658,0.241500300498094,0.763306981510836,0.76470452423739,0.736757754660038,0.782196212427823,100
14,"D6",5,0.185144683395097,0.186871330166491,0.161044019738748,0.203639846319048,0.829712646988128,0.831036745201869,0.801052534267168,0.853141576877665,100
14,"D6",6,0.160729486337197,0.162753979916728,0.13713737914453,0.179567835700665,0.867557949367942,0.86923753634402,0.837889944194939,0.888660963569092,100
14,"D6",7,0.143645537741606,0.14631950024593,0.118930243362371,0.16237424118198,0.893000767533985,0.897021193046981,0.864555952211248,0.915108960926431,100
14,"D6",8,0.131116914981659,0.133573840725806,0.104609803840919,0.149946560850593,0.911808798699445,0.914530723909788,0.87571548108961,0.934538037899003,100
14,"D6",9,0.121232484876956,0.122878475860962,0.0948435616732569,0.140724996454851,0.923450761853109,0.926652062381511,0.888739822940606,0.945259263431202,100
14,"D6",10,0.113251496681783,0.115356069454047,0.0854588156326891,0.13391206784635,0.932645507434285,0.936305545766038,0.89762390496559,0.958330011758613,100
14,"D6",11,0.106579199809393,0.108398511693058,0.0779251556103269,0.128541729928902,0.939235941773408,0.942219741252357,0.899734751093768,0.965036908792988,100
14,"D6",12,0.100893871547824,0.102582766825314,0.0714453006129531,0.124644673631526,0.94442944308956,0.948632019013841,0.910923199705323,0.971789257280937,100
14,"D6",13,0.0959571958072326,0.097832164975303,0.0656693116280268,0.121505613050099,0.948424025120937,0.953203441981382,0.912148646092109,0.97760916082116,100
14,"D6",14,0.0916068570505064,0.0937285476698789,0.0603111023990658,0.119263715325173,0.951547275743197,0.956232965845754,0.912300303336704,0.983153153153153,100
14,"D7",1,1,1,1,1,NA,NA,NA,NA,100
14,"D7",2,0.349824082281576,0.346784322771164,0.317039034819571,0.399961811455272,0.349824082281576,0.346784322771164,0.317039034819571,0.399961811455272,100
14,"D7",3,0.211914295225718,0.21077554895396,0.178984117126977,0.261131765428562,0.60445914365311,0.602497602245134,0.561967756189395,0.653742715392854,100
14,"D7",4,0.153497555805872,0.150942649177316,0.123128957725816,0.197730371196629,0.722203095514524,0.718867117379648,0.677515261788218,0.77186632418556,100
14,"D7",5,0.120853051157641,0.117833388045082,0.0905711121347658,0.162592787128687,0.785050470679252,0.785975012596958,0.73145766170399,0.833524784358187,100
14,"D7",6,0.0998277759038721,0.0984383435906918,0.0729671034220545,0.13945871598065,0.823871677343053,0.823134969689944,0.783254596563555,0.866603581521059,100
14,"D7",7,0.0856575412508531,0.0837976775340351,0.0612418205598135,0.123228545775039,0.855539738112733,0.857052974549896,0.810266893129096,0.901195699324297,100
14,"D7",8,0.0752549818993693,0.0736610379188123,0.0526828668473217,0.111151762715122,0.876736106020878,0.879398215818426,0.825285373984972,0.916653462916917,100
14,"D7",9,0.0676058342577825,0.0663034880615695,0.045842677021471,0.101617942151776,0.897048584245966,0.897903175745617,0.85083558343777,0.938855880056959,100
14,"D7",10,0.061711416195685,0.0597510706672503,0.0401157991699958,0.0955474430827346,0.911156146949226,0.91597977133689,0.861450612907449,0.951183292428072,100
14,"D7",11,0.0570104359674562,0.055731761370192,0.0358383187536148,0.090623476692597,0.922444435626768,0.925558081416481,0.87445836032698,0.96659418568214,100
14,"D7",12,0.05332140973366,0.0521644267044072,0.0323261727434415,0.0870847265383314,0.933548461837638,0.937114975555502,0.873855415007037,0.974142205432553,100
14,"D7",13,0.050338641680565,0.048886334848042,0.0294112930576855,0.0831675978393263,0.941844965329187,0.944434504992114,0.872905431432974,0.983978330822949,100
14,"D7",14,0.0478927238394511,0.0466513701161188,0.0268756021194605,0.0790581475401154,0.94845763825986,0.951456310679612,0.867932692307692,0.991478615946701,100
