"Group1","Group2","Heterogeneous.Selection_Relative.Diff","Heterogeneous.Selection_Cohen.d","Heterogeneous.Selection_Effect.Size","Heterogeneous.Selection_P.value","Homogeneous.Selection_Relative.Diff","Homogeneous.Selection_Cohen.d","Homogeneous.Selection_Effect.Size","Homogeneous.Selection_P.value","Dispersal.Limitation_Relative.Diff","Dispersal.Limitation_Cohen.d","Dispersal.Limitation_Effect.Size","Dispersal.Limitation_P.value","Homogenizing.Dispersal_Relative.Diff","Homogenizing.Dispersal_Cohen.d","Homogenizing.Dispersal_Effect.Size","Homogenizing.Dispersal_P.value","Drift.and.Others_Relative.Diff","Drift.and.Others_Cohen.d","Drift.and.Others_Effect.Size","Drift.and.Others_P.value","Stochasticity_Relative.Diff","Stochasticity_Cohen.d","Stochasticity_Effect.Size","Stochasticity_P.value"
"D0","D1","-0.516272463926069","-2.56328911425527","large","0.0278972102789721","-0.573305878556776","-11.9680940431757","large","0","0.155310876804613","1.68833914314527","large","0.113588641135886","0.756225396306715","4.91708395541712","large","0.0002999700029997","0.554713352738882","8.44936120235147","large","0","0.411220346396541","11.9653082299043","large","0"
"D0","D3","0.389760018528814","1.19080837258437","large","0.181581841815818","-0.693701352298749","-15.8522214027812","large","0","0.993709862905536","12.599671909196","large","0","0.886454659873727","6.32228442881246","large","0","0.449649753256038","5.22761837048108","large","0","0.692520611524825","15.8455135962033","large","0"
"D0","D5","-0.119864158400279","-0.329752447437618","small","0.451954804519548","-0.605701227572646","-8.54421108335369","large","0","0.645197072855936","6.44328437606257","large","0.0003999600039996","0.966953997053311","6.90060971990801","large","0","0.281050015365492","2.98727776574652","large","0.0165983401659834","0.469835822562351","8.54000627637088","large","0"
"D0","D6","-0.995741547934907","-5.54712431779275","large","0","-0.663246544509182","-15.6773143371247","large","0","0.894219395942099","10.8967931319744","large","0","0.991614769380114","7.08776664144651","large","0","0.468157686877963","7.09126635510684","large","0","0.670442714485293","19.0047626475634","large","0"
"D0","D7","-0.99713820806232","-6.34575617971889","large","0","-0.53531682630355","-10.6956432157672","large","0","0.666992450708097","6.59430409225204","large","0.0002999700029997","0.999802510901055","7.14514753125189","large","0","0.231485087549556","2.94887373706846","large","0.0193980601939806","0.453800717424747","12.5916972052678","large","0"
"D0","D0_vs_D1","-0.936594749264826","-11.8700221330135","large","0","-0.453317982653325","-15.6558646245525","large","0","-0.437610121016849","-9.41269743007577","large","0","0.966511185395526","6.90964614004344","large","0","0.923673995257665","22.5533249251053","large","0","0.257899737607442","15.9296371030737","large","0"
"D0","D0_vs_D3","-0.982329128601052","-9.47014834285181","large","0","-0.347071095997004","-7.92860820766979","large","0","-0.302204989237236","-3.94268339756345","large","0.0004999500049995","0.661544109912622","4.67900865337581","large","0","0.564012028911294","10.4078202534784","large","0","0.178757306801168","8.83019027547496","large","0"
"D0","D0_vs_D5","-0.99063987006655","-12.0326496431671","large","0","-0.239350743442524","-3.38446887579285","large","0.0043995600439956","-0.271979765039623","-3.35184035269856","large","0.0004999500049995","-0.106221907801705","-0.534939858333463","medium","0.316268373162684","0.521340630784524","8.12395422785272","large","0","0.127060104254475","4.5409216193982","large","0"
"D0","D0_vs_D6","-0.99158682878993","-15.460690795278","large","0","-0.104355375698503","-1.72120507718212","large","0.0980901909809019","-0.242478141044212","-3.33964040351906","large","0.0001999800019998","0.13553849485574","0.802620043612719","large","0.281271872812719","0.345434387880889","7.00211261771368","large","0","0.0699622675019684","3.26013823540258","large","0.0084991500849915"
"D0","D0_vs_D7","-0.993471833794351","-17.4290849097315","large","0","0.0637770750667047","0.976920884398277","large","0.244375562443756","-0.122117966594505","-1.32113102498465","large","0.155084491550845","-0.373788207087801","-3.17590769177897","large","0.0263973602639736","0.220659783182969","4.11403788595842","large","0.0006999300069993","0.0248208196236786","1.01298494161338","large","0.234776522347765"
"D0","D1_vs_D3","-0.985985543547954","-8.74678778690038","large","0","-0.570218371989991","-10.9996785025285","large","0","0.457420394973589","4.8031832473702","large","0.0066993300669933","0.633368381985267","3.73984567571898","large","0.0075992400759924","0.378053356003641","5.96295308638039","large","0","0.42625252943502","11.3646979758606","large","0"
"D0","D1_vs_D5","-0.996820861397337","-11.4749340546916","large","0","-0.49623149177499","-8.18896650606694","large","0","0.45900607351379","4.80496828619379","large","0.0066993300669933","-0.42766785586232","-2.26801477049357","large","0.0550944905509449","0.484847552556466","7.86230133711429","large","0","0.392578589280935","10.7192051823478","large","0"
"D0","D1_vs_D6","-0.997023948517477","-14.2917499777249","large","0","-0.483188128218876","-9.18588457447337","large","0","0.52524339617842","5.86972266744397","large","0.0031996800319968","-0.37019546878362","-2.11398300019335","large","0.0551944805519448","0.40025172564594","7.15201675986682","large","0","0.383509099420908","12.4997827544225","large","0"
"D0","D1_vs_D7","-0.997571379552112","-13.2787945330263","large","0","-0.418604339404609","-7.67687563249709","large","0","0.457819952885659","4.66948478564625","large","0.0065993400659934","-0.488411507886585","-3.69674328274112","large","0.0096990300969903","0.41370236689997","7.62986762590845","large","0","0.339834963312478","12.3153898130717","large","0"
"D0","D3_vs_D5","-0.78266714159835","-3.34167079102695","large","0.0017998200179982","-0.653958192331847","-14.2943337880349","large","0","0.774956803479859","9.04783689312254","large","0","0.963001848722261","6.87833111266769","large","0","0.389207778727086","5.07250965809094","large","0","0.579008998702812","14.3151122841006","large","0"
"D0","D3_vs_D6","-0.993181767369976","-4.98423569315185","large","0","-0.66455427154533","-18.9094640332308","large","0","0.880927124869915","10.8025295142343","large","0","0.986946673220532","7.0536244241792","large","0","0.437434707089283","7.15174884640043","large","0","0.648304684741691","20.3035177443905","large","0"
"D0","D3_vs_D7","-0.995768345630967","-5.0119232584171","large","0","-0.610848057133478","-14.9440868272041","large","0","0.78947166085905","8.99572535450553","large","0","0.992081475256755","7.0910223372278","large","0","0.318792410239196","5.20268259972026","large","0","0.548593462663969","16.8796071918579","large","0"
"D0","D5_vs_D6","-0.991020876129679","-4.12959228819256","large","0","-0.648683973437581","-19.6308365868589","large","0","0.764196322992022","9.09353420285766","large","0","0.984659548143104","7.03465579784744","large","0","0.427349971938457","7.10512183817434","large","0","0.596838900171291","19.921515357254","large","0"
"D0","D5_vs_D7","-0.995122922281762","-5.73064407043485","large","0","-0.600833656011731","-15.4210434086941","large","0","0.760710681604834","8.6938354736452","large","0","0.996259307322653","7.11979503621282","large","0","0.285850451179279","4.76891940418466","large","0","0.519768150485223","15.9875662220852","large","0"
"D0","D6_vs_D7","-0.996697543785713","-9.6981951519109","large","0","-0.595436181970768","-16.4421957337436","large","0","0.78888719336377","9.3853727003453","large","0","0.998457930298521","7.13548586527056","large","0","0.298870306358481","5.75769535154539","large","0","0.538021772322648","21.2622405342912","large","0"
"D1","D3","0.704810117349142","3.30084236241232","large","0.0104989501049895","-0.282158735477196","-5.24487800961149","large","0.0003999600039996","0.992553311127449","16.1702269870306","large","0","0.53421997859492","2.45627868747809","large","0","-0.190903156861347","-1.11651905576931","large","0.230576942305769","0.477768318600458","5.23466145960987","large","0.0003999600039996"
"D1","D5","0.450394458206911","1.80800481081906","large","0.103189681031897","-0.0759217139113575","-0.888159670515124","large","0.266673332666733","0.579960345882193","6.06731737871335","large","0","0.864440337729902","3.85759171759744","large","0","-0.380643081190845","-2.60134933339065","large","0.0358964103589641","0.0995541809352116","0.883042137015099","large","0.267873212678732"
"D1","D6","-0.991196589510582","-5.51956560698791","large","0","-0.210784872423827","-3.739399636737","large","0.0047995200479952","0.874769780794924","13.0877288398575","large","0","0.965602525887246","4.31713595375267","large","0","-0.162746858843962","-1.32653220906832","large","0.177282271772823","0.440270594444382","5.37101605662073","large","0"
"D1","D7","-0.99408387630585","-6.32502637199164","large","0","0.0817525884379053","1.41206565427463","large","0.157784221577842","0.605763185357278","6.20097940680037","large","0","0.9991898700851","4.45705154213608","large","0","-0.420588149888592","-3.95851312878935","large","0.0011998800119988","0.0723197052880569","0.8165691617873","large","0.278772122787721"
"D1","D0_vs_D1","-0.868923627441619","-10.6056357981139","large","0","0.219483890261861","4.56107080779803","large","0.0002999700029997","-0.524955386227762","-16.2168112352184","large","0","0.862623857870733","3.88237964854573","large","0","0.828591301329596","6.57472127255887","large","0","-0.206603631017172","-4.44396553513427","large","0.0004999500049995"
"D1","D0_vs_D3","-0.963469370500654","-9.26201029593368","large","0","0.346492215573188","6.79903088812419","large","0","-0.410580144188685","-6.46610723360814","large","0","-0.279744832833755","-1.30009977798482","large","0.131586841315868","0.0208824500568495","0.0210338832490089","negligible","0.483651634836516","-0.283062536227754","-6.38966337685721","large","0"
"D1","D0_vs_D5","-0.980649995637172","-11.8942984352738","large","0","0.439039586557484","7.68264132911704","large","0","-0.385049226062819","-5.6684773678478","large","0","-0.782119599784621","-5.64022117865424","large","0.0001999800019998","-0.0697212341399601","-0.573507773226533","medium","0.351964803519648","-0.325520970604032","-6.98673552211218","large","0"
"D1","D0_vs_D6","-0.982607623956342","-15.2964839734804","large","0","0.52358992633267","9.77802611608792","large","0","-0.360129525157295","-6.34973597566097","large","0","-0.71800409591101","-5.87777226551287","large","0.0014998500149985","-0.319721905616866","-3.22185369643024","large","0.0075992400759924","-0.366929283587206","-8.92751301170328","large","0"
"D1","D0_vs_D7","-0.986504456085685","-17.2857269690456","large","0","0.600519181570582","11.4980993389714","large","0","-0.258462594933728","-3.49000031342404","large","0.00999900009999","-0.847345468354767","-9.91006956715146","large","0","-0.428636380296462","-5.30333833536379","large","0","-0.396234389072735","-10.3207039390142","large","0"
"D1","D1_vs_D3","-0.971028202020933","-8.60082920633583","large","0","0.00718389611273244","0.105604622280284","negligible","0.465753424657534","0.357657639802585","4.02235992470964","large","0.0041995800419958","-0.335096615471149","-0.922616083845289","large","0.226577342265773","-0.284043653005506","-2.29591790785515","large","0.0498950104989501","0.0255310844158409","0.31811885024745","small","0.413458654134587"
"D1","D1_vs_D5","-0.993427832063343","-11.4323564295921","large","0","0.152995642886355","2.04643073134377","large","0.0666933306669333","0.359534873090734","4.0127880115237","large","0.0066993300669933","-0.860479958381909","-5.27469303063551","large","0","-0.135621601972635","-0.880445939019783","large","0.28017198280172","-0.0306899901561542","-0.191824866219523","negligible","0.452754724527547"
"D1","D1_vs_D6","-0.993847669895584","-14.241929247925","large","0","0.174372446258482","2.80713866819319","large","0.0236976302369763","0.437951086636921","5.51486948418731","large","0","-0.846469649998492","-5.70372465045262","large","0","-0.257544095911405","-2.14259001259093","large","0.0614938506149385","-0.0449499691716493","-0.591805099445596","medium","0.34016598340166"
"D1","D1_vs_D7","-0.994979362829746","-13.2414075387127","large","0","0.266086504659737","4.78921840363666","large","0.0004999500049995","0.35813066342879","3.83877896379389","large","0.0030996900309969","-0.875287718081007","-7.37550286823181","large","0","-0.240510924619157","-2.25480698668276","large","0.0503949605039496","-0.108132632170661","-1.91961013349687","large","0.0837916208379162"
"D1","D3_vs_D5","-0.550712245646414","-2.16968227316718","large","0.0446955304469553","-0.18901669772782","-3.27075536132015","large","0.0158984101589841","0.733578673691427","10.0504634851177","large","0","0.848228032300321","3.80427155564663","large","0","-0.270968699743549","-1.86892348705083","large","0.0878912108789121","0.284976988045304","3.28324048125994","large","0.0155984401559844"
"D1","D3_vs_D6","-0.985904807724277","-4.9431850384533","large","0","-0.213849660454476","-4.36127051189422","large","0.0021997800219978","0.859033493080102","12.9532559045926","large","0","0.946453295045077","4.23393437461942","large","0","-0.208471171484466","-1.69843509574567","large","0.111588841115888","0.402670739204628","5.28575683791433","large","0.0004999500049995"
"D1","D3_vs_D7","-0.991251987837247","-4.9867825873439","large","0","-0.0879838195326479","-1.45199489782121","large","0.151484851514849","0.750762341600257","9.85284881666941","large","0","0.96751702341722","4.32493622129396","large","0","-0.346327530764191","-3.34426539042401","large","0.0068993100689931","0.233318382227842","2.9331146217548","large","0.0185981401859814"
"D1","D5_vs_D6","-0.981437641645961","-4.08754619048802","large","0","-0.1766560425671","-3.69836130523723","large","0.0048995100489951","0.720839690564556","10.1621061501537","large","0","0.937071164819951","4.1871843818128","large","0","-0.222410503028451","-1.72099540349934","large","0.108389161083892","0.315259796493858","4.37920655454838","large","0.0016998300169983"
"D1","D5_vs_D7","-0.989917717403848","-5.69888397003488","large","0","-0.0645140771141804","-0.967919228076767","large","0.25007499250075","0.716713153011898","9.41776184251169","large","0","0.984655117388464","4.39520539251312","large","0","-0.376479831155221","-3.97563039355142","large","0.0012998700129987","0.184360657547091","2.27549736526411","large","0.0502949705029497"
"D1","D6_vs_D7","-0.993172900097664","-9.66160117713058","large","0","-0.0518645612907447","-1.05934430532837","large","0.227177282271773","0.750070409528172","10.5575418621837","large","0","0.99367419871424","4.43351184985709","large","0","-0.364901171210715","-3.75568267777605","large","0.0016998300169983","0.215363124642734","3.31854198256015","large","0.0113988601139886"
"D3","D5","-0.46290592033006","-1.16150861010246","large","0.187981201879812","0.22318133070606","3.28051602955789","large","0.0162983701629837","-0.982271462230891","-6.06607135517282","large","0","0.708962050666822","5.99494074107691","large","0","-0.234508298899619","-1.39362880192624","large","0.163183681631837","-0.420029867047484","-3.27715858266481","large","0.0162983701629837"
"D3","D6","-0.997401322290701","-5.55642333828597","large","0","0.0904365116170183","1.7507404622696","large","0.111488851114889","-0.9405360070451","-4.69915819949361","large","0","0.926150816840555","8.58469545875684","large","0","0.0336293728065415","0.063467573361619","negligible","0.515848415158484","-0.066992592820549","-0.562697706733756","medium","0.326867313268673"
"D3","D7","-0.998253620140976","-6.35275973587638","large","0","0.340844116939474","6.57197768271579","large","0","-0.981111127637078","-4.8512795827181","large","0","0.998260702740198","9.26894466929511","large","0","-0.283878246436175","-2.26283758276099","large","0.0598940105989401","-0.437056403616181","-4.43997451094613","large","0.001999800019998"
"D3","D0_vs_D1","-0.961307580966192","-12.1156590542917","large","0","0.439713328805154","9.99124652288311","large","0","-0.996462490560657","-65.5502629288312","large","0","0.705062184258449","6.408826813854","large","0","0.861313763019272","6.00132117136107","large","0","-0.585663280209806","-9.89135627611058","large","0"
"D3","D0_vs_D3","-0.989216527764926","-9.53382943042121","large","0","0.530885145651561","11.6375769557279","large","0","-0.995610773718469","-18.9922302200643","large","0","-0.664519532820187","-8.69241791661763","large","0","0.207799081279344","1.23734593572691","large","0.18958104189581","-0.625592542835897","-11.3085160617276","large","0"
"D3","D0_vs_D5","-0.994288074482843","-12.0756165079551","large","0","0.597319467467189","12.1188320744081","large","0","-0.995420652914555","-17.4323341089543","large","0","-0.898515662523933","-7.11079256704085","large","0","0.130264096278017","0.679889979595371","medium","0.34046595340466","-0.647765682409812","-11.5411586142436","large","0"
"D3","D0_vs_D6","-0.994865946556653","-15.5095215578488","large","0","0.658013190287242","13.9977651230881","large","0","-0.995235083655115","-23.6676039456089","large","0","-0.868651941757285","-8.62819833383802","large","0","-0.159213016152436","-1.16835912491581","large","0.1998800119988","-0.669390415322934","-13.3032229996758","large","0"
"D3","D0_vs_D7","-0.996016251975624","-17.4717912761465","large","0","0.713236184146022","15.4151906318964","large","0","-0.994478001657112","-16.7733263557119","large","0","-0.928896568982701","-12.0875742398026","large","0","-0.293825424547326","-2.78020813885124","large","0.037996200379962","-0.684694469834233","-14.4483916016556","large","0"
"D3","D1_vs_D3","-0.991447818354375","-8.79305333274779","large","0","0.28731563254696","5.17518464466734","large","0.0002999700029997","-0.988406978374799","-10.2845182235702","large","0","-0.690301287321841","-2.52125872857874","large","0","-0.115116622854253","-0.714638763125196","medium","0.286271372862714","-0.46408584917613","-4.75672463811326","large","0.0013998600139986"
"D3","D1_vs_D5","-0.998059962518017","-11.4890227954844","large","0","0.391985321233216","6.80882275402123","large","0","-0.988372998685366","-9.1838066886562","large","0","-0.935014352028688","-5.94153506873112","large","0","0.0639552712271294","0.44282367759749","small","0.3995600439956","-0.493795603761841","-5.20571478316411","large","0.0004999500049995"
"D3","D1_vs_D6","-0.998183894398448","-14.3080280990308","large","0","0.407330472797319","7.8320472684752","large","0","-0.986750817063246","-11.8175608797138","large","0","-0.928488630289968","-6.54292813540995","large","0","-0.0823646014876834","-0.475476782340264","small","0.338866113388661","-0.501242616579826","-5.96578240103567","large","0"
"D3","D1_vs_D7","-0.99851795870288","-13.291159961176","large","0","0.473166608454595","9.68961116917233","large","0","-0.988398434933299","-9.0002773160882","large","0","-0.941911510658295","-8.22860346138896","large","0","-0.0613125217067602","-0.498608999378586","small","0.33036696330367","-0.5342386049131","-7.31587984081656","large","0"
"D3","D3_vs_D5","-0.867374800515897","-3.67956022807756","large","0.0005999400059994","0.114850746604048","1.98170288632971","large","0.0827917208279172","-0.972049201256785","-6.80636721783949","large","0","0.674155264878384","5.8377530603275","large","0","-0.0989566867812903","-0.54934439876138","medium","0.334366563343666","-0.269629546646492","-1.96150777072148","large","0.084991500849915"
"D3","D3_vs_D6","-0.995839241846188","-4.99804535176857","large","0","0.0868906004190108","1.66955648370786","large","0.119288071192881","-0.947174055488353","-5.08172458643177","large","0","0.885038639498978","8.18395159684509","large","0","-0.0217131172517856","-0.182697893266485","negligible","0.416458354164584","-0.125722251235162","-0.885753214838813","large","0.252074792520748"
"D3","D3_vs_D7","-0.997417675316249","-5.02041988263481","large","0","0.212907314698129","4.16803441422611","large","0.0057994200579942","-0.970122135955042","-5.77993964607008","large","0","0.930261120936894","8.60588667501507","large","0","-0.192096131904212","-1.48352897232534","large","0.147485251474853","-0.318841525225222","-2.87159582493183","large","0.0321967803219678"
"D3","D5_vs_D6","-0.994520579615748","-4.14376277586589","large","0","0.128139269083898","2.48065260879124","large","0.0503949605039496","-0.973324686136038","-7.17205206637941","large","0","0.864895804267825","7.89529957696188","large","0","-0.0389413781975476","-0.202577936953796","small","0.408859114088591","-0.237328728873362","-1.79599328400435","large","0.107389261073893"
"D3","D5_vs_D7","-0.997023812183589","-5.74134236283523","large","0","0.232654124491385","4.75229876624734","large","0.0012998700129987","-0.973713255833357","-6.30339428521986","large","0","0.967055515680458","8.96308129250927","large","0","-0.229362746706543","-1.92916009776844","large","0.0938906109389061","-0.359727205128419","-3.43735778892469","large","0.0162983701629837"
"D3","D6_vs_D7","-0.997984709180984","-9.71039754986351","large","0","0.242891642674977","4.79022956796923","large","0.0012998700129987","-0.970204853060844","-6.2356353618052","large","0","0.986418908078802","9.15616403836684","large","0","-0.215052148361368","-1.64761996357484","large","0.127887211278872","-0.334428832239427","-3.04970330935897","large","0.0293970602939706"
"D5","D6","-0.995161596808336","-5.54346279416957","large","0","-0.145943434168663","-1.95423131775248","large","0.0851914808519148","0.70186096008461","4.06596933703484","large","0.0023997600239976","0.746255829081235","5.07552216172835","large","0","0.260251304696238","1.65441292218509","large","0.120687931206879","0.378386357396875","3.07401978119244","large","0.0200979902009799"
"D5","D7","-0.996748465631762","-6.34301708596776","large","0","0.151467505718367","1.92487671870742","large","0.0875912408759124","0.0614295322408988","0.464464430019633","small","0.362963703629637","0.994023812826516","6.75672787969479","large","0","-0.0644944255641006","-0.594194233448381","medium","0.342865713428657","-0.0293576092996687","-0.266959360573423","small","0.429457054294571"
"D5","D0_vs_D1","-0.927959699243778","-11.3824874509928","large","0","0.278742011048605","3.8928193329585","large","0","-0.800462424740582","-21.8416268284687","large","0","-0.0132226733915675","0.145995431740963","negligible","0.52024797520248","0.893836836534412","7.11486101654426","large","0","-0.285589556688229","-3.81345273585426","large","0"
"D5","D0_vs_D3","-0.979922563581969","-9.4311796784475","large","0","0.396107646621286","5.43497190253461","large","0","-0.752420287634847","-11.1505992977206","large","0","-0.902362452790651","-12.9531814120443","large","0","0.393576771115241","2.81409320860649","large","0.0263973602639736","-0.354436658215368","-5.15459673246803","large","0"
"D5","D0_vs_D5","-0.98936513036847","-12.0078858545702","large","0","0.481628662582463","6.29245953309869","large","0","-0.741696289615948","-10.2654056491902","large","0","-0.970464206531529","-7.69469552533409","large","0","0.334224383551782","2.22627069781757","large","0.0611938806119388","-0.392668177933524","-5.79080922577623","large","0"
"D5","D0_vs_D6","-0.990441053741456","-15.427589904407","large","0","0.55975979565013","7.49898501387834","large","0","-0.731229027066873","-11.79905291035","large","0","-0.961772730480146","-9.5973995390957","large","0","0.0895533401369055","0.691629845646417","medium","0.309069093090691","-0.429954120233749","-6.91357648216747","large","0"
"D5","D0_vs_D7","-0.99258277427518","-17.4003289752568","large","0","0.630848449980455","8.60473357065814","large","0","-0.688524884860547","-8.61272038977326","large","0","-0.979306203246172","-12.7799932506541","large","0","-0.0774889206015413","-0.770242740984409","medium","0.286071392860714","-0.456341779945447","-7.82357991900067","large","0"
"D5","D1_vs_D3","-0.984076939274995","-8.72225165554817","large","0","0.0825601963186501","0.947130002848874","large","0.251374862513749","-0.346081342060776","-2.28362356456876","large","0.045995400459954","-0.909865921751024","-3.33427718678756","large","0","0.134923628501727","0.945838061238025","large","0.250974902509749","-0.075962501559115","-0.619315174535165","medium","0.333866613338666"
"D5","D1_vs_D5","-0.996387900080418","-11.4688018595637","large","0","0.217301665368811","2.40245772634652","large","0.0421957804219578","-0.344164675842977","-2.02929758254855","large","0.0733926607339266","-0.981086710278341","-6.24439440896275","large","0","0.283465528265611","2.01735138587521","large","0.081991800819918","-0.12718885425846","-1.00283267733321","large","0.241575842415758"
"D5","D1_vs_D6","-0.996618645279673","-14.2842203037387","large","0","0.237055505190979","2.9257184627035","large","0.0164983501649835","-0.252663524239455","-1.6220146928508","large","0.118588141185881","-0.979187477605586","-6.90756528181275","large","0","0.165799725750111","1.23924181077274","large","0.187181281871813","-0.140029192742914","-1.33310912233245","large","0.174082591740826"
"D5","D1_vs_D7","-0.997240629987896","-13.2734003902533","large","0","0.321806475088645","4.27614044645731","large","9.99900009999e-05","-0.345599438724384","-2.08587962345001","large","0.0684931506849315","-0.983094045182128","-8.58186704396477","large","0","0.184508455900329","1.25718546914248","large","0.181381861813819","-0.196921757477754","-2.26810134127289","large","0.0544945505449455"
"D5","D3_vs_D5","-0.753068960347497","-3.06639478128693","large","0.0066993300669933","-0.122386799385971","-1.66320024407558","large","0.121787821217878","0.365723393739748","2.02565860240441","large","0.0707929207079292","-0.106820157077103","-0.489068057146338","small","0.34976502349765","0.15043850848203","0.96192025351715","large","0.24997500249975","0.205923336178821","1.677566073625","large","0.11998800119988"
"D5","D3_vs_D6","-0.992253204212623","-4.978709365101","large","0","-0.14926002333301","-2.23632624561487","large","0.0653934606539346","0.664397145512455","3.94151617789354","large","0.0031996800319968","0.604995290942573","4.11122817242005","large","0","0.217518179381131","1.46731498863081","large","0.147285271472853","0.336629424948895","2.90003367011497","large","0.0298970102989701"
"D5","D3_vs_D7","-0.995192044035678","-5.00860611980889","large","0","-0.0130531209345324","-0.137379540367449","negligible","0.460953904609539","0.406633026295561","2.11277100599121","large","0.0642935706429357","0.760378743655628","5.10861435467097","large","0","0.0524965514713671","0.288155301878951","small","0.423457654234577","0.148553303775189","1.21541827212015","large","0.185881411858814"
"D5","D5_vs_D6","-0.989798024979871","-4.12397616065934","large","0","-0.109010600262151","-1.66973294293796","large","0.116788321167883","0.335395344942483","2.02904074522439","large","0.0725927407259274","0.535784951612928","3.41902875899451","large","0.0014998500149985","0.203491146393639","1.44786951761396","large","0.150884911508849","0.239554241900617","2.19363274691025","large","0.064993500649935"
"D5","D5_vs_D7","-0.994458721611231","-5.72639281430774","large","0","0.0121943436219611","0.243837164638478","small","0.435456454354565","0.325571183075373","1.76328000696913","large","0.100789921007899","0.886803475646306","5.99549830202766","large","0","0.00667700941147843","-0.0871665285709331","negligible","0.531246875312469","0.0941827645998293","0.740197477530856","medium","0.295270472952705"
"D5","D6_vs_D7","-0.996247788059301","-9.69308478747903","large","0","0.0253731182681696","0.201990454723196","small","0.442855714428557","0.404985724510357","2.41551706925946","large","0.0428957104289571","0.953335666526255","6.48169102811727","large","0","0.0247865517405199","0.224242443167499","small","0.437356264373563","0.12861289514099","1.31982260890062","large","0.163683631636836"
"D6","D7","-0.327973664154233","-1.73332087423455","large","0.108889111088891","0.27530525193753","5.16977351351496","large","9.99900009999e-05","-0.682347729705137","-3.11682533870936","large","0.001999800019998","0.976447982423222","9.5856249322305","large","0","-0.307960971861647","-2.81763323061042","large","0.0205979402059794","-0.396635447851761","-4.44452999534661","large","0.0005999400059994"
"D6","D0_vs_D1","0.932837548693248","5.18662273437545","large","0","0.384004878877756","8.93086084656241","large","0","-0.940510058885112","-48.4163782570872","large","0","-0.749611005378307","-9.19214497238393","large","0","0.856487528616736","8.60001103207266","large","0","-0.555912722019256","-11.5219898535881","large","0"
"D6","D0_vs_D3","0.759012899310278","4.16683829921505","large","0.0001999800019998","0.484241770541571","10.7920713370422","large","0","-0.926186822252925","-16.9340281923862","large","0","-0.975225041532822","-14.3677124195415","large","0","0.180230755749094","1.56380786356199","large","0.137286271372863","-0.598709019582209","-13.0699109305585","large","0"
"D6","D0_vs_D5","0.545043488138445","2.94756160542488","large","0.0190980901909809","0.557281555739782","11.2856257985661","large","0","-0.922989579779516","-15.5447796954283","large","0","-0.992505464573915","-7.8833466321663","large","0","0.0999975793470901","0.784307808358961","medium","0.28977102289771","-0.622474253816465","-12.9483805132085","large","0"
"D6","D0_vs_D6","0.493835088010986","2.67856432968824","large","0.0277972202779722","0.624009962932064","13.439918573772","large","0","-0.919868880172592","-20.3492032946266","large","0","-0.990300053189196","-9.90771802024997","large","0","-0.187488155083133","-1.68964674176196","large","0.117188281171883","-0.645651704227598","-15.3598768208033","large","0"
"D6","D0_vs_D7","0.347680201308532","1.86386426235142","large","0.0944905509449055","0.684723694918993","15.0525027008219","large","0","-0.907137108214788","-14.5259387999684","large","0","-0.994749069699539","-13.000939423601","large","0","-0.317573632611725","-3.84956615958011","large","0.0023997600239976","-0.662054633500758","-16.7742584847074","large","0"
"D6","D1_vs_D3","0.696138620883022","3.75237133388954","large","0.0042995700429957","0.216454511910931","3.70277852609855","large","0.0040995900409959","-0.805041319139239","-7.69944804640062","large","0","-0.977129003043186","-3.59955984637611","large","0","-0.144874695834599","-0.985700952349682","large","0.242675732426757","-0.425605684692282","-4.78862585769513","large","0.0002999700029997"
"D6","D1_vs_D5","-0.253452063315999","-1.65577776513167","large","0.118288171182882","0.33153134824298","5.49182268539123","large","0","-0.804469886113226","-6.91454643903414","large","0","-0.995200862980231","-6.34286708372434","large","0","0.0313812294861037","0.483571832001577","small","0.356464353564644","-0.457448684390994","-5.2993799080135","large","0"
"D6","D1_vs_D6","-0.301142425221289","-2.20615405829532","large","0.0563943605639436","0.348402244843484","6.54463029484808","large","0","-0.777189820623","-8.16135260356214","large","0","-0.994718943760301","-7.02591194385551","large","0","-0.113224104404733","-0.711787626300009","medium","0.313168683131687","-0.465430413968573","-6.27416709746106","large","0"
"D6","D1_vs_D7","-0.429694074098983","-3.50545428032563","large","0.008999100089991","0.420784367145159","8.58314350097805","large","0","-0.804897644941195","-6.82803025964003","large","0","-0.995710212511149","-8.69630337674161","large","0","-0.0928799928631159","-0.759751880844948","medium","0.298270172982702","-0.500795608370431","-7.95327215087545","large","0"
"D6","D3_vs_D5","0.980405852587539","5.46002142699076","large","0","0.0268417051683032","0.307109615969016","small","0.427257274272573","-0.529954223484226","-3.05271628471456","large","0.0144985501449855","-0.773360821276177","-6.43150488562011","large","0","-0.129258208276364","-0.73045364555975","medium","0.326367363263674","-0.21718686504165","-1.61699717127187","large","0.127387261273873"
"D6","D3_vs_D6","0.375431684988061","1.82054032030596","large","0.101589841015898","-0.00388333665126503","-0.232509303624507","small","0.428957104289571","-0.11163139428406","-0.25968549232711","small","0.433256674332567","-0.357617352146869","-3.75530273384384","large","0.0065993400659934","-0.0546122915434747","-0.319510719138394","small","0.413158684131587","-0.0629466153887853","-0.351564431477664","small","0.412758724127587"
"D6","D3_vs_D7","-0.0062928255738964","0.0398910904717954","negligible","0.535246475352465","0.134647888405062","2.51450596703951","large","0.0408959104089591","-0.497546959760697","-2.5665289589903","large","0.030996900309969","0.0556580847680414","0.333426739622426","small","0.417158284171583","-0.219265432276252","-1.99585417554093","large","0.0821917808219178","-0.269932404037424","-2.65948202364691","large","0.0317968203179682"
"D6","D5_vs_D6","0.525738576881719","2.37325691497138","large","0.0488951104889511","0.0414514851886892","0.588145390651091","medium","0.34026597340266","-0.551403924654141","-3.18497878532888","large","0.0068993100689931","-0.453390897601432","-3.49853636675537","large","0.0026997300269973","-0.0712611768790832","-0.34480798402371","small","0.41015898410159","-0.182566756428817","-1.40640326472733","large","0.162183781621838"
"D6","D5_vs_D7","0.126843509348027","0.429330643406949","small","0.371762823717628","0.156358093405003","3.1159403179572","large","0.0155984401559844","-0.557938462245883","-3.07837067831748","large","0.0132986701329867","0.553895074933826","4.23935056799754","large","0.0010998900109989","-0.255278794196158","-2.60183336446668","large","0.0352964703529647","-0.313753792365731","-3.31655752766826","large","0.0107989201079892"
"D6","D6_vs_D7","-0.224493744720617","-1.44645392183329","large","0.149485051494851","0.167613512421209","3.13021913250089","large","0.0150984901509849","-0.498938005025092","-2.46489398489983","large","0.0357964203579642","0.816096924296697","7.82611193949599","large","0","-0.241449452297818","-2.29634268856401","large","0.0526947305269473","-0.28663892415105","-2.89676649327092","large","0.0193980601939806"
"D7","D0_vs_D1","0.954865063941904","6.07455048835466","large","0","0.14999367282686","2.88700306352681","large","0.0160983901609839","-0.812719924653251","-20.6132694795968","large","0","-0.994102833997638","-12.7883241540303","large","0","0.900683768778193","10.5094586414702","large","0","-0.263981822598625","-5.34855330465134","large","0"
"D7","D0_vs_D3","0.838050321737391","5.30781887438314","large","0","0.288309690614772","5.32637852209378","large","9.99900009999e-05","-0.767628993557775","-11.1047497896608","large","0","-0.999416499742717","-14.7279813889717","large","0","0.432687688910891","4.45831576206727","large","0.0001999800019998","-0.33491124231773","-7.19124924360347","large","0"
"D7","D0_vs_D5","0.694257242364508","4.38260946243337","large","0","0.38909665698025","6.3865648589667","large","0","-0.757563765720929","-10.2672550751207","large","0","-0.999823488569915","-7.94104268895629","large","0","0.377163199489195","3.53997484791622","large","0.0047995200479952","-0.374299095232923","-7.70993499071578","large","0"
"D7","D0_vs_D6","0.659843848862327","4.180191917664","large","0","0.481174607552799","8.48341475244416","large","0","-0.747739502214086","-11.6214375586657","large","0","-0.999771546682218","-10.0005146476817","large","0","0.14827207447153","1.78640639765356","large","0.0942905709429057","-0.412712771224678","-9.63080768364806","large","0"
"D7","D0_vs_D7","0.561623915885724","3.55935231596355","large","0","0.564952959954623","10.271239543392","large","0","-0.707658655488244","-8.65156644251087","large","0","-0.999876329997269","-13.0671491807177","large","0","-0.0138903448493893","-0.110280377298642","negligible","0.455354464553545","-0.439898540118058","-10.9822186680213","large","0"
"D7","D1_vs_D3","0.795797150786976","4.99424264754019","large","0","-0.0751082622785901","-1.24286393812359","large","0.18978102189781","-0.386251259341579","-2.63926031578496","large","0.0284971502849715","-0.999461341877675","-3.68142131574966","large","0","0.190716232150585","1.94576267197283","large","0.0822917708229177","-0.0480144826827729","-0.465432079759384","small","0.368263173682632"
"D7","D1_vs_D5","0.0998215883754786","0.608636186645095","medium","0.357564243575642","0.0775859028311917","0.774147684981681","medium","0.299070092990701","-0.384452333033001","-2.39085118567911","large","0.0482951704829517","-0.999886970640557","-6.37338093879024","large","0","0.329678007416997","3.29297404757083","large","0.010998900109989","-0.100790204400825","-0.965946434575117","large","0.247975202479752"
"D7","D1_vs_D6","0.0383930000922421","0.240681999424603","small","0.458454154584542","0.100865906785421","1.41304080559741","large","0.159284071592841","-0.298572054371987","-2.04232442246328","large","0.0767923207679232","-0.999875620470619","-7.06246577956679","large","0","0.219600993243273","2.39896586410308","large","0.0435956404359564","-0.114018905936505","-1.44037280008316","large","0.164283571642836"
"D7","D1_vs_D7","-0.151363725674132","-0.980424552001976","large","0.248175182481752","0.200745369821679","3.38509241578752","large","0.0068993100689931","-0.385798959101727","-2.44071585683683","large","0.0448955104489551","-0.999898966849662","-8.73155724226292","large","0","0.237103114589419","2.47234864195472","large","0.0372962703729627","-0.172632217368114","-2.78304872873358","large","0.0210978902109789"
"D7","D3_vs_D5","0.986832216910382","6.28034651355069","large","0","-0.255316681868491","-4.62681000324419","large","0.0011998800119988","0.324209925574763","1.30855492859559","large","0.18988101189881","-0.99466219007911","-8.36287964554731","large","0","0.205230488858862","1.83308102368769","large","0.106089391060894","0.229235528629267","2.47984549702081","large","0.0454954504549545"
"D7","D3_vs_D6","0.580273643777161","3.40918408455799","large","0.0028997100289971","-0.278119485613661","-5.9755891180759","large","0","0.642431904672199","3.00272677193994","large","0.004999500049995","-0.984870592586746","-13.3087343904194","large","0","0.267983894916297","2.63652409498833","large","0.0320967903209679","0.356104399112142","4.31122595921049","large","0.0016998300169983"
"D7","D3_vs_D7","0.323717939106273","1.70847568070395","large","0.114188581141886","-0.162543502983106","-2.97560036567004","large","0.0186981301869813","0.36779709772763","1.41152022824173","large","0.167383261673833","-0.975059862114674","-6.60796224828884","large","0","0.113605242104226","1.16801431319264","large","0.208079192080792","0.173549743222451","2.01875754214337","large","0.0735926407359264"
"D7","D5_vs_D6","0.681283833588823","3.86124000283278","large","0.0003999600039996","-0.243966542261948","-5.38607549136528","large","0","0.291896902909907","1.30362109135323","large","0.19048095190481","-0.987126252812682","-7.95856861954056","large","0","0.254861527363702","2.61039255128973","large","0.0301969803019698","0.261879111360489","3.39809715045535","large","0.0071992800719928"
"D7","D5_vs_D7","0.413215842967205","2.17407770371919","large","0.0574942505749425","-0.140992472757319","-2.54402939782132","large","0.0385961403859614","0.281429748652896","1.09140590468494","large","0.233476652334767","-0.9472052060997","-5.44430971489848","large","0","0.0707408050890996","0.717789730130955","medium","0.313368663133687","0.120775393093613","1.37579344733231","large","0.167483251674833"
"D7","D6_vs_D7","0.133435312390016","0.696601875093952","medium","0.332766723327667","-0.129377087594935","-2.68649712525704","large","0.0307969203079692","0.366041979873628","1.662268079423","large","0.121787821217878","-0.871932443289992","-7.52823376018108","large","0","0.0876823828884009","1.15163231914089","large","0.208079192080792","0.15419473731421","2.28816722233269","large","0.0498950104989501"
"D0_vs_D1","D0_vs_D3","-0.721302712408556","-6.79171660972295","large","0","0.162723515538889","4.44167700449005","large","0.0066993300669933","0.194047148075192","4.47067685080579","large","9.99900009999e-05","-0.901054123786031","-13.209531242198","large","0","-0.824935526198712","-8.94034198620338","large","0","-0.096369114101954","-3.92491425097314","large","0.0134986501349865"
"D0_vs_D1","D0_vs_D5","-0.852376107263655","-10.23343866054","large","0","0.28129553452687","5.69257046436868","large","0","0.227507901598697","4.97002416024775","large","0","-0.97006843117283","-7.70416806180759","large","0","-0.840542127343221","-7.75063948517001","large","0","-0.149883896921935","-4.81959618063611","large","0"
"D0_vs_D1","D0_vs_D6","-0.867311127824266","-13.3289334561081","large","0","0.389621728849179","9.31929245242389","large","0","0.257592540288696","7.48937736509009","large","0","-0.9612604906","-9.61837439938042","large","0","-0.883394417107805","-15.5678599842842","large","0","-0.202075102480717","-8.13843967405435","large","0"
"D0_vs_D1","D0_vs_D7","-0.897040605786491","-15.5627292531477","large","0","0.488183762711262","12.326122704844","large","0","0.359378757529051","8.92094013477417","large","0","-0.979028909364028","-12.7945610160162","large","0","-0.902063305479005","-18.2461524379081","large","0","-0.23901137624146","-10.5263184962386","large","0"
"D0_vs_D1","D1_vs_D3","-0.778970096489637","-6.85228874690401","large","0","-0.213836170986641","-4.11085092173347","large","0","0.694858721590471","21.035582655702","large","0","-0.908658138144734","-3.3457563395388","large","0","-0.877278854256858","-9.93323580734898","large","0","0.226859900688894","4.47998290693917","large","0"
"D0_vs_D1","D1_vs_D5","-0.949860010554305","-10.9178732492047","large","0","-0.0784981172966795","-1.5125219153415","large","0.134586541345865","0.6957504911528","19.8048890091363","large","0","-0.980833274932792","-6.24832326911499","large","0","-0.851838023635321","-8.30101927545417","large","0","0.181483363500349","3.82966654848306","large","0.0100989901009899"
"D0_vs_D1","D1_vs_D6","-0.95306301216357","-13.6398468255769","large","0","-0.0546389758904558","-1.09767505355998","large","0.223477652234777","0.73300169103033","26.9900537892201","large","0","-0.978908592817037","-6.91258927722115","large","0","-0.872736599660016","-11.3069658147009","large","0","0.169261982752165","4.11858685620046","large","0.0076992300769923"
"D0_vs_D1","D1_vs_D7","-0.961696856021721","-12.7895323169281","large","0","0.0597074343712286","1.43227830482345","large","0.153484651534847","0.695083428916287","19.1310554734097","large","0","-0.982867507833831","-8.58695956836554","large","0","-0.869816965934581","-12.6272346971677","large","0","0.11040991340021","2.76052636934957","large","0.0277972202779722"
"D0_vs_D1","D3_vs_D5","0.708257411228652","7.01313031342968","large","0","-0.367014467847929","-7.97538808895657","large","0","0.873437983943056","36.8321358142099","large","0","-0.0948516764235266","-0.797687854843689","medium","0.278472152784722","-0.875037693533049","-7.62034102659151","large","0","0.432703338575979","7.89541190435341","large","0"
"D0_vs_D1","D3_vs_D6","-0.892465804472537","-4.44744328066567","large","0","-0.38639699530861","-10.8985160166115","large","0","0.933034620165416","48.2621583733743","large","0","0.610218309198571","7.31012271291655","large","0","-0.864325073544043","-9.8081227762643","large","0","0.526081133397756","12.1077065638127","large","0"
"D0_vs_D1","D3_vs_D7","-0.933260190284437","-4.68304977062742","large","0","-0.288156678803386","-6.92381078641074","large","0","0.881600992827997","34.4648180671207","large","0","0.763547177265946","9.00041611556335","large","0","-0.887954852691621","-12.1640414593216","large","0","0.391717588293689","8.78970066416168","large","0"
"D0_vs_D1","D5_vs_D6","-0.858385168953534","-3.5798442937621","large","0","-0.357366777368069","-10.7600069627529","large","0","0.867386398623701","37.8307994595763","large","0","0.541923115581201","5.42989138358849","large","0","-0.866714396224333","-9.81104784989978","large","0","0.456729608841664","11.2763155658659","large","0"
"D0_vs_D1","D5_vs_D7","-0.923080854319021","-5.31521126819137","large","0","-0.269838166754367","-6.72089698971605","large","0","0.865426109185782","33.5250847290568","large","0","0.888300236316895","11.0646246405982","large","0","-0.893123219263566","-13.6961781185254","large","0","0.352874707298321","7.89347233159862","large","0"
"D0_vs_D1","D6_vs_D7","-0.947915098891717","-9.21943851313828","large","0","-0.259965015873788","-7.21327362918372","large","0","0.881272294224057","38.1455706036771","large","0","0.953952693766813","12.2374216985455","large","0","-0.891138536230131","-14.9763574779006","large","0","0.377471952121514","11.0805959944092","large","0"
"D0_vs_D3","D0_vs_D5","-0.470307393329375","-4.71574404128811","large","0.0004999500049995","0.141616325298203","2.2061975337622","large","0.0618938106189381","0.0415170111298607","0.517621485579896","medium","0.354664533546645","-0.697495540264427","-5.45134660387623","large","0","-0.0891477340069799","-0.691903019649101","medium","0.324567543245675","-0.0592219496424105","-1.76444241100843","large","0.112388761123888"
"D0_vs_D3","D0_vs_D6","-0.523896076196304","-6.43322690506079","large","0","0.27099556421476","4.68870610967496","large","0.0026997300269973","0.0788450491387212","1.14356445159531","large","0.208779122087791","-0.608477777121033","-5.92126870244316","large","0","-0.33392777894759","-4.07160155918296","large","0.001999800019998","-0.116979167078503","-4.07680270563617","large","0.005999400059994"
"D0_vs_D3","D0_vs_D7","-0.630569084100875","-9.13426550981024","large","0","0.388712991720824","7.17680561291291","large","0","0.205138066152391","2.89587507228697","large","0.0223977602239776","-0.788054930246689","-10.1225868220451","large","0","-0.440567852549222","-6.60841339045653","large","0","-0.157854566909524","-6.12423676396478","large","0"
"D0_vs_D3","D1_vs_D3","-0.206917636620912","-1.58372095268107","large","0.132786721327867","-0.341763513033209","-6.25033473388958","large","0","0.62139065867094","9.66877465242321","large","0","-0.0768502402491162","-0.242930730258824","small","0.48965103489651","-0.298994575664503","-2.69089613384905","large","0.0298970102989701","0.301366727136202","6.2945948658941","large","0"
"D0_vs_D3","D1_vs_D5","-0.820091577212628","-9.22254357239945","large","0","-0.228448143225869","-3.72862422500324","large","0.0116988301169883","0.622497137244965","9.51824182330453","large","0","-0.806290814730264","-5.07428873110751","large","0","-0.153671940699661","-1.0538886759989","large","0.226777322267773","0.260363086637532","5.67637640763451","large","0.0002999700029997"
"D0_vs_D3","D1_vs_D6","-0.831584339259028","-11.5686524518943","large","0","-0.208471445187005","-3.73179552248998","large","0.0098990100989901","0.668717210526628","11.162964405398","large","0","-0.786838946806096","-5.49995604289288","large","0","-0.273048394247948","-2.60120721940007","large","0.0274972502749725","0.249319469525153","6.25024882652233","large","0.0001999800019998"
"D0_vs_D3","D1_vs_D7","-0.862563628410947","-11.2873377744519","large","0","-0.109557477037771","-1.6897509515258","large","0.115888411158884","0.621669468188493","9.31512059442797","large","0","-0.826849861543294","-7.21741325947032","large","0","-0.25637091730452","-2.79685194685936","large","0.0197980201979802","0.196138921959713","5.21808576415582","large","0.0006999300069993"
"D0_vs_D3","D3_vs_D5","0.918692131834519","8.73510929640079","large","0","-0.470016098924968","-9.79778206338837","large","0","0.842965980262142","14.7073576788383","large","0","0.890685456033318","12.8769440764568","large","0","-0.286192659461035","-2.10050494327721","large","0.0475952404759524","0.487373215270408","9.4685781757856","large","0"
"D0_vs_D3","D3_vs_D6","-0.614154136709424","-2.93004189198809","large","0.0032996700329967","-0.486244633377219","-12.8390436254402","large","0","0.916911541817049","16.8371380798914","large","0","0.96143270907149","14.1559065559529","large","0","-0.225000232714498","-2.02939605043488","large","0.0683931606839316","0.571752274728416","13.6862248751474","large","0"
"D0_vs_D3","D3_vs_D7","-0.760529389100477","-3.75800018375276","large","0","-0.403990326541377","-9.13668423071744","large","0","0.853094375323274","14.5296898836763","large","0","0.976603968271313","14.3800070306688","large","0","-0.359977813456546","-3.97358393207329","large","0.0025997400259974","0.450337225433627","10.5687987007034","large","0"
"D0_vs_D3","D5_vs_D6","-0.491868642603849","-2.04164359340028","large","0.0710928907109289","-0.461938314556822","-12.8082431472316","large","0","0.835457370664319","14.7990608293239","large","0","0.954675181297817","14.0053487686375","large","0","-0.23864847686369","-2.05466221790458","large","0.0672932706729327","0.509084095155415","12.9466703702568","large","0"
"D0_vs_D3","D5_vs_D7","-0.724004684990911","-4.13511491417967","large","0","-0.388652667172417","-9.06867750565415","large","0","0.833025107495031","14.1928341144765","large","0","0.988947769009482","14.5673368707303","large","0","-0.389500459940561","-4.77443643368502","large","9.99900009999e-05","0.415237598468949","9.7299105342595","large","0"
"D0_vs_D3","D6_vs_D7","-0.813112995973478","-7.80087685273293","large","0","-0.380386110112571","-9.60523425928612","large","0","0.852686536821115","15.0907539567959","large","0","0.995443808937464","14.6684619961244","large","0","-0.378163590784071","-4.63695947276082","large","9.99900009999e-05","0.437464428599182","12.8673218642156","large","0"
"D0_vs_D5","D0_vs_D6","-0.101169399368739","-1.03808153422295","large","0.241075892410759","0.150724253885075","1.70377669092685","large","0.112288771122888","0.0389449144557723","0.525839721825656","medium","0.364263573642636","0.227363245153297","1.44934982071855","large","0.145985401459854","-0.268737372765658","-2.66488073812796","large","0.0327967203279672","-0.0613930325161594","-1.62171459777129","large","0.126187381261874"
"D0_vs_D5","D0_vs_D7","-0.302556027313317","-3.73494313806802","large","0.0024997500249975","0.287862728177423","3.64038572869561","large","0.0020997900209979","0.170708355727217","2.27963312932147","large","0.0497950204979502","-0.299365470715446","-2.61403694936874","large","0.0371962803719628","-0.38581461743318","-4.84424667208933","large","0","-0.104841537522717","-3.24618911412291","large","0.0074992500749925"
"D0_vs_D5","D1_vs_D3","0.332108957241512","2.81701875884869","large","0.0266973302669733","-0.434980545494644","-7.18438432657401","large","0","0.604991068463964","8.77806085313978","large","0","0.672312691911218","4.37310449853532","large","0.0046995300469953","-0.230385156289583","-1.78380709678001","large","0.106189381061894","0.342741151640255","6.9087630666668","large","0"
"D0_vs_D5","D1_vs_D5","-0.660353154788806","-7.24646198503525","large","0","-0.337712481959227","-4.89717155494911","large","0.0012998700129987","0.606145474527372","8.66574922027483","large","0","-0.359648497615333","-1.91562071875504","large","0.092990700929907","-0.0708393765945526","-0.311993424899205","small","0.416758324167583","0.304165826674352","6.34966902346642","large","0"
"D0_vs_D5","D1_vs_D6","-0.682050195490652","-9.19230491607733","large","0","-0.320564810488219","-5.00108586424086","large","0.000999900009999","0.654367585736823","10.1333988864538","large","0","-0.295345750008996","-1.71091433986022","large","0.104189581041896","-0.201899547387608","-1.58303061665459","large","0.134986501349865","0.293776234098472","6.84538508832541","large","0"
"D0_vs_D5","D1_vs_D7","-0.740535605258099","-9.51615608410859","large","0","-0.235658675028943","-3.31596570760321","large","0.0085991400859914","0.605281954708989","8.48219085340924","large","0","-0.427611286762315","-3.30630909899986","large","0.0083991600839916","-0.183589797754119","-1.67594442607378","large","0.121987801219878","0.243745142242908","5.93481127980292","large","0"
"D0_vs_D5","D3_vs_D5","0.956931823368595","11.548908347116","large","0","-0.545070471462421","-10.4053439167105","large","0","0.836163999193173","13.4893664269855","large","0","0.966931862936118","7.67241417496246","large","0","-0.216330279685075","-1.41112746427083","large","0.167183281671833","0.517731972901015","9.81239616297765","large","0"
"D0_vs_D5","D3_vs_D6","-0.27156645489956","-1.16054883556314","large","0.22037796220378","-0.559000780500568","-12.9768009568762","large","0","0.913312537470388","15.4512911142063","large","0","0.988333222494207","7.84902092822081","large","0","-0.14914877393362","-1.14542744949723","large","0.212478752124788","0.597113939948927","13.3728682932935","large","0"
"D0_vs_D5","D3_vs_D7","-0.547906450111298","-2.64836076173356","large","0.0138986101389861","-0.48839502633877","-9.72916502088876","large","0","0.846731109072787","13.3519671059535","large","0","0.992922596061957","7.88660639756901","large","0","-0.297336999161224","-2.84728638345979","large","0.0243975602439756","0.482889326589304","10.6486175286982","large","0"
"D0_vs_D5","D5_vs_D6","-0.0407052109146792","-0.252483903768043","small","0.450554944505549","-0.538136633233043","-12.8291187343009","large","0","0.828330151660131","13.5654629480292","large","0","0.986289040205883","7.82989281178896","large","0","-0.16413281103684","-1.16963530662551","large","0.208979102089791","0.538157092150779","12.6486946252949","large","0"
"D0_vs_D5","D5_vs_D7","-0.478951921296667","-2.73354700647319","large","0.018998100189981","-0.475229429928317","-9.62861375840472","large","0","0.825792534198443","13.033258059971","large","0","0.996656650835341","7.91554858220854","large","0","-0.329749112064988","-3.48979564458613","large","0.0073992600739926","0.449868367965196","9.91040215504227","large","0"
"D0_vs_D5","D6_vs_D7","-0.647178379171275","-6.128113879611","large","0","-0.468133552302155","-10.0499176423672","large","0","0.846305604909547","13.8497170058328","large","0","0.998621731884176","7.9313299062426","large","0","-0.317302670880446","-3.23895864112194","large","0.0108989101089891","0.470778881880746","12.3206080644514","large","0"
"D0_vs_D6","D0_vs_D7","-0.224054040664772","-2.95032187497635","large","0.0164983501649835","0.16147697013567","2.21101809680739","large","0.0516948305169483","0.137102902063964","2.11963197328718","large","0.0642935706429357","-0.458664010960035","-4.82643900101602","large","0.0001999800019998","-0.160102869074975","-2.84773674943288","large","0.0188981101889811","-0.0462904138918037","-1.86381620222113","large","0.08999100089991"
"D0_vs_D6","D1_vs_D3","0.399679092881149","4.10203167676759","large","0.0012998700129987","-0.520142681205516","-9.08828061340176","large","0","0.588984088968896","10.1759291819344","large","0","0.575884390649009","3.87144661975072","large","0.012998700129987","0.0498329999603098","0.51374066670476","medium","0.357164283571643","0.383092265489138","8.67007532440882","large","0"
"D0_vs_D6","D1_vs_D5","-0.622123629332763","-6.90704168379912","large","0","-0.437535273973321","-6.57751127659314","large","9.99900009999e-05","0.590185275124375","9.9109604891488","large","0","-0.5052408932363","-2.91734434783644","large","0.0157984201579842","0.212985775748647","2.32767778449178","large","0.0564943505649435","0.346885196703188","8.07247198227753","large","0"
"D0_vs_D6","D1_vs_D6","-0.646262817169278","-8.84756912489714","large","0","-0.422972172490647","-7.04080417135481","large","0","0.64036149492154","12.2844633816986","large","0","-0.455558226998013","-2.8914410305447","large","0.0057994200579942","0.0837461314039758","1.04061195228392","large","0.228077192280772","0.337133452722149","9.00230202926852","large","0"
"D0_vs_D6","D1_vs_D7","-0.711331151209499","-9.22813087431084","large","0","-0.350863450948735","-5.40452952851305","large","0.0002999700029997","0.589286762821208","9.63915558024318","large","0","-0.557751442093155","-4.59725430805845","large","0","0.104295089377012","1.10397917190158","large","0.218278172182782","0.290173921315693","8.28353768834029","large","0"
"D0_vs_D6","D3_vs_D5","0.961289004930301","14.8593908343927","large","0","-0.613639385221536","-12.3481370698703","large","0","0.82952485942671","16.9959739169467","large","0","0.957200926753164","9.56336892565384","large","0","0.0668739543229031","0.554481150707096","medium","0.331066893310669","0.547339869570207","11.6293166154147","large","0"
"D0_vs_D6","D3_vs_D6","-0.189576384483516","-0.758497176556207","medium","0.326967303269673","-0.62547005882352","-15.7400015699219","large","0","0.909799694280248","20.2264262415912","large","0","0.98490004852525","9.85257388210121","large","0","0.140551714763244","1.41333342781618","large","0.146185381461854","0.621848336933949","16.0871370627237","large","0"
"D0_vs_D6","D3_vs_D7","-0.497020295513759","-2.39950006562084","large","0.0231976802319768","-0.565506304277752","-12.1951918705654","large","0","0.840520181171073","16.6016860441728","large","0","0.990839933651038","9.91274746183094","large","0","-0.0391099248483828","-0.627338523747887","medium","0.327967203279672","0.51463631897646","13.0764194117836","large","0"
"D0_vs_D6","D5_vs_D6","0.06302983101963","0.169514638902786","negligible","0.411358864113589","-0.607750644585841","-15.8996549598794","large","0","0.821373560244306","17.1765252283537","large","0","0.982254326230135","9.82096553222766","large","0","0.125144954976128","1.37829462255756","large","0.165483451654835","0.566511028809724","15.457796868363","large","0"
"D0_vs_D6","D5_vs_D7","-0.420304473014834","-2.42661082426926","large","0.0341965803419658","-0.554325082563217","-12.302450021824","large","0","0.81873311070103","16.1514308898529","large","0","0.995672805954821","9.95947339794259","large","0","-0.0834334164321765","-1.3312612907138","large","0.171882811718828","0.483642617138877","12.2723716130979","large","0"
"D0_vs_D6","D6_vs_D7","-0.607465944549581","-5.81263375583038","large","0","-0.548298725797917","-12.9362571615125","large","0","0.840077434267549","17.5278168734835","large","0","0.998216149947335","9.98492292941497","large","0","-0.0664129360725886","-0.866356791893191","large","0.271372862713729","0.50326937119368","15.6216012255671","large","0"
"D0_vs_D7","D1_vs_D3","0.534183417816669","6.6883394278948","large","0","-0.597628587141876","-10.6943973334128","large","0","0.523679113055064","6.93365885330078","large","0","0.770410957144694","7.86122997104752","large","0","0.201957462767026","2.69848880671364","large","0.0208979102089791","0.411649179852701","9.95911502781149","large","0"
"D0_vs_D7","D1_vs_D5","-0.513012000228762","-5.64218874913742","large","0","-0.528360373740298","-8.1180512027192","large","0","0.525071151756263","6.84626963531307","large","0","-0.0860406165842902","-0.299200091129674","small","0.417358264173583","0.338989011054104","4.53988274876949","large","0.0017998200179982","0.377118151266662","9.36007729664506","large","0"
"D0_vs_D7","D1_vs_D6","-0.544121367506344","-7.36288804919062","large","0","-0.516148877760825","-8.86714440038323","large","0","0.583219707264425","8.37076906340316","large","0","0.00570452914532389","0.153183900716546","negligible","0.430556944305569","0.230441004567245","3.50064449061559","large","0.0080991900809919","0.367817819550672","10.5291403425983","large","0"
"D0_vs_D7","D1_vs_D7","-0.627978153223698","-8.09357823787513","large","0","-0.455684054093858","-7.39783758224391","large","0","0.524029877767375","6.66086179690568","large","0","-0.18304238613222","-1.54652087010907","large","0.141185881411859","0.247700015412297","3.73965134777726","large","0.0020997900209979","0.323032064289185","9.97619287959906","large","0"
"D0_vs_D7","D3_vs_D5","0.969962359793821","16.9041204111337","large","0","-0.676027726675717","-13.8575136748372","large","0","0.802438621034826","12.1467431757532","large","0","0.97683132135393","12.7555716415989","large","0","0.216270111444393","2.35473728348844","large","0.0616938306169383","0.56829369436012","12.8504867993146","large","0"
"D0_vs_D7","D3_vs_D6","0.0425427585291715","0.411714713814419","small","0.366163383661634","-0.685948018949789","-17.6480471264623","large","0","0.895468062257363","14.4189261082236","large","0","0.991825852833961","12.9615877042447","large","0","0.278151851051216","3.71472505379017","large","0.0108989101089891","0.639353133931151","17.620695262721","large","0"
"D0_vs_D7","D3_vs_D7","-0.351785136020096","-1.65505714381928","large","0.0926907309269073","-0.63566702980603","-14.0660717992081","large","0","0.815180953545461","11.986518699156","large","0","0.995041326423313","13.004547148988","large","0","0.125917570964089","1.72219152550587","large","0.109089091090891","0.537104004659089","14.5785924715508","large","0"
"D0_vs_D7","D5_vs_D6","0.272961783362036","1.35692777840955","large","0.166383361663834","-0.671089882035789","-17.987604441429","large","0","0.792992188543744","12.2354543701173","large","0","0.99039362813861","12.9391055209028","large","0","0.265211757709167","3.67501028848153","large","0.004999500049995","0.586577412703654","17.0587070083908","large","0"
"D0_vs_D7","D5_vs_D7","-0.252917654881784","-1.49456459494621","large","0.11998800119988","-0.626291317896373","-14.3106357721149","large","0","0.789932206595037","11.6267780221549","large","0","0.997657534131785","13.0378702944434","large","0","0.0836485357608779","1.13617933639451","large","0.216378362163784","0.507545014107607","13.7713276747384","large","0"
"D0_vs_D7","D6_vs_D7","-0.494121915672178","-4.72434818675673","large","0","-0.621238078962491","-15.055273286582","large","0","0.814667860032245","12.5574271671404","large","0","0.999034337767442","13.0560219441601","large","0","0.100354789202254","1.82308953153502","large","0.094990500949905","0.52626323759386","17.4495121512463","large","0"
"D1_vs_D3","D1_vs_D5","-0.773152914382265","-8.47539566315102","large","0","0.146866822770815","1.87201663506761","large","0.0904909509049095","0.00292248091434072","0.173063191118732","negligible","0.460853914608539","-0.790164939952961","-4.68515417465918","large","0.0004999500049995","0.171709579243987","1.49167535203685","large","0.146185381461854","-0.055437525842597","-0.486944380348435","small","0.371862813718628"
"D1_vs_D3","D1_vs_D6","-0.787644173521394","-10.6201632917913","large","0","0.168398306082204","2.57165875497419","large","0.0324967503249675","0.125001014738712","0.978318278662648","large","0.257674232576742","-0.769093745687128","-4.9472562817802","large","0.0002999700029997","0.0356917588615995","0.365213573048108","small","0.392760723927607","-0.0693334321300793","-0.893911327684202","large","0.27017298270173"
"D1_vs_D3","D1_vs_D7","-0.826706054837132","-10.6115684600086","large","0","0.26077599621249","4.43482007483717","large","0.0003999600039996","0.000736404222289921","0.0735764058295958","negligible","0.487851214878512","-0.812435483378741","-6.56354484948728","large","0","0.0573184391948227","0.369076863145972","small","0.393660633936606","-0.130902973226446","-2.1540680278308","large","0.0607939206079392"
"D1_vs_D3","D3_vs_D5","0.935516163754005","8.24911051044448","large","0","-0.194842717520504","-3.25637993153025","large","0.0150984901509849","0.585234692872051","5.14309117528972","large","0","0.89908630499988","3.30207624763411","large","0","0.0179346939663043","0.11858356733897","negligible","0.443155684431557","0.266243385992394","2.85434805781707","large","0.0285971402859714"
"D1_vs_D3","D3_vs_D6","-0.513485759982605","-2.32585493915629","large","0.031996800319968","-0.21949728282276","-4.27966706994823","large","0.0025997400259974","0.780543031792932","7.56351481350566","large","0","0.964396614645104","3.55083927674043","large","0","0.0954766002177981","0.710978705514165","medium","0.293770622937706","0.387020713290486","4.66874891005118","large","0.000999900009999"
"D1_vs_D3","D3_vs_D7","-0.698050767540448","-3.38436141852925","large","9.99900009999e-05","-0.0945356490262564","-1.49783966782749","large","0.147585241475852","0.611986264889734","5.12297625521412","large","0","0.978401958930538","3.60425005999685","large","0","-0.0869939599252754","-0.965572889955188","large","0.251774822517748","0.213231324764669","2.44679013326315","large","0.0435956404359564"
"D1_vs_D3","D5_vs_D6","-0.359295603005022","-1.43988661530685","large","0.147885211478852","-0.182570860022344","-3.63499407822657","large","0.0048995100489951","0.565402615904628","5.1890419304037","large","0","0.958158404504327","3.52396741088767","large","0","0.0792618087269635","0.683905315350154","medium","0.305169483051695","0.297319603985864","3.791103682633","large","0.0032996700329967"
"D1_vs_D3","D5_vs_D7","-0.651996655387525","-3.6549464484607","large","0.0014998500149985","-0.0712345107991157","-1.03584688224503","large","0.234976502349765","0.55897841316111","4.72288351988682","large","0","0.989797135616392","3.64525990897922","large","0","-0.129108678954733","-1.5413773227035","large","0.141685831416858","0.162990907756188","1.82411631622715","large","0.100689931006899"
"D1_vs_D3","D6_vs_D7","-0.764353599756963","-7.19139441617555","large","0","-0.058675867783232","-1.12316617681975","large","0.214278572142786","0.610909063517133","5.59974735672706","large","0","0.995793953315241","3.66763116483257","large","0","-0.112936380192229","-1.16969487553776","large","0.210978902109789","0.194805639452435","2.74109988681257","large","0.0285971402859714"
"D1_vs_D5","D1_vs_D6","-0.0638811783703","-0.639919614815248","medium","0.331166883311669","0.0252381268084298","0.494515412576307","small","0.35016498350165","0.122436351725511","0.73150546177496","medium","0.303369663033697","0.0912543245246274","0.365272043212259","small","0.391560843915608","-0.141052222287154","-1.26195878631375","large","0.18048195180482","-0.0147114740079826","-0.357297615834917","small","0.386161383861614"
"D1_vs_D5","D1_vs_D7","-0.236075946530389","-2.40950523972795","large","0.0471952804719528","0.133518630481152","2.20640854938112","large","0.0617938206179382","-0.00218768771452082","-0.092370275445809","negligible","0.471952804719528","-0.106133567101645","-0.898608648829096","large","0.266273372662734","-0.121346533978515","-1.34043372000738","large","0.166183381661834","-0.0798946067079025","-1.58801352698364","large","0.126087391260874"
"D1_vs_D5","D3_vs_D5","0.985372029678145","11.3367267978307","large","0","-0.313093609429051","-4.9905476893272","large","9.99900009999e-05","0.584018996328091","4.61433270815993","large","0.0002999700029997","0.978824768750081","6.23227119379072","large","0","-0.156583156265584","-1.15674325278944","large","0.208779122087791","0.306921037243617","3.32346584824659","large","0.012998700129987"
"D1_vs_D5","D3_vs_D6","0.533729813109634","4.44273558749886","large","0.0005999400059994","-0.33412723705857","-6.21072777185016","large","0","0.779899793139138","6.78790776212652","large","0","0.992529161496178","6.32470125234556","large","0","-0.0842797201758906","-0.834098973357539","large","0.266473352664734","0.421002768338421","5.20247934633933","large","0.0002999700029997"
"D1_vs_D5","D3_vs_D7","0.248724417114977","1.59771549340507","large","0.13958604139586","-0.227518321386009","-3.48526430938671","large","0.003999600039996","0.610848978456477","4.62208111093914","large","9.99900009999e-05","0.995467973755291","6.34463086673367","large","0","-0.243765842913725","-2.55208995252317","large","0.0425957404259574","0.256847833530174","2.97630252373314","large","0.014998500149985"
"D1_vs_D5","D5_vs_D6","0.64594111312223","5.19419484533629","large","0","-0.302624080651142","-5.66242611702891","large","0","0.564128790614087","4.64743715648018","large","0.0001999800019998","0.991220166296702","6.31474254187988","large","0","-0.100406143020095","-0.859078828538209","large","0.263073692630737","0.336274466598984","4.33734880976272","large","0.0011998800119988"
"D1_vs_D5","D5_vs_D7","0.348146823501526","2.34154144788133","large","0.0552944705529447","-0.207639347297232","-3.103463719796","large","0.0106989301069893","0.5576857582314","4.24998965949606","large","0.0007999200079992","0.997859081339414","6.35990472577765","large","0","-0.278649061258656","-3.19278905186202","large","0.0182981701829817","0.209392620937943","2.35347605870876","large","0.0422957704229577"
"D1_vs_D5","D6_vs_D7","0.0373411799044098","0.163570262855096","negligible","0.455454454554545","-0.196925152279404","-3.23761566390589","large","0.0091990800919908","0.609768619756194","5.0348458680892","large","0.0001999800019998","0.999117423941343","6.36823851470134","large","0","-0.26525370111207","-2.92190332405144","large","0.0248975102489751","0.239443622623604","3.32328393326801","large","0.0097990200979902"
"D1_vs_D6","D1_vs_D7","-0.183945418232605","-1.96529403840975","large","0.0852914708529147","0.111084057194594","1.92645497126072","large","0.0832916708329167","-0.124356186937551","-0.820878348663493","large","0.285671432856714","-0.187702744651023","-1.38366725973063","large","0.167383261673833","0.0224271445691392","-0.0154560945435265","negligible","0.507749225077492","-0.0661563907224959","-1.38943689433144","large","0.16008399160084"
"D1_vs_D6","D3_vs_D5","0.986306481659471","14.1273222971399","large","0","-0.330429840019802","-5.93104575134172","large","0","0.525981956420104","4.89299164481197","large","0","0.976698396678651","6.89314156314309","large","0","-0.0180813483443493","-0.180548578917221","negligible","0.480851914808519","0.317117250389687","3.97380083523816","large","0.0038996100389961"
"D1_vs_D6","D3_vs_D6","0.56351570208713","5.38074815338566","large","0","-0.350932618287965","-7.53047265233133","large","0","0.749191745472099","7.99400466214917","large","0","0.991778955646843","7.00415376327041","large","0","0.0619976464015494","0.398632035040519","small","0.37966203379662","0.429520671062705","6.25205608260282","large","0"
"D1_vs_D6","D3_vs_D7","0.296716786630506","2.10455055564339","large","0.0860913908609139","-0.247014311948057","-4.4711512294028","large","0.0001999800019998","0.556555217039024","4.84222607312386","large","0","0.995012877236155","7.02801329128283","large","0","-0.119580751346806","-1.44980547460762","large","0.155984401559844","0.267780697311171","3.7396812507112","large","0.0030996900309969"
"D1_vs_D6","D5_vs_D6","0.668558812028458","6.20380192485755","large","0","-0.320224542536814","-7.02463714781209","large","0","0.503316699315263","4.95922035184703","large","0","0.99033851390962","6.99217782923176","large","0","0.0451826998947225","0.3693078527637","small","0.393160683931607","0.346038847532047","5.32343900340878","large","0"
"D1_vs_D6","D5_vs_D7","0.389787972540672","2.99372175499193","large","0.024997500249975","-0.227637045928154","-4.10194229987936","large","0.0008999100089991","0.495974744808196","4.36812652766181","large","0","0.997644094801919","7.04632005521687","large","0","-0.160192321980141","-2.10951555709779","large","0.0716928307169283","0.221023620845534","3.04028856262402","large","0.0127987201279872"
"D1_vs_D6","D6_vs_D7","0.0988369597006787","0.758792047421186","medium","0.3000699930007","-0.217193257122837","-4.29806226589053","large","0.0007999200079992","0.555324128328356","5.44808340979478","large","0","0.999028797514557","7.05630708197878","large","0","-0.144597241005306","-1.74820562265501","large","0.11018898110189","0.250632528000982","4.2870579459725","large","0.0003999600039996"
"D1_vs_D7","D3_vs_D5","0.988825341617695","13.1573442915838","large","0","-0.404808409966836","-7.82973410070282","large","0","0.584929032859298","4.60670304988044","large","0","0.981072171576837","8.56803249667381","large","0","-0.0401029799001648","-0.175195687617581","negligible","0.488851114888511","0.362294308390559","5.32204953711984","large","0.0001999800019998"
"D1_vs_D7","D3_vs_D6","0.643804988818678","6.534479803213","large","0","-0.42303365644121","-9.93553581048253","large","0","0.780381303657651","6.70504645456067","large","0","0.993322068235829","8.67532152692157","large","0","0.0404783148514999","0.434708412837626","small","0.367563243675632","0.467261524446987","8.06371074541059","large","0"
"D1_vs_D7","D3_vs_D7","0.426082511449728","3.34565578836728","large","0.0152984701529847","-0.33065901718633","-6.67989346738875","large","0","0.611700319365401","4.61799848671144","large","0","0.99594897386684","8.69832124440134","large","0","-0.139326041117804","-1.51352775473438","large","0.146185381461854","0.316221683594406","5.35775709134903","large","0"
"D1_vs_D7","D5_vs_D6","0.729525899969395","7.25544026971122","large","0","-0.395736758333136","-9.58506497927381","large","0","0.565082340703974","4.63751781386284","large","0","0.992152001366192","8.66373634797686","large","0","0.0232776055504875","0.403676399165698","small","0.37986201379862","0.389302557052051","7.14513680657673","large","0"
"D1_vs_D7","D5_vs_D7","0.502033679142244","4.31515876287657","large","0.0032996700329967","-0.313434256493257","-6.41677444315402","large","0","0.558653403664075","4.25556951313423","large","0","0.998086304673736","8.71598422267833","large","0","-0.179026810185365","-2.21734838683094","large","0.0627937206279372","0.272557886548472","4.61031065211485","large","0.0001999800019998"
"D1_vs_D7","D6_vs_D7","0.264601772044303","2.40308937953917","large","0.0468953104689531","-0.304150606120917","-6.72226670213371","large","0","0.610622324152574","5.0151249070012","large","0","0.999211094886687","8.72561880399136","large","0","-0.16378148234612","-1.8520301845292","large","0.0975902409759024","0.300207975273278","6.24729560223069","large","0"
"D3_vs_D5","D3_vs_D6","-0.968627695415374","-4.85397261143683","large","0","-0.0306208064421057","-0.555127742587962","medium","0.356464353564644","0.470888802810673","2.85278965505833","large","0.0226977302269773","0.647189756010283","5.33792827458036","large","0","0.0789579937047825","0.482676908414922","small","0.387361263873613","0.16460134735745","1.36412729841612","large","0.167783221677832"
"D3_vs_D5","D3_vs_D7","-0.980529155139474","-4.93263862542771","large","0","0.11077969926301","2.07560119566758","large","0.078992100789921","0.0644980946042129","0.208373541094029","small","0.442655734426557","0.785975123897346","6.44056144339104","large","0","-0.103368443843403","-0.944431362645597","large","0.251274872512749","-0.0673794761997459","-0.739106696773501","medium","0.29027097290271"
"D3_vs_D5","D5_vs_D6","-0.958684922582087","-3.99651729699799","large","0","0.0150127477697888","0.215179368612714","small","0.423057694230577","-0.0456332175323688","-0.0270647649499714","negligible","0.501549845015498","0.58537247599919","4.46690165587767","large","0.0002999700029997","0.0624470841031371","0.460061280070796","small","0.397860213978602","0.0423522151626534","0.450889499149742","small","0.392560743925607"
"D3_vs_D5","D5_vs_D7","-0.977559409312951","-5.63002655553295","large","0","0.133088716321427","2.6315245549942","large","0.0401959804019598","-0.0595351350013","-0.271598649794766","small","0.426157384261574","0.89889514615835","7.48076707361149","large","0","-0.14472784827559","-1.42653702121092","large","0.165983401659834","-0.123358849017293","-1.33454589147044","large","0.174082591740826"
"D3_vs_D5","D6_vs_D7","-0.98480461611477","-9.58063234475862","large","0","0.144654582918857","2.63127906585604","large","0.0412958704129587","0.061900959901553","0.554629627214616","medium","0.341365863413659","0.958320357957818","8.05095272513882","large","0","-0.128845594742124","-1.10036443489913","large","0.224177582241776","-0.0887211213096156","-0.754109382871747","medium","0.287771222877712"
"D3_vs_D6","D3_vs_D7","-0.379361984453413","-1.661312722413","large","0.11018898110189","0.138008341976268","3.0478455186368","large","0.0260973902609739","-0.434409278978995","-2.38198976926505","large","0.0442955704429557","0.393371140014598","3.5199765416034","large","0.0045995400459954","-0.174164672609925","-1.76016809536364","large","0.106289371062894","-0.220890070990478","-2.43497962448284","large","0.0525947405259474"
"D3_vs_D6","D5_vs_D6","0.240657248023838","0.685555168935527","medium","0.313768623137686","0.0451738517682716","0.93164280765263","large","0.244775522447755","-0.495033849170825","-2.9787782628934","large","0.0125987401259874","-0.149091115357243","-1.19889872506923","large","0.200679932006799","-0.0176106428999274","-0.0271350971238683","negligible","0.48965103489651","-0.127655630943228","-1.10603750282678","large","0.206379362063794"
"D3_vs_D6","D5_vs_D7","-0.284700598691555","-1.47935173183789","large","0.143285671432857","0.159634238941426","3.75673107108489","large","0.0081991800819918","-0.502389509366039","-2.89691100205133","large","0.0200979902009799","0.713429937015669","7.99324043597883","large","0","-0.212258421447322","-2.39390231330202","large","0.0522947705229477","-0.267655163618032","-3.127634699346","large","0.0211978802119788"
"D3_vs_D6","D6_vs_D7","-0.515643364858937","-3.95339502758381","large","0.0025997400259974","0.170845949376441","3.80254484933476","large","0.0078992100789921","-0.435975121418096","-2.25978469946082","large","0.0507949205079492","0.881863855281378","11.7394464558573","large","0","-0.197630198788368","-2.06511556801948","large","0.0744925507449255","-0.238718852560439","-2.67938292544979","large","0.0414958504149585"
"D3_vs_D7","D5_vs_D6","0.528723021293831","2.1772649989868","large","0.0502949705029497","-0.0972265897618319","-2.28738181393222","large","0.0544945505449455","-0.107188056555084","-0.238020490984152","small","0.438356164383562","-0.483814113357714","-3.49169180527589","large","0.0024997500249975","0.159360470040241","1.72969655891762","large","0.114388561143886","0.106878021288841","1.40905374450195","large","0.156384361563844"
"D3_vs_D7","D5_vs_D7","0.132338130842415","0.364557469515339","small","0.412358764123588","0.0250882903144788","0.57194986675324","medium","0.344465553444656","-0.120193326835925","-0.452546984408986","small","0.378062193780622","0.527602325100017","3.05483770443642","large","0.0141985801419858","-0.0461275360522378","-0.576502958747176","medium","0.343165683431657","-0.0600237410489765","-0.686907703041088","medium","0.31006899310069"
"D3_vs_D7","D6_vs_D7","-0.219582714870443","-1.4073800801519","large","0.160883911608839","0.0380950408214613","0.52107377615261","medium","0.355964403559644","-0.0027685080057084","0.308867094361317","small","0.584741525847415","0.805257955051026","5.37106433587259","large","0","-0.028414292050938","-0.120669820272749","negligible","0.473252674732527","-0.0228835250407169","0.0599650040349199","negligible","0.520847915208479"
"D5_vs_D6","D5_vs_D7","-0.456842584123544","-2.08491451914719","large","0.0675932406759324","0.119875631166079","3.01066711381408","large","0.0164983501649835","-0.0145666401265414","-0.25197962878246","small","0.426257374262574","0.756154987333998","5.81151039116695","large","0","-0.198137100265396","-2.36105203223385","large","0.0530946905309469","-0.160486543664149","-2.12182962431279","large","0.0695930406959304"
"D5_vs_D6","D6_vs_D7","-0.632207299734071","-4.63885860983732","large","0.0001999800019998","0.131617779677385","3.04172830057055","large","0.0160983901609839","0.104709437465272","0.5955558158788","medium","0.337166283371663","0.899476904861482","7.23384897106671","large","0","-0.183246647154081","-2.03037702474417","large","0.0817918208179182","-0.127315800453092","-1.53567794301147","large","0.141485851414859"
"D5_vs_D7","D6_vs_D7","-0.3228616796616","-2.06702847435068","large","0.0744925507449255","0.0133414650555158","-0.0719812782395742","negligible","0.51964803519648","0.117750812898404","0.789861890741421","medium","0.284871512848715","0.58775824840754","3.2662833932102","large","0.0036996300369963","0.0182312727084994","0.515999395761952","medium","0.354664533546645","0.038010019235227","0.831796829858599","large","0.27007299270073"
