Cutoff_label,dominance_cutoff,n_subsample,OTU_group,Treatment,n_retained_Median,median_log10_shift_Mean,median_log10_shift_Median,median_log10_shift_Q2.5,median_log10_shift_Q97.5,prop_decrease_Median,prop_increase_Median,N_iterations
0.01%,1e-4,8,Abundant OTUs,D0,0,NA,NA,NA,NA,NA,NA,1000
0.01%,1e-4,8,Abundant OTUs,D1,709,-0.5420211382622738,-0.5411785084140827,-0.568464228440781,-0.5254391312635192,0.8753561369189184,0.12464386308108152,1000
0.01%,1e-4,8,Abundant OTUs,D3,170,-0.70029815553532615,-0.7034210054521672,-0.7461644633443315,-0.6503226542200345,0.8520710059171598,0.14792899408284024,1000
0.01%,1e-4,8,Abundant OTUs,D5,94,-0.5982043194369725,-0.6004851252690709,-0.6848346911533019,-0.5002239375973706,0.7252747252747253,0.27472527472527475,1000
0.01%,1e-4,8,Abundant OTUs,D6,85,-0.4751606896177474,-0.48374799609642505,-0.6102088182119302,-0.33078769074749376,0.6794871794871795,0.32051282051282054,1000
0.01%,1e-4,8,Abundant OTUs,D7,82,-0.487713088333479,-0.49619496853599143,-0.6361620336021581,-0.27582485494711484,0.6904761904761905,0.30952380952380953,1000
0.01%,1e-4,8,Rare OTUs,D0,0,NA,NA,NA,NA,NA,NA,1000
0.01%,1e-4,8,Rare OTUs,D1,1357,-0.006039748302840675,-0.005508419245686458,-0.011278994987882207,-0.0010708695685642375,0.5774551933759564,0.4225448066240436,1000
0.01%,1e-4,8,Rare OTUs,D3,353,-0.00627064200605586,-0.00651010354550241,-0.010912350672530014,-0.001724881018884628,0.5910346559517831,0.40847419596110696,1000
0.01%,1e-4,8,Rare OTUs,D5,200.5,0.03786757913546981,0.026884203187460765,0.0016010267265546662,0.09798143286706423,0.3333333333333333,0.6666666666666666,1000
0.01%,1e-4,8,Rare OTUs,D6,194,0.060734952084497765,0.03306096938760206,0.009005324127841286,0.15884185014856889,0.32019704433497537,0.6798029556650246,1000
0.01%,1e-4,8,Rare OTUs,D7,148,0.10861256747488605,0.11409034708697996,2.757221859112314e-4,0.21650163186057236,0.4064516129032258,0.5935483870967742,1000
0.01%,1e-4,10,Abundant OTUs,D0,0,NA,NA,NA,NA,NA,NA,1000
0.01%,1e-4,10,Abundant OTUs,D1,714,-0.543802635702932,-0.5430183599296475,-0.5604726972631465,-0.5318326108033974,0.8776077885952712,0.12239221140472879,1000
0.01%,1e-4,10,Abundant OTUs,D3,181,-0.7167803632698634,-0.7198823238567156,-0.7523183453421578,-0.6665315143583099,0.8610368389780154,0.13896316102198455,1000
0.01%,1e-4,10,Abundant OTUs,D5,100,-0.6157403367599592,-0.6177771424909793,-0.6906553480408011,-0.5286464708335507,0.7368421052631579,0.2631578947368421,1000
0.01%,1e-4,10,Abundant OTUs,D6,90,-0.5024617227335,-0.49926103941818645,-0.6228250924035506,-0.3783418620739713,0.6963538224278476,0.30364617757215245,1000
0.01%,1e-4,10,Abundant OTUs,D7,92,-0.5086593627138337,-0.5038366517996131,-0.6304172759592449,-0.3558781860147976,0.7058823529411765,0.29411764705882354,1000
0.01%,1e-4,10,Rare OTUs,D0,0,NA,NA,NA,NA,NA,NA,1000
0.01%,1e-4,10,Rare OTUs,D1,1423,-0.006638646707839462,-0.006377782621694195,-0.010335527219791318,-0.00316665019357223,0.5898681471200555,0.41013185287994447,1000
0.01%,1e-4,10,Rare OTUs,D3,388,-0.007120526280511886,-0.0071291932188779494,-0.010823480295498733,-0.003309614031752617,0.609724987555998,0.3897074756229686,1000
0.01%,1e-4,10,Rare OTUs,D5,220,0.027811705701633976,0.020303758195532096,0.00358674577586493,0.06237339759620841,0.3378094208123047,0.6621905791876952,1000
0.01%,1e-4,10,Rare OTUs,D6,215,0.038276292342160616,0.026370194541554426,0.008877336977638607,0.1323075640329039,0.32650476290170627,0.6734952370982937,1000
0.01%,1e-4,10,Rare OTUs,D7,173,0.09668233405218897,0.10962466114084268,8.027132760747294e-4,0.20538588370556832,0.4120907568143749,0.5879092431856251,1000
0.01%,1e-4,12,Abundant OTUs,D0,0,NA,NA,NA,NA,NA,NA,1000
0.01%,1e-4,12,Abundant OTUs,D1,719,-0.544954082060244,-0.5442279241518908,-0.5563738388039123,-0.5361816120894537,0.8787878787878788,0.12121212121212122,1000
0.01%,1e-4,12,Abundant OTUs,D3,190,-0.7265957715611092,-0.7243748658913951,-0.7567469187217764,-0.6989825972114079,0.8677248677248677,0.13227513227513227,1000
0.01%,1e-4,12,Abundant OTUs,D5,105,-0.6286738344548601,-0.6262292786571716,-0.6972208672443069,-0.5563815601790636,0.7475728155339806,0.2524271844660194,1000
0.01%,1e-4,12,Abundant OTUs,D6,95,-0.5187209786387945,-0.5058173974966238,-0.6282290542124245,-0.40003568424339464,0.7083333333333334,0.2916666666666667,1000
0.01%,1e-4,12,Abundant OTUs,D7,100,-0.5201564176229915,-0.512469266044838,-0.6275547871522393,-0.4092396995146011,0.72,0.28,1000
0.01%,1e-4,12,Rare OTUs,D0,0,NA,NA,NA,NA,NA,NA,1000
0.01%,1e-4,12,Rare OTUs,D1,1462,-0.006986108920753155,-0.0068358193083204455,-0.0094105784532591,-0.004998155810687754,0.6006825938566553,0.3993174061433447,1000
0.01%,1e-4,12,Rare OTUs,D3,413,-0.007699186510016384,-0.007727635211721484,-0.010664393222607016,-0.004828840377804511,0.6261682242990654,0.37170263788968827,1000
0.01%,1e-4,12,Rare OTUs,D5,235,0.021619700635956945,0.017656945500219123,0.004188668871439249,0.05798114448439984,0.34460933309494013,0.6553906669050599,1000
0.01%,1e-4,12,Rare OTUs,D6,233,0.027211431833558418,0.020010367239321036,0.008166198650469636,0.11275552211842527,0.33592241795366795,0.664077582046332,1000
0.01%,1e-4,12,Rare OTUs,D7,193,0.09309581569274596,0.10935592327623977,9.678020981915836e-4,0.19113854055448914,0.41294375747905865,0.5870562425209414,1000
0.01%,1e-4,14,Abundant OTUs,D0,0,NA,NA,NA,NA,NA,NA,1000
0.01%,1e-4,14,Abundant OTUs,D1,726,-0.5442361714055914,-0.5442361714055914,-0.5442361714055914,-0.5442361714055914,0.8815426997245179,0.1184573002754821,1000
0.01%,1e-4,14,Abundant OTUs,D3,198,-0.733274215692628,-0.72617470557924,-0.7609308593585739,-0.7134173428358914,0.8719211822660099,0.12807881773399016,1000
0.01%,1e-4,14,Abundant OTUs,D5,110,-0.6387974559378855,-0.6375994139813136,-0.69550126859555506,-0.577515596186834,0.7543859649122807,0.24561403508771928,1000
0.01%,1e-4,14,Abundant OTUs,D6,99,-0.5274394236829775,-0.5086607062259514,-0.6284432581040018,-0.45232030431137593,0.72,0.28,1000
0.01%,1e-4,14,Abundant OTUs,D7,108,-0.535828026495373,-0.5299623173439498,-0.6167650474906101,-0.4374612460371432,0.7309308338720103,0.26906916612798965,1000
0.01%,1e-4,14,Rare OTUs,D0,0,NA,NA,NA,NA,NA,NA,1000
0.01%,1e-4,14,Rare OTUs,D1,1486,-0.007260294857505567,-0.007260294857505567,-0.007260294857505567,-0.007260294857505567,0.6110363391655451,0.38896366083445494,1000
0.01%,1e-4,14,Rare OTUs,D3,435,-0.008057240108055586,-0.008095151909582654,-0.010341185454745272,-0.006218805788722205,0.6407982261640798,0.35585585585585583,1000
0.01%,1e-4,14,Rare OTUs,D5,248,0.015812534478452513,0.015108184838763083,0.005452491367447576,0.034937427918215004,0.35800067252726137,0.6419993274727387,1000
0.01%,1e-4,14,Rare OTUs,D6,247,0.022299184705115365,0.019602890635000314,0.008234392951401914,0.05522950740423987,0.3431968853586841,0.6568031146413159,1000
0.01%,1e-4,14,Rare OTUs,D7,211,0.08496686701332502,0.10546654657329713,9.787030143124653e-4,0.15695367760818293,0.42045454545454547,0.5795454545454546,1000
0.1%,0.001,8,Abundant OTUs,D0,0,NA,NA,NA,NA,NA,NA,1000
0.1%,0.001,8,Abundant OTUs,D1,109,-0.7314544491269126,-0.7366749794071903,-0.7910377156700692,-0.6586257538469272,0.8317757009345794,0.16822429906542055,1000
0.1%,0.001,8,Abundant OTUs,D3,55,-1.3964645539374072,-1.3957831763651978,-1.4862790847769012,-1.3110766561819611,0.9009803921568628,0.09901960784313726,1000
0.1%,0.001,8,Abundant OTUs,D5,32,-1.3337478767037125,-1.3676329757825585,-1.463812717200803,-1.1083933447629046,0.8181818181818182,0.18181818181818182,1000
0.1%,0.001,8,Abundant OTUs,D6,28,-1.037602227674871,-1.0346490483205582,-1.3655614132911456,-0.7625991421839617,0.7333333333333333,0.26666666666666666,1000
0.1%,0.001,8,Abundant OTUs,D7,25,-0.9005529345429503,-0.8921638818568628,-1.4089974029092927,-0.43367338212748163,0.7272727272727273,0.2727272727272727,1000
0.1%,0.001,8,Rare OTUs,D0,0,NA,NA,NA,NA,NA,NA,1000
0.1%,0.001,8,Rare OTUs,D1,1956,-0.07997957141047185,-0.086338411601103,-0.11448122381986528,-0.020722028509078953,0.66921904315197,0.33078095684803,1000
0.1%,0.001,8,Rare OTUs,D3,471,-0.011235647014646782,-0.011266810122198656,-0.015252114616633172,-0.006939129582129944,0.6493380952776924,0.34979388963341196,1000
0.1%,0.001,8,Rare OTUs,D5,263,0.017386053651377506,0.013907728011530951,-0.004838092260768423,0.06041885513887321,0.41143507573767624,0.5885649242623238,1000
0.1%,0.001,8,Rare OTUs,D6,251,0.025432417859250482,0.01635648900298925,-5.439225189484696e-4,0.12324652559217571,0.3952401856264894,0.6047598143735106,1000
0.1%,0.001,8,Rare OTUs,D7,208,0.03746282275922455,0.0094453684268625,-0.011398057085565405,0.15549548640545205,0.4745762711864407,0.5254237288135594,1000
0.1%,0.001,10,Abundant OTUs,D0,0,NA,NA,NA,NA,NA,NA,1000
0.1%,0.001,10,Abundant OTUs,D1,108,-0.7268939024687127,-0.7289707004274323,-0.7743630146354801,-0.6676976996936479,0.8317757009345794,0.16822429906542055,1000
0.1%,0.001,10,Abundant OTUs,D3,58,-1.4014882403338977,-1.4041412227881027,-1.4683625769620035,-1.34669410760992,0.9074074074074074,0.09259259259259259,1000
0.1%,0.001,10,Abundant OTUs,D5,34,-1.385310647099801,-1.400844476814688,-1.4872979205758015,-1.223146784985776,0.8235294117647058,0.17647058823529413,1000
0.1%,0.001,10,Abundant OTUs,D6,29,-1.0732195485471292,-1.0554529421812133,-1.4122136680766657,-0.8038155563207078,0.75,0.25,1000
0.1%,0.001,10,Abundant OTUs,D7,26,-0.9489601922419774,-0.9366112327350881,-1.4455303746952708,-0.49923433618159474,0.75,0.25,1000
0.1%,0.001,10,Rare OTUs,D0,0,NA,NA,NA,NA,NA,NA,1000
0.1%,0.001,10,Rare OTUs,D1,2028,-0.08035535891912651,-0.08659906171865273,-0.10824017463099275,-0.02573576465564766,0.6776656056084414,0.32233439439155864,1000
0.1%,0.001,10,Rare OTUs,D3,509,-0.011850504561996454,-0.012187058399450557,-0.015089438360029994,-0.00824982088859292,0.6653053059727616,0.33396228430245184,1000
0.1%,0.001,10,Rare OTUs,D5,287,0.01243679140129817,0.01033013428644991,-0.0027621477951502932,0.04003251277521436,0.4204098281984835,0.5795901718015164,1000
0.1%,0.001,10,Rare OTUs,D6,277,0.01745200356929925,0.014352964725174111,3.6550420115858415e-4,0.04611888111697379,0.40565822006888763,0.5943417799311124,1000
0.1%,0.001,10,Rare OTUs,D7,237,0.024353945082955398,0.005189895359191121,-0.010720473971477872,0.12612248809967516,0.48373038381546607,0.5162696161845339,1000
0.1%,0.001,12,Abundant OTUs,D0,0,NA,NA,NA,NA,NA,NA,1000
0.1%,0.001,12,Abundant OTUs,D1,108,-0.7238351298983925,-0.7231917662669194,-0.7556418553986667,-0.6790243160184193,0.8272727272727273,0.17272727272727273,1000
0.1%,0.001,12,Abundant OTUs,D3,60,-1.4074154194423267,-1.413542289674834,-1.4457360341955556,-1.3644074155381225,0.9090909090909091,0.09090909090909091,1000
0.1%,0.001,12,Abundant OTUs,D5,35,-1.4066348310381285,-1.4129191938141918,-1.4968453269281785,-1.2648652793051798,0.8285714285714286,0.17142857142857143,1000
0.1%,0.001,12,Abundant OTUs,D6,30,-1.1039913108589061,-1.0879205772628349,-1.416169511726777,-0.86569774419615,0.7586206896551724,0.2413793103448276,1000
0.1%,0.001,12,Abundant OTUs,D7,28,-1.040733198017864,-1.0129279498058952,-1.4772640187157504,-0.6220817201487618,0.76,0.24,1000
0.1%,0.001,12,Rare OTUs,D0,0,NA,NA,NA,NA,NA,NA,1000
0.1%,0.001,12,Rare OTUs,D1,2074,-0.08491510596281299,-0.0906933832469452,-0.106445268372936,-0.033946223587752594,0.6851227732306211,0.3148772267693789,1000
0.1%,0.001,12,Rare OTUs,D3,543,-0.012302516337078052,-0.012312359196294587,-0.01464259690090286,-0.009305694019844836,0.6811202506854681,0.3180982620320856,1000
0.1%,0.001,12,Rare OTUs,D5,305,0.009540748523553329,0.00875188248812453,-0.001353376966202191,0.02505094012556658,0.42812000798722044,0.5718799920127795,1000
0.1%,0.001,12,Rare OTUs,D6,298,0.013348692148259638,0.012021549951919397,-2.338583024773963e-4,0.03173423006095799,0.4149631483799193,0.5850368516200807,1000
0.1%,0.001,12,Rare OTUs,D7,265,0.013993754257216776,0.001109460654707739,-0.011120012429809256,0.10703858232144639,0.49313603557766594,0.5068639644223341,1000
0.1%,0.001,14,Abundant OTUs,D0,0,NA,NA,NA,NA,NA,NA,1000
0.1%,0.001,14,Abundant OTUs,D1,110,-0.7192372134551743,-0.7192372134551743,-0.7192372134551743,-0.7192372134551743,0.8272727272727273,0.17272727272727273,1000
0.1%,0.001,14,Abundant OTUs,D3,62,-1.4072669935789242,-1.408945697239055,-1.4291692269444427,-1.3713016237357205,0.90625,0.09375,1000
0.1%,0.001,14,Abundant OTUs,D5,37,-1.42592774366001,-1.4236269358671225,-1.4882634688598513,-1.3327133401185127,0.8378378378378378,0.16216216216216217,1000
0.1%,0.001,14,Abundant OTUs,D6,31,-1.1206784768679618,-1.098740221540694,-1.4098801333450708,-0.8952730147945749,0.7666666666666667,0.23333333333333334,1000
0.1%,0.001,14,Abundant OTUs,D7,29,-1.0896179277179285,-1.0759009100456431,-1.4690298454726773,-0.6951761343246023,0.7777777777777778,0.2222222222222222,1000
0.1%,0.001,14,Rare OTUs,D0,0,NA,NA,NA,NA,NA,NA,1000
0.1%,0.001,14,Rare OTUs,D1,2102,-0.09241202930864834,-0.09241202930864834,-0.09241202930864834,-0.09241202930864834,0.6931493815413892,0.30685061845861084,1000
0.1%,0.001,14,Rare OTUs,D3,572,-0.01270109181463925,-0.012677050540133239,-0.014447090958278374,-0.010340075832014939,0.6918918918918919,0.30579964850615116,1000
0.1%,0.001,14,Rare OTUs,D5,320,0.007265032844401641,0.0059691518452598125,-5.758108421209939e-4,0.01610454802239627,0.44086163605127526,0.5591383639487246,1000
0.1%,0.001,14,Rare OTUs,D6,315,0.01120595394412897,0.01118369327443236,-2.135065031465544e-4,0.024657931050770188,0.42225278858346404,0.5777472114165358,1000
0.1%,0.001,14,Rare OTUs,D7,290,0.00794170539577888,-7.570569506065716e-6,-0.010522953598079532,0.08749446632053968,0.5,0.5,1000
1%,0.01,8,Abundant OTUs,D0,0,NA,NA,NA,NA,NA,NA,1000
1%,0.01,8,Abundant OTUs,D1,13,-0.5036922174930193,-0.5025523858671967,-0.5802765972693535,-0.4123953894996284,0.8461538461538461,0.15384615384615385,1000
1%,0.01,8,Abundant OTUs,D3,11,-2.138686857363705,-2.128212713927956,-2.43194888802394,-1.8464108976879876,0.9090909090909091,0.09090909090909091,1000
1%,0.01,8,Abundant OTUs,D5,8,-1.9916251072756959,-2.04525041110775,-2.519291520700812,-1.4357118570134482,0.875,0.125,1000
1%,0.01,8,Abundant OTUs,D6,7,-1.5367967013973942,-1.5744507637231429,-2.1235812674231354,-0.8549738928963978,0.8571428571428571,0.14285714285714285,1000
1%,0.01,8,Abundant OTUs,D7,5,-1.3695972314280969,-1.394322537787644,-2.2437115677974986,-0.4858494884408033,0.8,0.2,1000
1%,0.01,8,Rare OTUs,D0,0,NA,NA,NA,NA,NA,NA,1000
1%,0.01,8,Rare OTUs,D1,2051,-0.11174609952413221,-0.11126272479273513,-0.13311173391261077,-0.08413140020570126,0.6788677665163234,0.3211322334836766,1000
1%,0.01,8,Rare OTUs,D3,514,-0.013432761855294456,-0.013580978165073532,-0.017538600844990704,-0.009110360453065281,0.6698948481598428,0.32966988727858293,1000
1%,0.01,8,Rare OTUs,D5,286,0.0104690559623464,0.00800978399703478,-0.006549568108092707,0.039398277757766456,0.4392000527148129,0.5607999472851871,1000
1%,0.01,8,Rare OTUs,D6,272,0.01745601851369992,0.013913010799049275,-0.004923508262047126,0.06838708631658161,0.4166666666666667,0.5833333333333334,1000
1%,0.01,8,Rare OTUs,D7,225.5,0.015361542276544998,8.482399004119401e-4,-0.014145202956871866,0.12118285864056248,0.49598387096774194,0.504016129032258,1000
1%,0.01,10,Abundant OTUs,D0,0,NA,NA,NA,NA,NA,NA,1000
1%,0.01,10,Abundant OTUs,D1,13,-0.5007370341674054,-0.4937402661357424,-0.5778150834904461,-0.4129829269591043,0.8461538461538461,0.15384615384615385,1000
1%,0.01,10,Abundant OTUs,D3,11,-2.190893927612004,-2.182290210898204,-2.4568571942130117,-1.9525909653728841,0.9090909090909091,0.09090909090909091,1000
1%,0.01,10,Abundant OTUs,D5,9,-2.03830150390669,-2.085317788566619,-2.5314813762952024,-1.4435598405367778,0.8888888888888888,0.1111111111111111,1000
1%,0.01,10,Abundant OTUs,D6,7,-1.5732679661063094,-1.6103353458686696,-2.0764200324176514,-1.0334988561164804,0.8571428571428571,0.14285714285714285,1000
1%,0.01,10,Abundant OTUs,D7,6,-1.4921560447674458,-1.5278926968545277,-2.2448404950626064,-0.6543406751326089,0.8333333333333334,0.16666666666666666,1000
1%,0.01,10,Rare OTUs,D0,0,NA,NA,NA,NA,NA,NA,1000
1%,0.01,10,Rare OTUs,D1,2122,-0.11166827537667941,-0.11024469361226918,-0.1288716396726092,-0.09290791911143868,0.6854249413977171,0.31457505860228285,1000
1%,0.01,10,Rare OTUs,D3,558,-0.013892460634633863,-0.014120880354640875,-0.016653662480340503,-0.010351059053606537,0.6841688983406847,0.3150813224366104,1000
1%,0.01,10,Rare OTUs,D5,311,0.007053571472866162,0.005914167484903032,-0.005615929556627785,0.02512850270836022,0.45046484183864377,0.5495351581613563,1000
1%,0.01,10,Rare OTUs,D6,300,0.012278531223389124,0.011549581363492045,-0.00420735755774968,0.032733021068355406,0.4300341296928328,0.5699658703071673,1000
1%,0.01,10,Rare OTUs,D7,258,0.007384249622367534,-4.0489974404378515e-4,-0.014605918211324204,0.10526870309073962,0.5040539653361344,0.49594603466386555,1000
1%,0.01,12,Abundant OTUs,D0,0,NA,NA,NA,NA,NA,NA,1000
1%,0.01,12,Abundant OTUs,D1,13,-0.5083545313853207,-0.4937402661357424,-0.5719580156499312,-0.4491727634390579,0.8461538461538461,0.15384615384615385,1000
1%,0.01,12,Abundant OTUs,D3,11,-2.225483911587271,-2.23982555580292,-2.426393624476323,-1.984652231420167,0.9090909090909091,0.09090909090909091,1000
1%,0.01,12,Abundant OTUs,D5,9,-2.0941807899469302,-2.162301642607323,-2.5417876301241087,-1.5750708837353837,0.8888888888888888,0.1111111111111111,1000
1%,0.01,12,Abundant OTUs,D6,8,-1.599420876901771,-1.6211660707357773,-2.1016517451312784,-1.136290306850596,0.875,0.125,1000
1%,0.01,12,Abundant OTUs,D7,6,-1.5753514563739657,-1.6624669311623637,-2.2769167331525497,-0.7489426758860561,0.8333333333333334,0.16666666666666666,1000
1%,0.01,12,Rare OTUs,D0,0,NA,NA,NA,NA,NA,NA,1000
1%,0.01,12,Rare OTUs,D1,2168,-0.1142318920341092,-0.11335678382001657,-0.1286977448663289,-0.10067414385382278,0.6917068634673884,0.30829313653261164,1000
1%,0.01,12,Rare OTUs,D3,591,-0.014361881177503201,-0.014362043868338059,-0.016593698601061933,-0.011771468639076134,0.6989341965773134,0.30016723577167564,1000
1%,0.01,12,Rare OTUs,D5,331,0.005340597662873482,0.005665928160980549,-0.005197512470337562,0.015948368717408457,0.4590679451489844,0.5409320548510156,1000
1%,0.01,12,Rare OTUs,D6,319.5,0.010719706877155202,0.010449932405760753,-0.004735302103435157,0.030123100428057423,0.43217665615141954,0.5678233438485805,1000
1%,0.01,12,Rare OTUs,D7,288,0.0016135034539792956,-0.0023835166631789306,-0.012706089732680925,0.056515730133827824,0.5133087544278175,0.48669124557218246,1000
1%,0.01,14,Abundant OTUs,D0,0,NA,NA,NA,NA,NA,NA,1000
1%,0.01,14,Abundant OTUs,D1,13,-0.4809624962509653,-0.4809624962509653,-0.4809624962509653,-0.4809624962509653,0.8461538461538461,0.15384615384615385,1000
1%,0.01,14,Abundant OTUs,D3,11,-2.2744574454134243,-2.3165400255325483,-2.4215721374238477,-2.0132810708718263,0.9090909090909091,0.09090909090909091,1000
1%,0.01,14,Abundant OTUs,D5,9,-2.089294132774849,-2.195683273158201,-2.5417876301241087,-1.6738344006712584,0.8888888888888888,0.1111111111111111,1000
1%,0.01,14,Abundant OTUs,D6,7,-1.66287291532543,-1.6572309252021558,-2.089464957077572,-1.2193581435052347,0.8571428571428571,0.14285714285714285,1000
1%,0.01,14,Abundant OTUs,D7,6,-1.6349204258196584,-1.6738054992914215,-2.3038962984455895,-0.8708624282737126,0.8333333333333334,0.16666666666666666,1000
1%,0.01,14,Rare OTUs,D0,0,NA,NA,NA,NA,NA,NA,1000
1%,0.01,14,Rare OTUs,D1,2199,-0.12328915231290605,-0.12328915231290605,-0.12328915231290605,-0.12328915231290605,0.6989540700318326,0.30104592996816737,1000
1%,0.01,14,Rare OTUs,D3,623,-0.014762107749063294,-0.014747488040182777,-0.016533044751405157,-0.0128268345548328,0.7100977198697068,0.2877813504823151,1000
1%,0.01,14,Rare OTUs,D5,349,0.003992301979137638,0.005326463193491726,-0.0040244706127470775,0.011856352736093556,0.46685914930439987,0.5331408506956001,1000
1%,0.01,14,Rare OTUs,D6,338,0.008962202786020125,0.008865704250368589,-0.0037145377225199054,0.02132520106425285,0.44060235507246376,0.5593976449275362,1000
1%,0.01,14,Rare OTUs,D7,312,-0.0022240683783288197,-0.0032462738121590284,-0.012569104183211709,0.02044882340624758,0.517828247803976,0.48217175219602404,1000
