Cutoff_label,dominance_cutoff,n_subsample,Metric,Mean,SD,Median,Q2.5,Q97.5,N_iterations
0.01%,1e-4,8,"Mean abundant decrease proportion, D1-D7",0.7638735504562694,0.013748591609211805,0.7637563623550687,0.7373445133022644,0.790447893758743,1000
0.01%,1e-4,8,"Mean abundant median log10 shift vs D0, D1-D7",-0.5606794782371598,0.026651907886594325,-0.5627070847831687,-0.608776132376292,-0.504551643892056,1000
0.01%,1e-4,8,"Mean rare decrease proportion, D1-D7",0.448017051879279,0.02377628731574557,0.44784025990881937,0.40230232484270595,0.49496841870089053,1000
0.01%,1e-4,8,"Mean rare median log10 shift vs D0, D1-D7",0.03898094167719142,0.017138997595107234,0.03843348279585321,0.005899959639394116,0.07262517436831688,1000
0.01%,1e-4,8,"Mean rare transient/lost proportion, D1-D7",0.8450774512477192,0.0032175557336561935,0.845106642233725,0.8389175600743772,0.8512506417237089,1000
0.01%,1e-4,8,"Mean rare transient/lost proportion, D3-D7",0.9424251456901537,0.002874424873783906,0.9425188284782307,0.9367861651533507,0.9478644887713458,1000
0.01%,1e-4,8,"Mean rare-minus-abundant transient/lost gap, D1-D7",0.07401950229117413,0.004007408513109488,0.07397973084387673,0.0658340403961984,0.08198122657501326,1000
0.01%,1e-4,8,"Mean rare-minus-abundant transient/lost gap, D3-D7",0.026389565689894433,0.0032159141405396084,0.02646895710333859,0.01993943291664221,0.032323386682932144,1000
0.01%,1e-4,8,"Mean retention gap: abundant minus rare, D1-D7",0.02788369388623031,0.004506620740355343,0.0277464169310795,0.019337575002430423,0.0370334891340803,1000
0.01%,1e-4,8,"Mean retention gap: abundant minus rare, D3-D7",0.0058792262294413925,0.005351735948053921,0.0055838498073603,-0.004191752920378971,0.01716647099740462,1000
0.01%,1e-4,8,Rare transient/lost > abundant transient/lost in all diluted treatments,1,0,1,1,1,1000
0.01%,1e-4,8,Rare transient/lost > abundant transient/lost in all stronger dilution treatments,1,0,1,1,1,1000
0.01%,1e-4,8,Retention gap > 0 in all diluted treatments,0.188,0.39090767299812473,0,0,1,1000
0.01%,1e-4,8,Retention gap > 0 in all stronger dilution treatments,0.188,0.39090767299812473,0,0,1,1000
0.01%,1e-4,8,Spearman rho: abundant retained proportion vs dilution rank,-0.9479331106690221,0.0655467908155744,-0.9428571428571428,-1,-0.8116794499134278,1000
0.01%,1e-4,8,Spearman rho: rare retained proportion vs dilution rank,-0.9734340121670612,0.03724904562157744,-1,-1,-0.898645105261295,1000
0.01%,1e-4,10,"Mean abundant decrease proportion, D1-D7",0.7747835853798551,0.012049130750852061,0.7752767645647747,0.7497281941795741,0.7963459764190101,1000
0.01%,1e-4,10,"Mean abundant median log10 shift vs D0, D1-D7",-0.5774888842360176,0.021336170972863503,-0.5782500453337787,-0.6152944658959392,-0.5310659150935022,1000
0.01%,1e-4,10,"Mean rare decrease proportion, D1-D7",0.45796045403469954,0.019829658048753897,0.4574181431384387,0.4209418029760508,0.4984045261042961,1000
0.01%,1e-4,10,"Mean rare median log10 shift vs D0, D1-D7",0.029802231821526443,0.01318598077092199,0.030269567943033725,0.0053200019715305144,0.05574333311611416,1000
0.01%,1e-4,10,"Mean rare transient/lost proportion, D1-D7",0.82376997446983935,0.0026783524849003505,0.8237916357961441,0.818543294311749,0.828787725950971,1000
0.01%,1e-4,10,"Mean rare transient/lost proportion, D3-D7",0.9324718699238237,0.0028233418447694315,0.9324681456160653,0.9267626440852024,0.9380455163043477,1000
0.01%,1e-4,10,"Mean rare-minus-abundant transient/lost gap, D1-D7",0.0694862982313869,0.003234411713964857,0.06945599886879797,0.06295497590486056,0.07556140063721918,1000
0.01%,1e-4,10,"Mean rare-minus-abundant transient/lost gap, D3-D7",0.0237847647435123,0.002990213942231981,0.02376763263272956,0.017661785183643787,0.029814058473120963,1000
0.01%,1e-4,10,"Mean retention gap: abundant minus rare, D1-D7",0.022018961579963643,0.004308320926896343,0.021965631407877217,0.01365615913535119,0.030606976619927714,1000
0.01%,1e-4,10,"Mean retention gap: abundant minus rare, D3-D7",0.0034448271983790117,0.005160801382362393,0.003304896088803147,-0.006436475593425241,0.013934487722105772,1000
0.01%,1e-4,10,Rare transient/lost > abundant transient/lost in all diluted treatments,1,0,1,1,1,1000
0.01%,1e-4,10,Rare transient/lost > abundant transient/lost in all stronger dilution treatments,1,0,1,1,1,1000
0.01%,1e-4,10,Retention gap > 0 in all diluted treatments,0.067,0.25014710386805117,0,0,1,1000
0.01%,1e-4,10,Retention gap > 0 in all stronger dilution treatments,0.067,0.25014710386805117,0,0,1,1000
0.01%,1e-4,10,Spearman rho: abundant retained proportion vs dilution rank,-0.9284330696763775,0.07483130154235842,-0.9428571428571428,-1,-0.7714285714285715,1000
0.01%,1e-4,10,Spearman rho: rare retained proportion vs dilution rank,-0.9703166025628776,0.040344201316526496,-1,-1,-0.8285714285714285,1000
0.01%,1e-4,12,"Mean abundant decrease proportion, D1-D7",0.7834282801665889,0.010193546169595813,0.7836547593889072,0.7627913709166748,0.802703345385895,1000
0.01%,1e-4,12,"Mean abundant median log10 shift vs D0, D1-D7",-0.5878202168675999,0.01758283827088094,-0.5879717057823293,-0.6240267454456155,-0.5540086312377561,1000
0.01%,1e-4,12,"Mean rare decrease proportion, D1-D7",0.46649040634382016,0.01813016702198674,0.4667953624932733,0.430629211660333,0.5037216220578363,1000
0.01%,1e-4,12,"Mean rare median log10 shift vs D0, D1-D7",0.025448330546298355,0.011589099603873543,0.026996069167764824,0.0036010952842924437,0.04835646374520901,1000
0.01%,1e-4,12,"Mean rare transient/lost proportion, D1-D7",0.8392377222685428,0.002060458255162924,0.8392603988603988,0.8353592534447933,0.8433618458930978,1000
0.01%,1e-4,12,"Mean rare transient/lost proportion, D3-D7",0.9400276539064947,0.00213850817605619,0.9399783185514581,0.9359170363648005,0.9440684323014136,1000
0.01%,1e-4,12,"Mean rare-minus-abundant transient/lost gap, D1-D7",0.07568266583322561,0.002438264315246758,0.07578820403786685,0.07074070137389374,0.08041999306609696,1000
0.01%,1e-4,12,"Mean rare-minus-abundant transient/lost gap, D3-D7",0.026815883530600763,0.0024469777014591776,0.02690761272982331,0.022140540626248758,0.03153924968696115,1000
0.01%,1e-4,12,"Mean retention gap: abundant minus rare, D1-D7",0.017442865435514966,0.004080289971033568,0.017471431547870765,0.009849483073548663,0.02544227681085133,1000
0.01%,1e-4,12,"Mean retention gap: abundant minus rare, D3-D7",0.0013525165234740757,0.00493269798606505,0.0012635191603206104,-0.007890249347044718,0.01126942639236368,1000
0.01%,1e-4,12,Rare transient/lost > abundant transient/lost in all diluted treatments,1,0,1,1,1,1000
0.01%,1e-4,12,Rare transient/lost > abundant transient/lost in all stronger dilution treatments,1,0,1,1,1,1000
0.01%,1e-4,12,Retention gap > 0 in all diluted treatments,0.028,0.16505527329729044,0,0,1,1000
0.01%,1e-4,12,Retention gap > 0 in all stronger dilution treatments,0.028,0.16505527329729044,0,0,1,1000
0.01%,1e-4,12,Spearman rho: abundant retained proportion vs dilution rank,-0.916256573093954,0.07519931752045136,-0.9428571428571428,-1,-0.7714285714285715,1000
0.01%,1e-4,12,Spearman rho: rare retained proportion vs dilution rank,-0.9639754199584466,0.04426429074014235,-0.9428571428571428,-1,-0.8285714285714285,1000
0.01%,1e-4,14,"Mean abundant decrease proportion, D1-D7",0.7908115584619274,0.009313846450855326,0.791070296283156,0.7729133749113932,0.8084104723904482,1000
0.01%,1e-4,14,"Mean abundant median log10 shift vs D0, D1-D7",-0.5959150586428911,0.015407535705920383,-0.5960397128720484,-0.6253810706348185,-0.5676815904786462,1000
0.01%,1e-4,14,"Mean rare decrease proportion, D1-D7",0.47589350495622135,0.014802575396516943,0.47591330350743655,0.4477079715471568,0.504174037528793,1000
0.01%,1e-4,14,"Mean rare median log10 shift vs D0, D1-D7",0.02155221024626635,0.010098706259969215,0.024766674876535565,0.003190187747229954,0.04041807099998885,1000
0.01%,1e-4,14,"Mean rare transient/lost proportion, D1-D7",0.8246235294117648,0.0015958223159148856,0.8246439628482972,0.821547987616099,0.8277399380804954,1000
0.01%,1e-4,14,"Mean rare transient/lost proportion, D3-D7",0.9331013931888544,0.001994777894893605,0.9331269349845202,0.9292569659442724,0.9369969040247678,1000
0.01%,1e-4,14,"Mean rare-minus-abundant transient/lost gap, D1-D7",0.07125221793635488,0.0015826328300884867,0.07126309022314711,0.06826403339592958,0.0744874342316737,1000
0.01%,1e-4,14,"Mean rare-minus-abundant transient/lost gap, D3-D7",0.02451566914513864,0.0019782910376106087,0.024529259503628928,0.020780438469607018,0.028559689514287175,1000
0.01%,1e-4,14,"Mean retention gap: abundant minus rare, D1-D7",0.014258751120810698,0.003657795452827917,0.01421467120066317,0.0072754233703835195,0.02135235750900878,1000
0.01%,1e-4,14,"Mean retention gap: abundant minus rare, D3-D7",-9.642101879578343e-5,0.004572244316034896,-1.5152091898019276e-4,-0.008825580706829756,0.008770586966451818,1000
0.01%,1e-4,14,Rare transient/lost > abundant transient/lost in all diluted treatments,1,0,1,1,1,1000
0.01%,1e-4,14,Rare transient/lost > abundant transient/lost in all stronger dilution treatments,1,0,1,1,1,1000
0.01%,1e-4,14,Retention gap > 0 in all diluted treatments,0.007,0.08341437500789632,0,0,0,1000
0.01%,1e-4,14,Retention gap > 0 in all stronger dilution treatments,0.007,0.08341437500789632,0,0,0,1000
0.01%,1e-4,14,Spearman rho: abundant retained proportion vs dilution rank,-0.9007463818187194,0.07425228491710158,-0.9428571428571428,-1,-0.7714285714285715,1000
0.01%,1e-4,14,Spearman rho: rare retained proportion vs dilution rank,-0.9605128484539768,0.04655783226307089,-0.9428571428571428,-1,-0.8285714285714285,1000
0.1%,0.001,8,"Mean abundant decrease proportion, D1-D7",0.8006008752819248,0.015597025048137017,0.8010829248218967,0.768146964402515,0.8297247912837284,1000
0.1%,0.001,8,"Mean abundant median log10 shift vs D0, D1-D7",-1.0799644083971707,0.06377622061540576,-1.0769519627907966,-1.2031358919273782,-0.9602935240633842,1000
0.1%,0.001,8,"Mean rare decrease proportion, D1-D7",0.5222076920882374,0.020514959224954794,0.5218186148912634,0.4844905086417109,0.5634562791450394,1000
0.1%,0.001,8,"Mean rare median log10 shift vs D0, D1-D7",-0.0021867848310532178,0.013859133425636584,-0.0050333909529169715,-0.02118195076458311,0.029014559171335722,1000
0.1%,0.001,8,"Mean rare transient/lost proportion, D1-D7",0.831275747430401,0.002830271033745967,0.8312190796417771,0.8256799393235916,0.8367082577132486,1000
0.1%,0.001,8,"Mean rare transient/lost proportion, D3-D7",0.9415364539088342,0.002468828304532999,0.9414736513522828,0.9365636484769432,0.9464530359432969,1000
0.1%,0.001,8,"Mean rare-minus-abundant transient/lost gap, D1-D7",0.20817066768697126,0.006998274364418485,0.207977575090055,0.19466699245311553,0.22191877584466185,1000
0.1%,0.001,8,"Mean rare-minus-abundant transient/lost gap, D3-D7",0.1628436279623203,0.00832485443040552,0.16291304438860182,0.14703526791369098,0.17869576117901387,1000
0.1%,0.001,8,"Mean retention gap: abundant minus rare, D1-D7",0.17357459741223644,0.009305668169902906,0.1734284345345968,0.1552343993527741,0.19146249372879304,1000
0.1%,0.001,8,"Mean retention gap: abundant minus rare, D3-D7",0.18792004736201232,0.011417613680394545,0.18773481149651033,0.16536620815704234,0.21012279174989928,1000
0.1%,0.001,8,Rare transient/lost > abundant transient/lost in all diluted treatments,1,0,1,1,1,1000
0.1%,0.001,8,Rare transient/lost > abundant transient/lost in all stronger dilution treatments,1,0,1,1,1,1000
0.1%,0.001,8,Retention gap > 0 in all diluted treatments,1,0,1,1,1,1000
0.1%,0.001,8,Retention gap > 0 in all stronger dilution treatments,1,0,1,1,1,1000
0.1%,0.001,8,Spearman rho: abundant retained proportion vs dilution rank,-0.9685617560668743,0.03580604578754349,-0.9856107606091623,-0.9856107606091623,-0.8827348295047496,1000
0.1%,0.001,8,Spearman rho: rare retained proportion vs dilution rank,-0.971572701100597,0.04605453790602733,-1,-1,-0.8285714285714285,1000
0.1%,0.001,10,"Mean abundant decrease proportion, D1-D7",0.8092337720362318,0.013560565061433645,0.8094130142639553,0.7818046764058232,0.8336500520951541,1000
0.1%,0.001,10,"Mean abundant median log10 shift vs D0, D1-D7",-1.1071745061383036,0.05839643821144767,-1.1047550179707932,-1.2246884413595414,-0.9933907895210239,1000
0.1%,0.001,10,"Mean rare decrease proportion, D1-D7",0.5318599150405747,0.01665338162199384,0.5317961001129428,0.500690883604593,0.5646698253894878,1000
0.1%,0.001,10,"Mean rare median log10 shift vs D0, D1-D7",-0.007592624685514029,0.010446113600182888,-0.010315969943802995,-0.021137211300353852,0.016996278770712407,1000
0.1%,0.001,10,"Mean rare transient/lost proportion, D1-D7",0.8114181498247531,0.0023403148523664205,0.8115358825349885,0.8068399941742269,0.815745198959544,1000
0.1%,0.001,10,"Mean rare transient/lost proportion, D3-D7",0.9329665367165123,0.0023992745054922677,0.9330497089117779,0.928170804772205,0.9372485637242319,1000
0.1%,0.001,10,"Mean rare-minus-abundant transient/lost gap, D1-D7",0.19967535511126597,0.006590784912241384,0.19952106001376285,0.18637863474788485,0.21215995922053357,1000
0.1%,0.001,10,"Mean rare-minus-abundant transient/lost gap, D3-D7",0.1682926308667408,0.008161659847261813,0.16822563119171913,0.15226464805466247,0.18377541073124554,1000
0.1%,0.001,10,"Mean retention gap: abundant minus rare, D1-D7",0.17102585387307032,0.008728053467852995,0.1708378906697962,0.15385910478645515,0.18817827304250886,1000
0.1%,0.001,10,"Mean retention gap: abundant minus rare, D3-D7",0.1912772335946159,0.01090183987436685,0.1913621717241763,0.16986377315386667,0.2129239884690817,1000
0.1%,0.001,10,Rare transient/lost > abundant transient/lost in all diluted treatments,1,0,1,1,1,1000
0.1%,0.001,10,Rare transient/lost > abundant transient/lost in all stronger dilution treatments,1,0,1,1,1,1000
0.1%,0.001,10,Retention gap > 0 in all diluted treatments,1,0,1,1,1,1000
0.1%,0.001,10,Retention gap > 0 in all stronger dilution treatments,1,0,1,1,1,1000
0.1%,0.001,10,Spearman rho: abundant retained proportion vs dilution rank,-0.9700632073749662,0.0293201224045717,-0.9856107606091623,-0.9856107606091623,-0.9276336570439175,1000
0.1%,0.001,10,Spearman rho: rare retained proportion vs dilution rank,-0.9626548683276208,0.053296433472440105,-1,-1,-0.8285714285714285,1000
0.1%,0.001,12,"Mean abundant decrease proportion, D1-D7",0.8159020886989042,0.01226529687436238,0.8158539305135246,0.7901997553102534,0.8379561524790251,1000
0.1%,0.001,12,"Mean abundant median log10 shift vs D0, D1-D7",-1.1365219778511235,0.054050233715619775,-1.1333037471646756,-1.2424712267501716,-1.0383333002554955,1000
0.1%,0.001,12,"Mean rare decrease proportion, D1-D7",0.541522331235674,0.014810578673733678,0.54140280602645,0.5139509291867437,0.5717223849119246,1000
0.1%,0.001,12,"Mean rare median log10 shift vs D0, D1-D7",-0.012066885474172258,0.00789051487375586,-0.014236892160662106,-0.02172237978040182,0.007311134708957276,1000
0.1%,0.001,12,"Mean rare transient/lost proportion, D1-D7",0.8252386794445983,0.0017765358069255059,0.8252904378909741,0.8218051831992851,0.8288020757427494,1000
0.1%,0.001,12,"Mean rare transient/lost proportion, D3-D7",0.9393723706130302,0.0018284560398241232,0.9393448136405202,0.9359339882160138,0.9428318598107777,1000
0.1%,0.001,12,"Mean rare-minus-abundant transient/lost gap, D1-D7",0.20571644225953456,0.005726360207438854,0.20597311630026707,0.19449063980951264,0.21680972603614537,1000
0.1%,0.001,12,"Mean rare-minus-abundant transient/lost gap, D3-D7",0.16496957413170057,0.007002264945468634,0.1652329677613768,0.15116356051743332,0.1783105227465875,1000
0.1%,0.001,12,"Mean retention gap: abundant minus rare, D1-D7",0.1697201890122087,0.008487439030472459,0.16964618543438056,0.1530397043100212,0.1854301735094512,1000
0.1%,0.001,12,"Mean retention gap: abundant minus rare, D3-D7",0.19397788262309193,0.010583968838691475,0.19405382986380001,0.17273925207610288,0.21335559640104185,1000
0.1%,0.001,12,Rare transient/lost > abundant transient/lost in all diluted treatments,1,0,1,1,1,1000
0.1%,0.001,12,Rare transient/lost > abundant transient/lost in all stronger dilution treatments,1,0,1,1,1,1000
0.1%,0.001,12,Retention gap > 0 in all diluted treatments,1,0,1,1,1,1000
0.1%,0.001,12,Retention gap > 0 in all stronger dilution treatments,1,0,1,1,1,1000
0.1%,0.001,12,Spearman rho: abundant retained proportion vs dilution rank,-0.9651504148141012,0.03528419576287526,-0.9856107606091623,-0.9856107606091623,-0.8827348295047496,1000
0.1%,0.001,12,Spearman rho: rare retained proportion vs dilution rank,-0.9531555373698307,0.06111103550831439,-0.9428571428571428,-1,-0.7714285714285715,1000
0.1%,0.001,14,"Mean abundant decrease proportion, D1-D7",0.8236791263324934,0.010479639696029113,0.8239167006574439,0.8030085056812978,0.8428723083225165,1000
0.1%,0.001,14,"Mean abundant median log10 shift vs D0, D1-D7",-1.1525456710559998,0.05105525317641359,-1.1502894238654162,-1.2550848634154244,-1.058886218132455,1000
0.1%,0.001,14,"Mean rare decrease proportion, D1-D7",0.5498820514670233,0.012553292589341533,0.5498799767034148,0.5251569364542255,0.5748353382314237,1000
0.1%,0.001,14,"Mean rare median log10 shift vs D0, D1-D7",-0.015740085787795618,0.0049345407874788255,-0.017013970977951987,-0.021058655240109588,3.7743951779986524e-5,1000
0.1%,0.001,14,"Mean rare transient/lost proportion, D1-D7",0.8118033974072418,0.001387148829581938,0.8118015198927134,0.8090299508270005,0.8144836835046938,1000
0.1%,0.001,14,"Mean rare transient/lost proportion, D3-D7",0.9333952838623156,0.001733936036977425,0.9333929369691552,0.9299284756370139,0.9367456414841305,1000
0.1%,0.001,14,"Mean rare-minus-abundant transient/lost gap, D1-D7",0.19962339740724186,0.004020500312593525,0.19974478806843582,0.19185713414881944,0.20697579956922826,1000
0.1%,0.001,14,"Mean rare-minus-abundant transient/lost gap, D3-D7",0.1681702838623156,0.0050256253907419056,0.16832202218880804,0.1584624547892876,0.17736078656479862,1000
0.1%,0.001,14,"Mean retention gap: abundant minus rare, D1-D7",0.1674714926646889,0.0067958220173622635,0.16746941927093914,0.15395936115739423,0.1807955053440078,1000
0.1%,0.001,14,"Mean retention gap: abundant minus rare, D3-D7",0.19425219551347175,0.008494777521702829,0.19424960377128458,0.17736203112935345,0.2109072113626204,1000
0.1%,0.001,14,Rare transient/lost > abundant transient/lost in all diluted treatments,1,0,1,1,1,1000
0.1%,0.001,14,Rare transient/lost > abundant transient/lost in all stronger dilution treatments,1,0,1,1,1,1000
0.1%,0.001,14,Retention gap > 0 in all diluted treatments,1,0,1,1,1,1000
0.1%,0.001,14,Retention gap > 0 in all stronger dilution treatments,1,0,1,1,1,1000
0.1%,0.001,14,Spearman rho: abundant retained proportion vs dilution rank,-0.9642436896551263,0.030461947253139197,-0.9856107606091623,-0.9856107606091623,-0.9276336570439175,1000
0.1%,0.001,14,Spearman rho: rare retained proportion vs dilution rank,-0.941557684664994,0.06875535706817626,-0.9428571428571428,-1,-0.7714285714285715,1000
1%,0.01,8,"Mean abundant decrease proportion, D1-D7",0.8462552847152847,0.019239938821052936,0.8488095238095238,0.8025335497835498,0.8774531024531024,1000
1%,0.01,8,"Mean abundant median log10 shift vs D0, D1-D7",-1.5080796229915823,0.12681229769996935,-1.510910749258545,-1.7412698506309499,-1.255648086466313,1000
1%,0.01,8,"Mean rare decrease proportion, D1-D7",0.5424129346983709,0.0195963994777249,0.541242124115026,0.5048672713964509,0.5833070431221048,1000
1%,0.01,8,"Mean rare median log10 shift vs D0, D1-D7",-0.01637844892536707,0.009676683628966419,-0.018943155077486052,-0.028414127345641936,0.008412392932101248,1000
1%,0.01,8,"Mean rare transient/lost proportion, D1-D7",0.8236152514840451,0.0026424102650643793,0.8235964912280702,0.8187715851178097,0.8287075157686471,1000
1%,0.01,8,"Mean rare transient/lost proportion, D3-D7",0.9360900295518241,0.0024884207878927583,0.9360930725384251,0.931394899021697,0.9409968718079673,1000
1%,0.01,8,"Mean rare-minus-abundant transient/lost gap, D1-D7",0.3619262404950342,0.01939707140863182,0.36276022054267004,0.32590142905097597,0.39756891330838995,1000
1%,0.01,8,"Mean rare-minus-abundant transient/lost gap, D3-D7",0.3589787658155603,0.02414628150560144,0.35981666807964063,0.3125436363175762,0.40194308098578674,1000
1%,0.01,8,"Mean retention gap: abundant minus rare, D1-D7",0.3867658340230694,0.02785112691872724,0.3871662375362875,0.33269005927718437,0.44128168447188104,1000
1%,0.01,8,"Mean retention gap: abundant minus rare, D3-D7",0.4556866940940762,0.03482007368077129,0.45593731131485904,0.3884374052360255,0.523696402688885,1000
1%,0.01,8,Rare transient/lost > abundant transient/lost in all diluted treatments,1,0,1,1,1,1000
1%,0.01,8,Rare transient/lost > abundant transient/lost in all stronger dilution treatments,1,0,1,1,1,1000
1%,0.01,8,Retention gap > 0 in all diluted treatments,1,0,1,1,1,1000
1%,0.01,8,Retention gap > 0 in all stronger dilution treatments,1,0,1,1,1,1000
1%,0.01,8,Spearman rho: abundant retained proportion vs dilution rank,-0.9678176883802179,0.030527726879843897,-0.9856107606091623,-0.9856107606091623,-0.8827348295047496,1000
1%,0.01,8,Spearman rho: rare retained proportion vs dilution rank,-0.9735705538054338,0.04351886145733708,-1,-1,-0.8285714285714285,1000
1%,0.01,10,"Mean abundant decrease proportion, D1-D7",0.8547393939393939,0.016806723068212057,0.8571789321789322,0.8180700549450549,0.8817460317460317,1000
1%,0.01,10,"Mean abundant median log10 shift vs D0, D1-D7",-1.559071295311971,0.11717401879570992,-1.5614989959191914,-1.7799202737193207,-1.321127698907212,1000
1%,0.01,10,"Mean rare decrease proportion, D1-D7",0.5525189577321516,0.016155361752268105,0.5520827291762935,0.5228152894756771,0.584474541334829,1000
1%,0.01,10,"Mean rare median log10 shift vs D0, D1-D7",-0.01976887673853809,0.006308681190760669,-0.02116724859369503,-0.02801888315675371,-0.0010405153765433407,1000
1%,0.01,10,"Mean rare transient/lost proportion, D1-D7",0.80421827422967,0.002283782013825717,0.8043001507040561,0.8000860937145609,0.8088534592043806,1000
1%,0.01,10,"Mean rare transient/lost proportion, D3-D7",0.9272367490522242,0.0023399136560518694,0.9272131601963766,0.9227523203252307,0.9318376985830829,1000
1%,0.01,10,"Mean rare-minus-abundant transient/lost gap, D1-D7",0.3604193731307689,0.01798859027810928,0.3592971026028382,0.3265986987722435,0.39294734520935976,1000
1%,0.01,10,"Mean rare-minus-abundant transient/lost gap, D3-D7",0.37248812267859777,0.022443879633684702,0.37131844851303897,0.3306195596814767,0.41202749058271826,1000
1%,0.01,10,"Mean retention gap: abundant minus rare, D1-D7",0.38960247482329136,0.026551303430839803,0.39024406376083076,0.3381608944158393,0.44088353956189774,1000
1%,0.01,10,"Mean retention gap: abundant minus rare, D3-D7",0.46539080684073275,0.033188571373462226,0.4661963407221684,0.4020980195755547,0.530267217304921,1000
1%,0.01,10,Rare transient/lost > abundant transient/lost in all diluted treatments,1,0,1,1,1,1000
1%,0.01,10,Rare transient/lost > abundant transient/lost in all stronger dilution treatments,1,0,1,1,1,1000
1%,0.01,10,Retention gap > 0 in all diluted treatments,1,0,1,1,1,1000
1%,0.01,10,Retention gap > 0 in all stronger dilution treatments,1,0,1,1,1,1000
1%,0.01,10,Spearman rho: abundant retained proportion vs dilution rank,-0.971038172832353,0.027505785066971968,-0.9856107606091623,-0.9856107606091623,-0.8827348295047496,1000
1%,0.01,10,Spearman rho: rare retained proportion vs dilution rank,-0.9673902142298858,0.0494080923518883,-1,-1,-0.8285714285714285,1000
1%,0.01,12,"Mean abundant decrease proportion, D1-D7",0.8615721234321234,0.014612440316869962,0.8628968253968253,0.8288095238095238,0.8857864357864358,1000
1%,0.01,12,"Mean abundant median log10 shift vs D0, D1-D7",-1.6005583132390517,0.11154234880610252,-1.6032131330377424,-1.8106296926858607,-1.376888750614569,1000
1%,0.01,12,"Mean rare decrease proportion, D1-D7",0.5604902697323899,0.013493797380604619,0.5599953503087625,0.5340352017144767,0.5874581663142238,1000
1%,0.01,12,"Mean rare median log10 shift vs D0, D1-D7",-0.022183993043520884,0.004338071521821898,-0.02295868589111527,-0.028485644650155083,-0.011083520065751206,1000
1%,0.01,12,"Mean rare transient/lost proportion, D1-D7",0.8178718165675818,0.001779122654930558,0.8177796873132577,0.8146636919441398,0.8215552422240382,1000
1%,0.01,12,"Mean rare transient/lost proportion, D3-D7",0.9338489832515213,0.0017935900662033578,0.93380145525558,0.9305193137264657,0.9375543178064637,1000
1%,0.01,12,"Mean rare-minus-abundant transient/lost gap, D1-D7",0.3620157726115379,0.016979259241315745,0.35989209333243133,0.3273310081664936,0.3910140176680929,1000
1%,0.01,12,"Mean rare-minus-abundant transient/lost gap, D3-D7",0.3640289283064663,0.02119521380598944,0.36158102839707085,0.32007850639926116,0.3998270294886426,1000
1%,0.01,12,"Mean retention gap: abundant minus rare, D1-D7",0.3951690289931957,0.025970605273688732,0.3953934823785715,0.34209487693607865,0.44273328588570715,1000
1%,0.01,12,"Mean retention gap: abundant minus rare, D3-D7",0.47648643203708435,0.03244756800189286,0.47682245087905467,0.4098211608530005,0.5363702878170902,1000
1%,0.01,12,Rare transient/lost > abundant transient/lost in all diluted treatments,1,0,1,1,1,1000
1%,0.01,12,Rare transient/lost > abundant transient/lost in all stronger dilution treatments,1,0,1,1,1,1000
1%,0.01,12,Retention gap > 0 in all diluted treatments,1,0,1,1,1,1000
1%,0.01,12,Retention gap > 0 in all stronger dilution treatments,1,0,1,1,1,1000
1%,0.01,12,Spearman rho: abundant retained proportion vs dilution rank,-0.972784717168538,0.02637289765914622,-0.9856107606091623,-0.9856107606091623,-0.9254785803737775,1000
1%,0.01,12,Spearman rho: rare retained proportion vs dilution rank,-0.9582477711874491,0.05804429325088724,-1,-1,-0.7714285714285715,1000
1%,0.01,14,"Mean abundant decrease proportion, D1-D7",0.8674174431124431,0.0076102596225388055,0.8689060939060939,0.8502275224775225,0.8788267288267289,1000
1%,0.01,14,"Mean abundant median log10 shift vs D0, D1-D7",-1.6285014831168654,0.10069978589155658,-1.633660707569944,-1.8152494128525096,-1.4447444121848199,1000
1%,0.01,14,"Mean rare decrease proportion, D1-D7",0.5679839347392671,0.011518628772599852,0.567428176097334,0.5464932123351415,0.5907242715643986,1000
1%,0.01,14,"Mean rare median log10 shift vs D0, D1-D7",-0.02546416473502808,0.0024015328232883694,-0.025586060296312094,-0.0292680459948923,-0.020021715375176625,1000
1%,0.01,14,"Mean rare transient/lost proportion, D1-D7",0.8043997429305912,0.0013756127758404026,0.8043701799485862,0.8017116538131962,0.8071122536418166,1000
1%,0.01,14,"Mean rare transient/lost proportion, D3-D7",0.9275219580119966,0.0017195159698005042,0.9274850042844902,0.9241618466152528,0.9309125964010283,1000
1%,0.01,14,"Mean rare-minus-abundant transient/lost gap, D1-D7",0.3550612813921297,0.01427254784090238,0.3577021949772592,0.3267615846022016,0.37497198602597054,1000
1%,0.01,14,"Mean rare-minus-abundant transient/lost gap, D3-D7",0.3658488810889196,0.017840684801127975,0.3691500230703315,0.3304742601015095,0.39073726188122065,1000
1%,0.01,14,"Mean retention gap: abundant minus rare, D1-D7",0.3906821699294707,0.022973166425047705,0.3919286797178828,0.3443866587568387,0.430977687693626,1000
1%,0.01,14,"Mean retention gap: abundant minus rare, D3-D7",0.47389255817019316,0.028716458031309632,0.4754506954057083,0.41602316920440313,0.5242619553753872,1000
1%,0.01,14,Rare transient/lost > abundant transient/lost in all diluted treatments,1,0,1,1,1,1000
1%,0.01,14,Rare transient/lost > abundant transient/lost in all stronger dilution treatments,1,0,1,1,1,1000
1%,0.01,14,Retention gap > 0 in all diluted treatments,1,0,1,1,1,1000
1%,0.01,14,Retention gap > 0 in all stronger dilution treatments,1,0,1,1,1,1000
1%,0.01,14,Spearman rho: abundant retained proportion vs dilution rank,-0.9735089653631928,0.02342285427599331,-0.9856107606091623,-0.9856107606091623,-0.9275883181121334,1000
1%,0.01,14,Spearman rho: rare retained proportion vs dilution rank,-0.9490248475475777,0.06641801058631237,-0.9642339517331526,-1,-0.7714285714285715,1000
