Cutoff_label,dominance_cutoff,n_subsample,Treatment,retention_gap_Median,retention_gap_Q2.5,retention_gap_Q97.5,rare_transient_lost_Median,rare_transient_lost_Q2.5,rare_transient_lost_Q97.5,TL_gap_rare_minus_abundant_Median,TL_gap_rare_minus_abundant_Q2.5,TL_gap_rare_minus_abundant_Q97.5,abundant_shift_Median,abundant_shift_Q2.5,abundant_shift_Q97.5,rare_shift_Median,rare_shift_Q2.5,rare_shift_Q97.5,N_iterations
0.01%,1e-4,8,D0,0,0,0,0.21327934098046264,0.1309090915532244,0.24890836487746024,0.21327934098046264,0.1309090915532244,0.24890836487746024,NA,NA,NA,NA,NA,NA,1000
0.01%,1e-4,8,D1,0.11623842656115724,0.09699885297971063,0.13344190709900489,0.45539907115113937,0.43559302893395835,0.4768627487138244,0.2643102246690313,0.23778781995285087,0.2920230719859218,-0.5411785084140827,-0.568464228440781,-0.5254391312635192,-0.005508419245686458,-0.011278994987882207,-0.0010708695685642375,1000
0.01%,1e-4,8,D3,0.009289915819500977,-0.007247455056544245,0.02689602338415109,0.897169951631354,0.8770379715091106,0.9126911809675732,0.03643238981717212,0.022945837214206677,0.04838027405485095,-0.7034210054521672,-0.7461644633443315,-0.6503226542200345,-0.00651010354550241,-0.010912350672530014,-0.001724881018884628,1000
0.01%,1e-4,8,D5,0.0027735780847669284,-0.00884277180389878,0.014149192598507804,0.9425943958024852,0.9343815296425276,0.9494636810064738,0.0273903455562573,0.017768840124657247,0.0358024664640932,-0.6004851252690709,-0.6848346911533019,-0.5002239375973706,0.026884203187460765,0.0016010267265546662,0.09798143286706423,1000
0.01%,1e-4,8,D6,-0.006665289401093677,-0.024552608275446062,0.013638045024424153,0.9521410579345089,0.94287107199227,0.9605768205253338,0.021420834759493246,0.010836656110830003,0.03365700315810962,-0.48374799609642505,-0.6102088182119302,-0.33078769074749376,0.03306096938760206,0.009005324127841286,0.15884185014856889,1000
0.01%,1e-4,8,D7,0.016309248472690385,-0.0034048211146184017,0.043222864044819155,0.9793103448275862,0.9711589693939197,0.9849345589146874,0.020710349265761152,0.012190287136172206,0.028321009132823108,-0.49619496853599143,-0.6361620336021581,-0.27582485494711484,0.11409034708697996,2.757221859112314e-4,0.21650163186057236,1000
0.01%,1e-4,10,D0,0,0,0,0.13987341772151898,0.1235145550690586,0.17592202159818499,0.13987341772151898,0.1235145550690586,0.17592202159818499,NA,NA,NA,NA,NA,NA,1000
0.01%,1e-4,10,D1,0.09628740425373766,0.08283880893445426,0.11050219448702031,0.3884400248601616,0.3770168437143244,0.4034581857846086,0.2523142834103037,0.23049238775755254,0.272017281722885,-0.5430183599296475,-0.5604726972631465,-0.5318326108033974,-0.006377782621694195,-0.010335527219791318,-0.00316665019357223,1000
0.01%,1e-4,10,D3,0.006333018939204696,-0.009582057692137635,0.02324252962166976,0.8795779019242707,0.8630688631730424,0.896618676046058,0.03080434591644754,0.018890502333643346,0.043214628495827634,-0.7198823238567156,-0.7523183453421578,-0.6665315143583099,-0.0071291932188779494,-0.010823480295498733,-0.003309614031752617,1000
0.01%,1e-4,10,D5,4.1405810287703515e-4,-0.010362981963661432,0.010512578968884658,0.9331667707682698,0.9260387181160112,0.9407379660022193,0.022730833952160634,0.015310078753453516,0.03090225481919951,-0.6177771424909793,-0.6906553480408011,-0.5286464708335507,0.020303758195532096,0.00358674577586493,0.06237339759620841,1000
0.01%,1e-4,10,D6,-0.010683829749585955,-0.03028530313557035,0.009980997067616178,0.9425465245432229,0.9339932735236062,0.9513123791644484,0.019109366942594075,0.009374385972511078,0.030262366034105252,-0.49926103941818645,-0.6228250924035506,-0.3783418620739713,0.026370194541554426,0.008877336977638607,0.1323075640329039,1000
0.01%,1e-4,10,D7,0.01635397081304727,-0.003319919170318318,0.045761278738795846,0.9746444032158318,0.966665120593692,0.9807692307692307,0.02225628554139991,0.013725531309677247,0.03011636581035851,-0.5038366517996131,-0.6304172759592449,-0.3558781860147976,0.10962466114084268,8.027132760747294e-4,0.20538588370556832,1000
0.01%,1e-4,12,D0,0,0,0,0.2006172839506173,0.17861557478368356,0.22126081582200247,0.2006172839506173,0.17861557478368356,0.22126081582200247,NA,NA,NA,NA,NA,NA,1000
0.01%,1e-4,12,D1,0.08185001537044578,0.07106069210001165,0.09064667225930023,0.4351995361759776,0.42609542381545923,0.44919611965843426,0.2713396488410158,0.25742349901065625,0.28476123619626537,-0.5442279241518908,-0.5563738388039123,-0.5361816120894537,-0.0068358193083204455,-0.0094105784532591,-0.004998155810687754,1000
0.01%,1e-4,12,D3,0.004264613618277846,-0.009456836010319096,0.018489593813418585,0.8919925512104283,0.8793298152377157,0.9045863592942558,0.03580400838533693,0.025682239810143188,0.04594261959757637,-0.7243748658913951,-0.7567469187217764,-0.6989825972114079,-0.007727635211721484,-0.010664393222607016,-0.004828840377804511,1000
0.01%,1e-4,12,D5,-0.0012006756020205706,-0.011062969121369432,0.008294362911744286,0.9397889509621353,0.9343216017205134,0.945645460160593,0.026353035010530212,0.019646891367487047,0.0329459669684918,-0.6262292786571716,-0.6972208672443069,-0.5563815601790636,0.017656945500219123,0.004188668871439249,0.05798114448439984,1000
0.01%,1e-4,12,D6,-0.01442302977302605,-0.03516223153096945,0.0066422359991715,0.94972067039106145,0.942267147877749,0.9562005517137508,0.022179959760372625,0.013811910668662008,0.032126239331225936,-0.5058173974966238,-0.6282290542124245,-0.40003568424339464,0.020010367239321036,0.008166198650469636,0.11275552211842527,1000
0.01%,1e-4,12,D7,0.016182958173000056,-0.004995795085885978,0.04395911957429813,0.9789473684210527,0.9721534653465347,0.9839111398384737,0.022862961686386574,0.015551109611186152,0.029062099118270845,-0.512469266044838,-0.6275547871522393,-0.4092396995146011,0.10935592327623977,9.678020981915836e-4,0.19113854055448914,1000
0.01%,1e-4,14,D0,0,0,0,0.14055727554179567,0.14055727554179567,0.14055727554179567,0.14055727554179567,0.14055727554179567,0.14055727554179567,NA,NA,NA,NA,NA,NA,1000
0.01%,1e-4,14,D1,0.07167943967923662,0.07167943967923662,0.07167943967923662,0.3907120743034056,0.3907120743034056,0.3907120743034056,0.2581984131012198,0.2581984131012198,0.2581984131012198,-0.5442361714055914,-0.5442361714055914,-0.5442361714055914,-0.007260294857505567,-0.007260294857505567,-0.007260294857505567,1000
0.01%,1e-4,14,D3,0.0014515556006699515,-0.010407171496726396,0.012565577999966137,0.879876160990712,0.8693343653250774,0.8910371517027863,0.030002199326667756,0.021856971865536538,0.03858801113197649,-0.72617470557924,-0.7609308593585739,-0.7134173428358914,-0.008095151909582654,-0.010341185454745272,-0.006218805788722205,1000
0.01%,1e-4,14,D5,-0.0029039570962120786,-0.010886836183999047,0.005037303963863371,0.9331269349845202,0.9287925696594427,0.9393188854489164,0.022543944238609948,0.016840265441810796,0.028863624828706306,-0.6375994139813136,-0.69550126859555506,-0.577515596186834,0.015108184838763083,0.005452491367447576,0.034937427918215004,1000
0.01%,1e-4,14,D6,-0.01692889407704412,-0.035824958974098695,0.0023975621309783464,0.9436532507739938,0.9362229102167182,0.9504643962848297,0.02152210323301018,0.01210325415757337,0.03057402426026501,-0.5086607062259514,-0.6284432581040018,-0.45232030431137593,0.019602890635000314,0.008234392951401914,0.05522950740423987,1000
0.01%,1e-4,14,D7,0.01748506995550593,-0.006444196315281922,0.04394199698861425,0.9764705882352941,0.9690402476780186,0.9814241486068112,0.024157065759867424,0.016465364834458394,0.03036847180632396,-0.5299623173439498,-0.6167650474906101,-0.4374612460371432,0.10546654657329713,9.787030143124653e-4,0.15695367760818293,1000
0.1%,0.001,8,D0,0,0,0,0.15291208328883452,0.11749505311966078,0.179839025006098,0.15291208328883452,0.11749505311966078,0.179839025006098,NA,NA,NA,NA,NA,NA,1000
0.1%,0.001,8,D1,0.11614791886102199,0.10374187341610862,0.12824067706907116,0.3897673943319999,0.3736466061419764,0.40915423087171515,0.3890292266602778,0.3722013051927222,0.4090924537628208,-0.7366749794071903,-0.7910377156700692,-0.6586257538469272,-0.086338411601103,-0.11448122381986528,-0.020722028509078953,1000
0.1%,0.001,8,D3,0.29799359567388556,0.25117849717356766,0.3369301526036075,0.8967858100931207,0.8820854815849265,0.9120512079792005,0.2554589720171849,0.22444343069520817,0.28598294721544776,-1.3957831763651978,-1.4862790847769012,-1.3110766561819611,-0.011266810122198656,-0.015252114616633172,-0.006939129582129944,1000
0.1%,0.001,8,D5,0.17471469766859282,0.13282770528408303,0.2116030698684158,0.9405355950644148,0.933850190447877,0.9462184163252539,0.14615946368575872,0.12893983812475435,0.16737733826054751,-1.3676329757825585,-1.463812717200803,-1.1083933447629046,0.013907728011530951,-0.004838092260768423,0.06041885513887321,1000
0.1%,0.001,8,D6,0.1462520423817104,0.11354037894440175,0.1774168037867775,0.9513294276701216,0.9435914211032426,0.9585967904344391,0.14139023419984093,0.10969643077579821,0.17215481096682841,-1.0346490483205582,-1.3655614132911456,-0.7625991421839617,0.01635648900298925,-5.439225189484696e-4,0.12324652559217571,1000
0.1%,0.001,8,D7,0.13447281619466483,0.09369387503594463,0.18234943134069306,0.977482547833741,0.97065396451708,0.9828674481514879,0.10795056112701978,0.08673063429222193,0.1321877504079308,-0.8921638818568628,-1.4089974029092927,-0.43367338212748163,0.0094453684268625,-0.011398057085565405,0.15549548640545205,1000
0.1%,0.001,10,D0,0,0,0,0.10120913569189431,0.08856755535472209,0.12780699466997972,0.10120913569189431,0.08856755535472209,0.12780699466997972,NA,NA,NA,NA,NA,NA,1000
0.1%,0.001,10,D1,0.09005376344086025,0.08161160858624907,0.09914385448402198,0.3245240721709676,0.3140933132472156,0.3383020968205139,0.3245240721709676,0.3140681003584229,0.3383020968205139,-0.7289707004274323,-0.7743630146354801,-0.6676976996936479,-0.08659906171865273,-0.10824017463099275,-0.02573576465564766,1000
0.1%,0.001,10,D3,0.30400878288252,0.25798861270029394,0.3375311683475432,0.8829191609024112,0.868337083291199,0.8959464004363108,0.25892993461127506,0.230268526650418,0.29214161116969795,-1.4041412227881027,-1.4683625769620035,-1.34669410760992,-0.012187058399450557,-0.015089438360029994,-0.00824982088859292,1000
0.1%,0.001,10,D5,0.183316374097051,0.14269597603085632,0.21749319564226352,0.9324988824318283,0.9269385925593905,0.9386482459133186,0.1432046727455929,0.12452672229179715,0.16728389200807298,-1.400844476814688,-1.4872979205758015,-1.223146784985776,0.01033013428644991,-0.0027621477951502932,0.04003251277521436,1000
0.1%,0.001,10,D6,0.14286508735660175,0.1128532903456636,0.1753966177907395,0.9435483870967742,0.9351498791905769,0.9515488651589344,0.14952660500863385,0.12061576710231668,0.17633253146163616,-1.0554529421812133,-1.4122136680766657,-0.8038155563207078,0.014352964725174111,3.6550420115858415e-4,0.04611888111697379,1000
0.1%,0.001,10,D7,0.13657556020806436,0.09882300979826096,0.18047855303275506,0.9730700179533214,0.9668008836513624,0.9784951049758859,0.11933035937988667,0.09844235210417437,0.140910626239975,-0.9366112327350881,-1.4455303746952708,-0.49923433618159474,0.005189895359191121,-0.010720473971477872,0.12612248809967516,1000
0.1%,0.001,12,D0,0,0,0,0.1447132616487455,0.12942230183609493,0.16003576218149307,0.1447132616487455,0.12942230183609493,0.16003576218149307,NA,NA,NA,NA,NA,NA,1000
0.1%,0.001,12,D1,0.0724832214765101,0.06704814162946451,0.07882127000333713,0.3680679785330948,0.36094846913311235,0.3804887781087315,0.3680679785330948,0.36094846913311235,0.3804887781087315,-0.7231917662669194,-0.7556418553986667,-0.6790243160184193,-0.0906933832469452,-0.106445268372936,-0.033946223587752594,1000
0.1%,0.001,12,D3,0.30896453479175495,0.27026341891532646,0.34305369654264106,0.8927134555207867,0.8823779329899588,0.9038461538461539,0.25756822175801586,0.23117115650687725,0.28165045085706275,-1.413542289674834,-1.4457360341955556,-1.3644074155381225,-0.012312359196294587,-0.01464259690090286,-0.009305694019844836,1000
0.1%,0.001,12,D5,0.18600989246187816,0.14966638063227597,0.22053283660588727,0.9382826475849733,0.9342274518875463,0.943050603130977,0.14156749056400586,0.12810065663363113,0.1597023202739641,-1.4129191938141918,-1.4968453269281785,-1.2648652793051798,0.00875188248812453,-0.001353376966202191,0.02505094012556658,1000
0.1%,0.001,12,D6,0.14039057181130266,0.10965098942959693,0.17038252791593744,0.9494859186410372,0.9434897322458644,0.9549168701953876,0.14625051654401788,0.12061674353044642,0.1724001400452175,-1.0879205772628349,-1.416169511726777,-0.86569774419615,0.012021549951919397,-2.338583024773963e-4,0.03173423006095799,1000
0.1%,0.001,12,D7,0.14073168936295846,0.09780277569743988,0.1823031717096954,0.9771607702642185,0.9713899349291434,0.9811912225705329,0.11442988084969102,0.09306123959918758,0.13373968506235864,-1.0129279498058952,-1.4772640187157504,-0.6220817201487618,0.001109460654707739,-0.011120012429809256,0.10703858232144639,1000
0.1%,0.001,14,D0,0,0,0,0.10147518998658918,0.10147518998658918,0.10147518998658918,0.10147518998658918,0.10147518998658918,0.10147518998658918,NA,NA,NA,NA,NA,NA,1000
0.1%,0.001,14,D1,0.06034868126955739,0.06034868126955739,0.06034868126955739,0.3254358515869468,0.3254358515869468,0.3254358515869468,0.3254358515869468,0.3254358515869468,0.3254358515869468,-0.7192372134551743,-0.7192372134551743,-0.7192372134551743,-0.09241202930864834,-0.09241202930864834,-0.09241202930864834,1000
0.1%,0.001,14,D3,0.3115129841102125,0.28080312512699634,0.332080302352989,0.8824318283415288,0.8725972284309342,0.8922776039338399,0.2579916283984232,0.23727028894217095,0.27736416466859026,-1.408945697239055,-1.4291692269444427,-1.3713016237357205,-0.012677050540133239,-0.014447090958278374,-0.010340075832014939,1000
0.1%,0.001,14,D5,0.19242085585402527,0.15829235583370585,0.21745844678343562,0.9329459097004917,0.929816718819848,0.9369691551184622,0.14069573698541055,0.13069959767545813,0.1606768399235989,-1.4236269358671225,-1.4882634688598513,-1.3327133401185127,0.0059691518452598125,-5.758108421209939e-4,0.01610454802239627,1000
0.1%,0.001,14,D6,0.13817206485959277,0.11164333319787051,0.16455073759499328,0.9441215914170764,0.937863209655789,0.9499329459097006,0.15365952777664893,0.12862193684723866,0.17228837322713053,-1.098740221540694,-1.4098801333450708,-0.8952730147945749,0.01118369327443236,-2.135065031465544e-4,0.024657931050770188,1000
0.1%,0.001,14,D7,0.13720282846344534,0.09867547852237168,0.18199262405006705,0.9740724184175236,0.9687080911935628,0.9785426911041574,0.12086804567805898,0.1022392002275776,0.13904986385987728,-1.0759009100456431,-1.4690298454726773,-0.6951761343246023,-7.570569506065716e-6,-0.010522953598079532,0.08749446632053968,1000
1%,0.01,8,D0,0,0,0,0.14754098360655737,0.0883738918154953,0.17243204137623483,0.14754098360655737,0.0883738918154953,0.17243204137623483,NA,NA,NA,NA,NA,NA,1000
1%,0.01,8,D1,0.11123106040462316,0.10038905509381386,0.12267818574514033,0.3736430701575269,0.3574801994389442,0.39093198325383965,0.3736430701575269,0.3574801994389442,0.39093198325383965,-0.5025523858671967,-0.5802765972693535,-0.4123953894996284,-0.11126272479273513,-0.13311173391261077,-0.08413140020570126,1000
1%,0.01,8,D3,0.6168484325813096,0.530568387142029,0.6535652466994636,0.8887208707312246,0.872606570422799,0.9031975565517328,0.5927148903868581,0.5025279711312606,0.6742328935486731,-2.128212713927956,-2.43194888802394,-1.8464108976879876,-0.013580978165073532,-0.017538600844990704,-0.009110360453065281,1000
1%,0.01,8,D5,0.4971399115367987,0.32654100147357673,0.652708330222992,0.9356167594568756,0.9292265385879399,0.9408718170047475,0.31854272104014164,0.2867685043607971,0.39053717443112046,-2.04525041110775,-2.519291520700812,-1.4357118570134482,0.00800978399703478,-0.006549568108092707,0.039398277757766456,1000
1%,0.01,8,D6,0.4208916083916084,0.3088687455491932,0.5358152353850861,0.9468223086900129,0.9394437431410528,0.9545670859528987,0.30806574619471866,0.1747513008665672,0.44393741851368973,-1.5744507637231429,-2.1235812674231354,-0.8549738928963978,0.013913010799049275,-0.004923508262047126,0.06838708631658161,1000
1%,0.01,8,D7,0.29757394801489484,0.18168160840453768,0.4485164308840339,0.973718224903059,0.9669797837687443,0.9792748350220605,0.20485689961064574,0.1836801448515579,0.2809385079321711,-1.394322537787644,-2.2437115677974986,-0.4858494884408033,8.482399004119401e-4,-0.014145202956871866,0.12118285864056248,1000
1%,0.01,10,D0,0,0,0,0.09745579991375593,0.08519701848870134,0.12269694360740421,0.09745579991375593,0.08519701848870134,0.12269694360740421,NA,NA,NA,NA,NA,NA,1000
1%,0.01,10,D1,0.08613264427217915,0.07795004306632214,0.09528051598425456,0.31167992215124907,0.30193548387096775,0.3247097598058175,0.31167992215124907,0.30193548387096775,0.3247097598058175,-0.4937402661357424,-0.5778150834904461,-0.4129829269591043,-0.11024469361226918,-0.1288716396726092,-0.09290791911143868,1000
1%,0.01,10,D3,0.6050709067468844,0.5202913053060662,0.6351171973188102,0.8736027515047291,0.8596389978988822,0.8875494288635765,0.5962584397839,0.5527705835657902,0.6644761085861688,-2.182290210898204,-2.4568571942130117,-1.9525909653728841,-0.014120880354640875,-0.016653662480340503,-0.010351059053606537,1000
1%,0.01,10,D5,0.5153445826250145,0.3391739488482841,0.6503675267327366,0.9278040395358831,0.9222174473571122,0.9337926287578506,0.3128799894263812,0.28144230307623036,0.388883100285274,-2.085317788566619,-2.5314813762952024,-1.4435598405367778,0.005914167484903032,-0.005615929556627785,0.02512850270836022,1000
1%,0.01,10,D6,0.4176084702095812,0.3244491361344849,0.5615426527882604,0.938428414799687,0.9307213998111308,0.9461444833358754,0.35880430589352486,0.22590103641165662,0.44022196719943246,-1.6103353458686696,-2.0764200324176514,-1.0334988561164804,0.011549581363492045,-0.00420735755774968,0.032733021068355406,1000
1%,0.01,10,D7,0.32297611248327907,0.19120235944253472,0.45699813416226476,0.968978888410168,0.9625306833610905,0.9746752886667551,0.20114278164943689,0.18116707845205712,0.27973591915383234,-1.5278926968545277,-2.2448404950626064,-0.6543406751326089,-4.0489974404378515e-4,-0.014605918211324204,0.10526870309073962,1000
1%,0.01,12,D0,0,0,0,0.13917525773195877,0.1243010752688172,0.15359122752990675,0.13917525773195877,0.1243010752688172,0.15359122752990675,NA,NA,NA,NA,NA,NA,1000
1%,0.01,12,D1,0.06983718937446448,0.0644309165572052,0.07547250754797924,0.35377358490566035,0.34635151281574866,0.36507936507936506,0.35377358490566035,0.34635151281574866,0.36507936507936506,-0.4937402661357424,-0.5719580156499312,-0.4491727634390579,-0.11335678382001657,-0.1286977448663289,-0.10067414385382278,1000
1%,0.01,12,D3,0.5948673967541892,0.5086193170188997,0.6187540885682288,0.8842195540308748,0.8746767663551747,0.8949878449654459,0.595427094783318,0.5077409618683203,0.6715536433361763,-2.23982555580292,-2.426393624476323,-1.984652231420167,-0.014362043868338059,-0.016593698601061933,-0.011771468639076134,1000
1%,0.01,12,D5,0.553371157144742,0.39706729549233155,0.646058460979547,0.9333906317146541,0.9296137339055793,0.9383033419023137,0.3164043164043164,0.28721503692533734,0.36279609173720895,-2.162301642607323,-2.5417876301241087,-1.5750708837353837,0.005665928160980549,-0.005197512470337562,0.015948368717408457,1000
1%,0.01,12,D6,0.43080691437734353,0.31831376170998815,0.5644023731566871,0.9446233071719337,0.9382504288164666,0.9507283633247644,0.3288094150987285,0.17764041386173599,0.44469221836144257,-1.6211660707357773,-2.1016517451312784,-1.136290306850596,0.010449932405760753,-0.004735302103435157,0.030123100428057423,1000
1%,0.01,12,D7,0.33358645649148444,0.18588982947972388,0.48594541613409536,0.972961373390558,0.9673255300067493,0.9773007573872903,0.20411975608034733,0.18547234400569515,0.26339692850422464,-1.6624669311623637,-2.2769167331525497,-0.7489426758860561,-0.0023835166631789306,-0.012706089732680925,0.056515730133827824,1000
1%,0.01,14,D0,0,0,0,0.0972579263067695,0.0972579263067695,0.0972579263067695,0.0972579263067695,0.0972579263067695,0.0972579263067695,NA,NA,NA,NA,NA,NA,1000
1%,0.01,14,D1,0.05784061696658094,0.05784061696658094,0.05784061696658094,0.31191088260497,0.31191088260497,0.31191088260497,0.31191088260497,0.31191088260497,0.31191088260497,-0.4809624962509653,-0.4809624962509653,-0.4809624962509653,-0.12328915231290605,-0.12328915231290605,-0.12328915231290605,1000
1%,0.01,14,D3,0.5783732120493046,0.49802254300968957,0.5955111726319953,0.8736075407026564,0.8645994001713795,0.8834618680377035,0.6316986355546765,0.56033468459561,0.6488365961373674,-2.3165400255325483,-2.4215721374238477,-2.0132810708718263,-0.014747488040182777,-0.016533044751405157,-0.0128268345548328,1000
1%,0.01,14,D5,0.5479203743985235,0.3945026695669369,0.6257003493507349,0.9280205655526992,0.9245929734361611,0.9327335047129391,0.31263595016808376,0.3092083580515457,0.3173488893283237,-2.195683273158201,-2.5417876301241087,-1.6738344006712584,0.005326463193491726,-0.0040244706127470775,0.011856352736093556,1000
1%,0.01,14,D6,0.4022147518291477,0.31329510249818737,0.5504910684859271,0.9387317909168809,0.932305055698372,0.9451585261353899,0.32634631863423624,0.24342495550721766,0.4036978445718804,-1.6572309252021558,-2.089464957077572,-1.2193581435052347,0.008865704250368589,-0.0037145377225199054,0.02132520106425285,1000
1%,0.01,14,D7,0.3325753081537144,0.17999307890053393,0.47786319293388707,0.9695801199657241,0.9644387317909169,0.9747215081405313,0.20077779974952203,0.1952079625601476,0.2781400369125305,-1.6738054992914215,-2.3038962984455895,-0.8708624282737126,-0.0032462738121590284,-0.012569104183211709,0.02044882340624758,1000
