Cutoff_label,dominance_cutoff,n_subsample,OTU_group,Treatment,Occupancy_class,prop_Mean,prop_Median,prop_Q2.5,prop_Q97.5,n_Median,N_iterations
0.01%,1e-4,8,Abundant OTUs,D0,Lost (0),0,0,0,0,0,1000
0.01%,1e-4,8,Abundant OTUs,D0,Transient (0-0.25],0,0,0,0,0,1000
0.01%,1e-4,8,Abundant OTUs,D0,Intermediate (0.25-0.50],5.640137664434747e-4,0,0,0.0013909175730277795,0,1000
0.01%,1e-4,8,Abundant OTUs,D0,High (0.50-<1.00),0.034551394279400745,0.03429355281207133,0.024467010105012878,0.04502663949382154,25,1000
0.01%,1e-4,8,Abundant OTUs,D0,Persistent (1.00),0.9648845919541558,0.9655647382920111,0.953360768175583,0.9752755731922398,706,1000
0.01%,1e-4,8,Abundant OTUs,D1,Lost (0),0.031290738813829225,0.03116531165311653,0.022008253094910592,0.04133655349564439,23,1000
0.01%,1e-4,8,Abundant OTUs,D1,Transient (0-0.25],0.15985668596785915,0.15962485244580082,0.13835616438356163,0.18069589445608686,117,1000
0.01%,1e-4,8,Abundant OTUs,D1,Intermediate (0.25-0.50],0.1946521074862076,0.19476888503181455,0.17330310594868137,0.21544978870661832,143,1000
0.01%,1e-4,8,Abundant OTUs,D1,High (0.50-<1.00),0.2703320611377791,0.27071823204419887,0.24390160829401208,0.2944408485826396,198,1000
0.01%,1e-4,8,Abundant OTUs,D1,Persistent (1.00),0.34386840659432494,0.3434065934065934,0.32697547683923706,0.3628952606103646,251,1000
0.01%,1e-4,8,Abundant OTUs,D3,Lost (0),0.7686251766141851,0.7676630434782609,0.7456009618499507,0.7932468729059639,562,1000
0.01%,1e-4,8,Abundant OTUs,D3,Transient (0-0.25],0.09194824465086518,0.09216916539232939,0.07387140902872777,0.11004533587850544,67,1000
0.01%,1e-4,8,Abundant OTUs,D3,Intermediate (0.25-0.50],0.03320268355489938,0.033012379642365884,0.023670357666306006,0.04258388190214187,24,1000
0.01%,1e-4,8,Abundant OTUs,D3,High (0.50-<1.00),0.037022384156476365,0.036635006784260515,0.02758525695829771,0.04909234022060502,27,1000
0.01%,1e-4,8,Abundant OTUs,D3,Persistent (1.00),0.06920151102357405,0.06891891891891892,0.06301369863013699,0.07629427792915532,50,1000
0.01%,1e-4,8,Abundant OTUs,D5,Lost (0),0.8711892091902004,0.871191135734072,0.8569462584233464,0.885873436670403,638,1000
0.01%,1e-4,8,Abundant OTUs,D5,Transient (0-0.25],0.043829422904450625,0.0438957475994513,0.02872581057550721,0.057379011459711596,32,1000
0.01%,1e-4,8,Abundant OTUs,D5,Intermediate (0.25-0.50],0.012816560080763961,0.012448132780082987,0.006830601092896175,0.018921489424206815,9,1000
0.01%,1e-4,8,Abundant OTUs,D5,High (0.50-<1.00),0.0308977910214016,0.03112313937753721,0.02435723951285521,0.03819918144611187,23,1000
0.01%,1e-4,8,Abundant OTUs,D5,Persistent (1.00),0.04126701680318345,0.0411522633744856,0.03503925224829768,0.047879616963064295,30,1000
0.01%,1e-4,8,Abundant OTUs,D6,Lost (0),0.8842612377544061,0.8844288927289237,0.8671209178268062,0.9009662620735523,647,1000
0.01%,1e-4,8,Abundant OTUs,D6,Transient (0-0.25],0.04610609457669338,0.045423283731399276,0.029629509641302097,0.06602931271640657,33,1000
0.01%,1e-4,8,Abundant OTUs,D6,Intermediate (0.25-0.50],0.02050561406034563,0.020435967302452316,0.012194709396349715,0.030220819414423263,15,1000
0.01%,1e-4,8,Abundant OTUs,D6,High (0.50-<1.00),0.02535554838737694,0.024861878453038673,0.017759562841530054,0.0333355614973262,18,1000
0.01%,1e-4,8,Abundant OTUs,D6,Persistent (1.00),0.023771505221177883,0.024623803009575923,0.013774104683195593,0.031207598371777476,18,1000
0.01%,1e-4,8,Abundant OTUs,D7,Lost (0),0.8877129019659165,0.8878248974008208,0.8532226440044229,0.9179206566347469,650,1000
0.01%,1e-4,8,Abundant OTUs,D7,Transient (0-0.25],0.07047003234431962,0.06986301369863014,0.039670327719345456,0.10489703666499246,51,1000
0.01%,1e-4,8,Abundant OTUs,D7,Intermediate (0.25-0.50],0.015846026843948865,0.016183419361175073,0.009484773974938666,0.023257409002456375,12,1000
0.01%,1e-4,8,Abundant OTUs,D7,High (0.50-<1.00),0.01766282652516338,0.017711171662125342,0.01092896174863388,0.024726977567886655,13,1000
0.01%,1e-4,8,Abundant OTUs,D7,Persistent (1.00),0.008308212320651697,0.008174386920980926,0.004098360655737705,0.015006821282401092,6,1000
0.01%,1e-4,8,Rare OTUs,D0,Lost (0),0,0,0,0,0,1000
0.01%,1e-4,8,Rare OTUs,D0,Transient (0-0.25],0.21150983347073982,0.21327934098046264,0.1309090915532244,0.24890836487746024,341,1000
0.01%,1e-4,8,Rare OTUs,D0,Intermediate (0.25-0.50],0.23920452690177416,0.23043206011271133,0.18073047858942065,0.2979553398807793,368,1000
0.01%,1e-4,8,Rare OTUs,D0,High (0.50-<1.00),0.36967496386192156,0.3698630136986301,0.3388697883086734,0.4040195275139523,589,1000
0.01%,1e-4,8,Rare OTUs,D0,Persistent (1.00),0.1796106757655645,0.17781961922614992,0.16363636363636364,0.22697346610349692,283,1000
0.01%,1e-4,8,Rare OTUs,D1,Lost (0),0.1471923033272152,0.14708663473198358,0.1306769504511512,0.16384569865036536,233,1000
0.01%,1e-4,8,Rare OTUs,D1,Transient (0-0.25],0.30849437015076603,0.3084702907711757,0.28886091881686593,0.3285617989646247,489,1000
0.01%,1e-4,8,Rare OTUs,D1,Intermediate (0.25-0.50],0.19282155635918577,0.19283919597989949,0.1694446655235576,0.21582914445032358,306,1000
0.01%,1e-4,8,Rare OTUs,D1,High (0.50-<1.00),0.22830447432214368,0.22747321991178324,0.2094806673712758,0.25032692768199233,361.5,1000
0.01%,1e-4,8,Rare OTUs,D1,Persistent (1.00),0.1231872958406893,0.1113916084473158,0.1014016601268474,0.15534803194120558,177,1000
0.01%,1e-4,8,Rare OTUs,D3,Lost (0),0.7781696941316958,0.7776369868511888,0.7548188343184123,0.8051385884403747,1236,1000
0.01%,1e-4,8,Rare OTUs,D3,Transient (0-0.25],0.11837081260050002,0.11910669975186104,0.10473725560706384,0.13024486795371906,189,1000
0.01%,1e-4,8,Rare OTUs,D3,Intermediate (0.25-0.50],0.04213497823931303,0.041822721598002495,0.0319938286946657,0.054579946200236,66,1000
0.01%,1e-4,8,Rare OTUs,D3,High (0.50-<1.00),0.03337586428954929,0.033060429050901466,0.02528381549556867,0.04295828834870823,52.5,1000
0.01%,1e-4,8,Rare OTUs,D3,Persistent (1.00),0.027948650738941847,0.027985074626865673,0.02373479512258646,0.03204024812531348,44,1000
0.01%,1e-4,8,Rare OTUs,D5,Lost (0),0.8740691406100632,0.873638198329628,0.8617419183189532,0.8873013402122991,1390,1000
0.01%,1e-4,8,Rare OTUs,D5,Transient (0-0.25],0.06832166675202922,0.06862133499688085,0.05797914675927005,0.07677784770295784,109,1000
0.01%,1e-4,8,Rare OTUs,D5,Intermediate (0.25-0.50],0.02352089195061248,0.02367601246105919,0.016843045099499927,0.030305429212965626,37,1000
0.01%,1e-4,8,Rare OTUs,D5,High (0.50-<1.00),0.023385711222480867,0.023241206030150754,0.019326683291770574,0.028091205177393174,37,1000
0.01%,1e-4,8,Rare OTUs,D5,Persistent (1.00),0.010702589464814206,0.010651629072681704,0.007677543186180422,0.013801973187273997,17,1000
0.01%,1e-4,8,Rare OTUs,D6,Lost (0),0.877817862205065,0.8775637675432446,0.8601237315947142,0.8980115458627326,1396,1000
0.01%,1e-4,8,Rare OTUs,D6,Transient (0-0.25],0.0741036277212399,0.07428214731585518,0.058255307414265156,0.0900562851782364,118,1000
0.01%,1e-4,8,Rare OTUs,D6,Intermediate (0.25-0.50],0.025006870333736445,0.02512562814070352,0.018180397727272726,0.031755915317559155,40,1000
0.01%,1e-4,8,Rare OTUs,D6,High (0.50-<1.00),0.018795335169994883,0.018838306409637642,0.012233012614129807,0.024283935242839352,30,1000
0.01%,1e-4,8,Rare OTUs,D6,Persistent (1.00),0.004276304569963824,0.004361370716510903,0.0018726299704907232,0.007523628969135826,7,1000
0.01%,1e-4,8,Rare OTUs,D7,Lost (0),0.9052487334956496,0.9064837905236908,0.8784386502553596,0.9287065548780488,1441,1000
0.01%,1e-4,8,Rare OTUs,D7,Transient (0-0.25],0.07359904524437183,0.07249118024374598,0.052195135972502936,0.10088477149333192,115,1000
0.01%,1e-4,8,Rare OTUs,D7,Intermediate (0.25-0.50],0.01121340222145585,0.010916693831340673,0.006312436908367141,0.01693191738423078,17,1000
0.01%,1e-4,8,Rare OTUs,D7,High (0.50-<1.00),0.008922000339898773,0.008799497171590195,0.005006101376720902,0.013152353608090925,14,1000
0.01%,1e-4,8,Rare OTUs,D7,Persistent (1.00),0.001016818698623976,6.361323155216285e-4,0,0.003146682640255028,1,1000
0.01%,1e-4,10,Abundant OTUs,D0,Lost (0),0,0,0,0,0,1000
0.01%,1e-4,10,Abundant OTUs,D0,Transient (0-0.25],0,0,0,0,0,1000
0.01%,1e-4,10,Abundant OTUs,D0,Intermediate (0.25-0.50],3.150523317888637e-4,0,0,0.0013812154696132596,0,1000
0.01%,1e-4,10,Abundant OTUs,D0,High (0.50-<1.00),0.0409534746069386,0.0410958904109589,0.0332409972299169,0.049247606019151846,30,1000
0.01%,1e-4,10,Abundant OTUs,D0,Persistent (1.00),0.9587314730612725,0.9587912087912088,0.9502642488211879,0.9667590027700831,698,1000
0.01%,1e-4,10,Abundant OTUs,D1,Lost (0),0.0196351952289099,0.01921757940276459,0.0136986301369863,0.027511263693582057,14,1000
0.01%,1e-4,10,Abundant OTUs,D1,Transient (0-0.25],0.11703476524210701,0.11691884456671252,0.1009549795361528,0.13351954009315606,85,1000
0.01%,1e-4,10,Abundant OTUs,D1,Intermediate (0.25-0.50],0.24018982685296697,0.24,0.22129648100861793,0.2578875171467764,175,1000
0.01%,1e-4,10,Abundant OTUs,D1,High (0.50-<1.00),0.2938618583110521,0.29423841209146884,0.27111655379304367,0.316011021703782,214,1000
0.01%,1e-4,10,Abundant OTUs,D1,Persistent (1.00),0.329278354364964,0.3292096044621297,0.31767675824996267,0.3434978629167879,240,1000
0.01%,1e-4,10,Abundant OTUs,D3,Lost (0),0.7528798772613808,0.7517146776406035,0.7332398289919595,0.7777853881278539,547,1000
0.01%,1e-4,10,Abundant OTUs,D3,Transient (0-0.25],0.0959048675686685,0.09641873278236915,0.07872385964111227,0.1120405843233104,70,1000
0.01%,1e-4,10,Abundant OTUs,D3,Intermediate (0.25-0.50],0.043915589288432276,0.0438957475994513,0.03433948167744465,0.05364511691884457,32,1000
0.01%,1e-4,10,Abundant OTUs,D3,High (0.50-<1.00),0.04040094801430644,0.03994490358126722,0.03163469394301327,0.050824175824175824,29,1000
0.01%,1e-4,10,Abundant OTUs,D3,Persistent (1.00),0.06689871786721191,0.0667574931880109,0.06172839506172839,0.07280219780219781,49,1000
0.01%,1e-4,10,Abundant OTUs,D5,Lost (0),0.8631112958278548,0.8631284916201117,0.8498588718782459,0.8765268773975241,629,1000
0.01%,1e-4,10,Abundant OTUs,D5,Transient (0-0.25],0.04715976738771604,0.04705884606690344,0.03333217753120666,0.06085964529143343,34,1000
0.01%,1e-4,10,Abundant OTUs,D5,Intermediate (0.25-0.50],0.015973042195417193,0.016415868673050615,0.009589041095890411,0.02203856749311295,12,1000
0.01%,1e-4,10,Abundant OTUs,D5,High (0.50-<1.00),0.034710511550540134,0.034482758620689655,0.027738290539839637,0.04109729973504707,25,1000
0.01%,1e-4,10,Abundant OTUs,D5,Persistent (1.00),0.03904538303847182,0.03867403314917127,0.03381941643642504,0.04419889502762431,28,1000
0.01%,1e-4,10,Abundant OTUs,D6,Lost (0),0.8766585388733084,0.8765517713737778,0.8592852776016665,0.8928571428571429,638,1000
0.01%,1e-4,10,Abundant OTUs,D6,Transient (0-0.25],0.04672242569988771,0.04663923182441701,0.029004524671365974,0.06593406593406594,34,1000
0.01%,1e-4,10,Abundant OTUs,D6,Intermediate (0.25-0.50],0.026483636498181865,0.026170798898071626,0.016506189821182942,0.03631842441469296,19,1000
0.01%,1e-4,10,Abundant OTUs,D6,High (0.50-<1.00),0.02799621989322006,0.027624309392265192,0.02063132213674778,0.03552034042744051,20,1000
0.01%,1e-4,10,Abundant OTUs,D6,Persistent (1.00),0.022139179035402048,0.023255813953488372,0.013774104683195593,0.028846153846153848,17,1000
0.01%,1e-4,10,Abundant OTUs,D7,Lost (0),0.8743262681496623,0.8739724793369817,0.8387888716379744,0.9098532918630271,636,1000
0.01%,1e-4,10,Abundant OTUs,D7,Transient (0-0.25],0.077985379952767,0.0782967032967033,0.04252109686826209,0.11294765840220386,57,1000
0.01%,1e-4,10,Abundant OTUs,D7,Intermediate (0.25-0.50],0.021187267515678725,0.02077562326869806,0.013623978201634877,0.028967520389183002,15,1000
0.01%,1e-4,10,Abundant OTUs,D7,High (0.50-<1.00),0.019039159371132486,0.019099590723055934,0.01237921724080596,0.02606489264750001,14,1000
0.01%,1e-4,10,Abundant OTUs,D7,Persistent (1.00),0.007461925010759447,0.006896551724137931,0.004103967168262654,0.012466239612188365,5,1000
0.01%,1e-4,10,Rare OTUs,D0,Lost (0),0,0,0,0,0,1000
0.01%,1e-4,10,Rare OTUs,D0,Transient (0-0.25],0.14448791041093453,0.13987341772151898,0.1235145550690586,0.17592202159818499,225,1000
0.01%,1e-4,10,Rare OTUs,D0,Intermediate (0.25-0.50],0.29654996618472945,0.2955818294959552,0.2716553449586532,0.3333756345177664,476,1000
0.01%,1e-4,10,Rare OTUs,D0,High (0.50-<1.00),0.4072392010697761,0.4092892415505973,0.3789535899139471,0.4263652198791956,660,1000
0.01%,1e-4,10,Rare OTUs,D0,Persistent (1.00),0.1517229223345599,0.15089672232529375,0.140361821584529,0.16697819314641746,243,1000
0.01%,1e-4,10,Rare OTUs,D1,Lost (0),0.11595069433521206,0.11577959291219286,0.10480185997887377,0.12822243816987366,186,1000
0.01%,1e-4,10,Rare OTUs,D1,Transient (0-0.25],0.2730116983186901,0.27300995024875624,0.2599233593923153,0.28562835991892127,439,1000
0.01%,1e-4,10,Rare OTUs,D1,Intermediate (0.25-0.50],0.25269553471806033,0.2540523753776024,0.22822891965406614,0.2707844286269776,409,1000
0.01%,1e-4,10,Rare OTUs,D1,High (0.50-<1.00),0.24948738381947705,0.24922696351267778,0.23449131513647642,0.2659650343291397,401,1000
0.01%,1e-4,10,Rare OTUs,D1,Persistent (1.00),0.1088546888085604,0.10154798761609907,0.09571013592023131,0.1372432802625512,163,1000
0.01%,1e-4,10,Rare OTUs,D3,Lost (0),0.759433899852739,0.7584269662921348,0.7397756785659724,0.7841736728486596,1221,1000
0.01%,1e-4,10,Rare OTUs,D3,Transient (0-0.25],0.12012275016719386,0.12034739454094293,0.10785536159600997,0.1315230200739039,194,1000
0.01%,1e-4,10,Rare OTUs,D3,Intermediate (0.25-0.50],0.058367350056045035,0.058421379738968306,0.046716012803831725,0.07010034340521816,94,1000
0.01%,1e-4,10,Rare OTUs,D3,High (0.50-<1.00),0.036164742735853454,0.03602484472049689,0.028989236236844483,0.044297826315917395,58,1000
0.01%,1e-4,10,Rare OTUs,D3,Persistent (1.00),0.025911257188168686,0.026022304832713755,0.022513017265004112,0.029266167551233995,42,1000
0.01%,1e-4,10,Rare OTUs,D5,Lost (0),0.8633913604714131,0.8634639363130635,0.8527204924439812,0.8763907784320801,1389,1000
0.01%,1e-4,10,Rare OTUs,D5,Transient (0-0.25],0.06979772885375546,0.06989087139321036,0.060831363140166836,0.07811773751675458,112,1000
0.01%,1e-4,10,Rare OTUs,D5,Intermediate (0.25-0.50],0.03225945909342613,0.032318210068365445,0.02552847143485561,0.038461538461538464,52,1000
0.01%,1e-4,10,Rare OTUs,D5,High (0.50-<1.00),0.02525211706590162,0.02521761114764676,0.021698698078115312,0.02910216718266254,40,1000
0.01%,1e-4,10,Rare OTUs,D5,Persistent (1.00),0.00929933451550374,0.009299442033477991,0.006870491501139922,0.011838006230529595,15,1000
0.01%,1e-4,10,Rare OTUs,D6,Lost (0),0.8662563948099553,0.8659409437300604,0.8496131207242136,0.8829014409520413,1393,1000
0.01%,1e-4,10,Rare OTUs,D6,Transient (0-0.25],0.07638772610595203,0.07654013690105788,0.06195308499670502,0.09108060908734747,123,1000
0.01%,1e-4,10,Rare OTUs,D6,Intermediate (0.25-0.50],0.033651123300490415,0.03363438507466161,0.02664064781032386,0.04070608692413517,54,1000
0.01%,1e-4,10,Rare OTUs,D6,High (0.50-<1.00),0.02027803117908182,0.020465118246751346,0.014329549681499047,0.025466630357529125,33,1000
0.01%,1e-4,10,Rare OTUs,D6,Persistent (1.00),0.0034267246045204145,0.0031201251087419578,0.0012414649286157666,0.006177034709726028,5,1000
0.01%,1e-4,10,Rare OTUs,D7,Lost (0),0.8916736337716151,0.8924265739557988,0.8626216358090917,0.9164614730170865,1435,1000
0.01%,1e-4,10,Rare OTUs,D7,Transient (0-0.25],0.08282398566267103,0.08216620777250215,0.05863913594056033,0.1111856528407369,132,1000
0.01%,1e-4,10,Rare OTUs,D7,Intermediate (0.25-0.50],0.015371356410465279,0.015479876160990712,0.009305210918114143,0.021766507769181473,25,1000
0.01%,1e-4,10,Rare OTUs,D7,High (0.50-<1.00),0.009409502847536567,0.009316770186335404,0.005557219839116779,0.013613861386138614,15,1000
0.01%,1e-4,10,Rare OTUs,D7,Persistent (1.00),7.215213077120503e-4,6.215040397762585e-4,0,0.0018821464369449545,1,1000
0.01%,1e-4,12,Abundant OTUs,D0,Lost (0),0,0,0,0,0,1000
0.01%,1e-4,12,Abundant OTUs,D0,Transient (0-0.25],0,0,0,0,0,1000
0.01%,1e-4,12,Abundant OTUs,D0,Intermediate (0.25-0.50],0,0,0,0,0,1000
0.01%,1e-4,12,Abundant OTUs,D0,High (0.50-<1.00),0.046967261672397266,0.04676753782668501,0.041379310344827586,0.0533515731874145,34,1000
0.01%,1e-4,12,Abundant OTUs,D0,Persistent (1.00),0.9530327383276027,0.953232462173315,0.9466484268125855,0.9586206896551724,695,1000
0.01%,1e-4,12,Abundant OTUs,D1,Lost (0),0.013057602460015916,0.012413793103448275,0.009575923392612859,0.019204389574759947,9,1000
0.01%,1e-4,12,Abundant OTUs,D1,Transient (0-0.25],0.15187059821299395,0.15113890963405524,0.13972602739726028,0.16483516483516483,110,1000
0.01%,1e-4,12,Abundant OTUs,D1,Intermediate (0.25-0.50],0.2085255265768995,0.20844686648501362,0.1958205811554333,0.2216142270861833,152,1000
0.01%,1e-4,12,Abundant OTUs,D1,High (0.50-<1.00),0.30874349392223854,0.3087431693989071,0.2916638283378747,0.32600847476894745,225,1000
0.01%,1e-4,12,Abundant OTUs,D1,Persistent (1.00),0.31780277882785213,0.3173076923076923,0.30926430517711173,0.3292458566024139,231,1000
0.01%,1e-4,12,Abundant OTUs,D3,Lost (0),0.7405795087560603,0.7397260273972602,0.7235213204951857,0.7626228536482099,539,1000
0.01%,1e-4,12,Abundant OTUs,D3,Transient (0-0.25],0.11580825791046678,0.11643835616438356,0.09876204972095383,0.1304945054945055,85,1000
0.01%,1e-4,12,Abundant OTUs,D3,Intermediate (0.25-0.50],0.03617994336846667,0.03591160220994475,0.028767123287671233,0.04395604395604396,26,1000
0.01%,1e-4,12,Abundant OTUs,D3,High (0.50-<1.00),0.04248720662938914,0.04237869375733519,0.034340659340659344,0.052269601100412656,31,1000
0.01%,1e-4,12,Abundant OTUs,D3,Persistent (1.00),0.0649450833356171,0.06464924346629987,0.06035665294924554,0.07005494505494506,47,1000
0.01%,1e-4,12,Abundant OTUs,D5,Lost (0),0.8561677430653948,0.8557692307692307,0.8443472499287547,0.869684499314129,624,1000
0.01%,1e-4,12,Abundant OTUs,D5,Transient (0-0.25],0.05733869869249546,0.05789113707609006,0.04395453654712914,0.06986301369863014,42,1000
0.01%,1e-4,12,Abundant OTUs,D5,Intermediate (0.25-0.50],0.011684617889835726,0.012244897959183673,0.006839945280437756,0.01652892561983471,9,1000
0.01%,1e-4,12,Abundant OTUs,D5,High (0.50-<1.00),0.03806829650841951,0.038303693570451436,0.031724137931034485,0.0437771489608905,28,1000
0.01%,1e-4,12,Abundant OTUs,D5,Persistent (1.00),0.03674064384385457,0.036834924965893585,0.0326975476839237,0.04162307641503202,27,1000
0.01%,1e-4,12,Abundant OTUs,D6,Lost (0),0.8704854231051106,0.8700136042065191,0.8542234332425068,0.8878361715175245,634,1000
0.01%,1e-4,12,Abundant OTUs,D6,Transient (0-0.25],0.0565929222314031,0.056865464632454926,0.03596003071914903,0.07480085297367663,41,1000
0.01%,1e-4,12,Abundant OTUs,D6,Intermediate (0.25-0.50],0.02217496595699898,0.02194787379972565,0.013736263736263736,0.03146482581564005,16,1000
0.01%,1e-4,12,Abundant OTUs,D6,High (0.50-<1.00),0.030025622628613895,0.03017832647462277,0.02319157023318749,0.03708791208791209,22,1000
0.01%,1e-4,12,Abundant OTUs,D6,Persistent (1.00),0.020721066077873437,0.02077562326869806,0.012413793103448275,0.027510316368638238,15,1000
0.01%,1e-4,12,Abundant OTUs,D7,Lost (0),0.8627916875341447,0.8626373626373627,0.8282848780007871,0.8987825828005621,628,1000
0.01%,1e-4,12,Abundant OTUs,D7,Transient (0-0.25],0.0930828402085001,0.09278361229418056,0.056863495606671255,0.12894818658707546,68,1000
0.01%,1e-4,12,Abundant OTUs,D7,Intermediate (0.25-0.50],0.01711908266743415,0.016643550624133148,0.010943538681198748,0.023384574139544756,12,1000
0.01%,1e-4,12,Abundant OTUs,D7,High (0.50-<1.00),0.020398814260762108,0.02054794520547945,0.01498586628111735,0.02631578947368421,15,1000
0.01%,1e-4,12,Abundant OTUs,D7,Persistent (1.00),0.006607575329158912,0.006830601092896175,0.004098360655737705,0.010944287240222625,5,1000
0.01%,1e-4,12,Rare OTUs,D0,Lost (0),0,0,0,0,0,1000
0.01%,1e-4,12,Rare OTUs,D0,Transient (0-0.25],0.20051014130463257,0.2006172839506173,0.17861557478368356,0.22126081582200247,324,1000
0.01%,1e-4,12,Rare OTUs,D0,Intermediate (0.25-0.50],0.2285467239875481,0.22662538699690402,0.21322620519159455,0.2589616810877627,366,1000
0.01%,1e-4,12,Rare OTUs,D0,High (0.50-<1.00),0.4407097374025,0.44114002478314746,0.4251237623762376,0.45185185185185184,714,1000
0.01%,1e-4,12,Rare OTUs,D0,Persistent (1.00),0.13023339730531933,0.13000616142945162,0.12243629583592293,0.13835701050030882,210,1000
0.01%,1e-4,12,Rare OTUs,D1,Lost (0),0.09486186354369444,0.09479553903345725,0.08690188525972664,0.10310670262680359,153,1000
0.01%,1e-4,12,Rare OTUs,D1,Transient (0-0.25],0.3412161321730404,0.3409512044471896,0.3300370828182942,0.35192069392812886,551,1000
0.01%,1e-4,12,Rare OTUs,D1,Intermediate (0.25-0.50],0.2016921179552591,0.20333745364647712,0.18316701083516174,0.21526151220871229,329,1000
0.01%,1e-4,12,Rare OTUs,D1,High (0.50-<1.00),0.2630129554157334,0.2638758660157239,0.25200363757422684,0.2737949910888934,426,1000
0.01%,1e-4,12,Rare OTUs,D1,Persistent (1.00),0.0992169309122727,0.09581401055179634,0.09260266397476925,0.12391573729863693,155,1000
0.01%,1e-4,12,Rare OTUs,D3,Lost (0),0.7447921822378303,0.7443890274314214,0.728622987324819,0.7641253217257903,1202.5,1000
0.01%,1e-4,12,Rare OTUs,D3,Transient (0-0.25],0.1472579802193144,0.1472868425748728,0.13576555239606417,0.15766688087119055,238,1000
0.01%,1e-4,12,Rare OTUs,D3,Intermediate (0.25-0.50],0.04586625707508774,0.04579207920792079,0.037793714825002586,0.05438981629930607,74,1000
0.01%,1e-4,12,Rare OTUs,D3,High (0.50-<1.00),0.037674690464766444,0.03767757875231625,0.031598513011152414,0.044528280211606173,61,1000
0.01%,1e-4,12,Rare OTUs,D3,Persistent (1.00),0.02440889000300108,0.024193548387096774,0.021631644004944377,0.027346177750155375,39,1000
0.01%,1e-4,12,Rare OTUs,D5,Lost (0),0.8548996934401186,0.8547692307692307,0.8459158415841584,0.8648481091134532,1381,1000
0.01%,1e-4,12,Rare OTUs,D5,Transient (0-0.25],0.08495862989855235,0.08490859197766598,0.07705578402081616,0.09265121536512871,137,1000
0.01%,1e-4,12,Rare OTUs,D5,Intermediate (0.25-0.50],0.025300646112161394,0.02540272614622057,0.019765287214329835,0.03041589075108628,41,1000
0.01%,1e-4,12,Rare OTUs,D5,High (0.50-<1.00),0.026620813336667846,0.026608910891089108,0.023529411764705882,0.02968506034276897,43,1000
0.01%,1e-4,12,Rare OTUs,D5,Persistent (1.00),0.008220217212499737,0.008059516429014259,0.006199628022318661,0.01051980198019802,13,1000
0.01%,1e-4,12,Rare OTUs,D6,Lost (0),0.8559538770331091,0.8556446637877854,0.838786885264676,0.874147656322607,1382,1000
0.01%,1e-4,12,Rare OTUs,D6,Transient (0-0.25],0.09361005532725655,0.09369196194998669,0.077966685064121,0.10926272809607643,151,1000
0.01%,1e-4,12,Rare OTUs,D6,Intermediate (0.25-0.50],0.02661325254627149,0.026633635258055482,0.02042079207920792,0.032838179337492536,43,1000
0.01%,1e-4,12,Rare OTUs,D6,High (0.50-<1.00),0.02090629875754375,0.02103960396039604,0.015441154336669082,0.02584695009242144,34,1000
0.01%,1e-4,12,Rare OTUs,D6,Persistent (1.00),0.002916516335819167,0.0030845157310302285,6.214943890924111e-4,0.004956629491945477,5,1000
0.01%,1e-4,12,Rare OTUs,D7,Lost (0),0.8797886758435486,0.880841955868356,0.8512902457764363,0.905617614516232,1423,1000
0.01%,1e-4,12,Rare OTUs,D7,Transient (0-0.25],0.09884952162624888,0.09807572936064556,0.07401977336926523,0.12647100707722878,158,1000
0.01%,1e-4,12,Rare OTUs,D7,Intermediate (0.25-0.50],0.01115018820906288,0.011124845488257108,0.006785517012290608,0.01675977653631285,18,1000
0.01%,1e-4,12,Rare OTUs,D7,High (0.50-<1.00),0.009683669528086657,0.009882643607164917,0.00616207435706578,0.013019420757831454,16,1000
0.01%,1e-4,12,Rare OTUs,D7,Persistent (1.00),5.279447930529609e-4,6.184291898577613e-4,0,0.0012414649286157666,1,1000
0.01%,1e-4,14,Abundant OTUs,D0,Lost (0),0,0,0,0,0,1000
0.01%,1e-4,14,Abundant OTUs,D0,Transient (0-0.25],0,0,0,0,0,1000
0.01%,1e-4,14,Abundant OTUs,D0,Intermediate (0.25-0.50],0,0,0,0,0,1000
0.01%,1e-4,14,Abundant OTUs,D0,High (0.50-<1.00),0.05191256830601093,0.05191256830601093,0.05191256830601093,0.05191256830601093,38,1000
0.01%,1e-4,14,Abundant OTUs,D0,Persistent (1.00),0.9480874316939891,0.9480874316939891,0.9480874316939891,0.9480874316939891,694,1000
0.01%,1e-4,14,Abundant OTUs,D1,Lost (0),0.00819672131147541,0.00819672131147541,0.00819672131147541,0.00819672131147541,6,1000
0.01%,1e-4,14,Abundant OTUs,D1,Transient (0-0.25],0.12431693989071038,0.12431693989071038,0.12431693989071038,0.12431693989071038,91,1000
0.01%,1e-4,14,Abundant OTUs,D1,Intermediate (0.25-0.50],0.23497267759562843,0.23497267759562843,0.23497267759562843,0.23497267759562843,172,1000
0.01%,1e-4,14,Abundant OTUs,D1,High (0.50-<1.00),0.3237704918032787,0.3237704918032787,0.3237704918032787,0.3237704918032787,237,1000
0.01%,1e-4,14,Abundant OTUs,D1,Persistent (1.00),0.3087431693989071,0.3087431693989071,0.3087431693989071,0.3087431693989071,226,1000
0.01%,1e-4,14,Abundant OTUs,D3,Lost (0),0.7294344262295082,0.7295081967213115,0.7158128415300546,0.75,534,1000
0.01%,1e-4,14,Abundant OTUs,D3,Transient (0-0.25],0.12030601092896175,0.12158469945355191,0.10245901639344263,0.13387978142076504,89,1000
0.01%,1e-4,14,Abundant OTUs,D3,Intermediate (0.25-0.50],0.04297677595628415,0.04234972677595628,0.03551912568306011,0.04918032786885246,31,1000
0.01%,1e-4,14,Abundant OTUs,D3,High (0.50-<1.00),0.043564207650273225,0.04371584699453552,0.03551912568306011,0.05191256830601093,32,1000
0.01%,1e-4,14,Abundant OTUs,D3,Persistent (1.00),0.06371857923497268,0.06420765027322405,0.060109289617486336,0.06693989071038252,47,1000
0.01%,1e-4,14,Abundant OTUs,D5,Lost (0),0.8498715846994536,0.8497267759562842,0.8401639344262295,0.8620218579234973,622,1000
0.01%,1e-4,14,Abundant OTUs,D5,Transient (0-0.25],0.06090983606557377,0.06147540983606557,0.04781420765027322,0.07240437158469945,45,1000
0.01%,1e-4,14,Abundant OTUs,D5,Intermediate (0.25-0.50],0.013601092896174864,0.01366120218579235,0.009562841530054645,0.017759562841530054,10,1000
0.01%,1e-4,14,Abundant OTUs,D5,High (0.50-<1.00),0.04059836065573771,0.040983606557377046,0.03551912568306011,0.045081967213114756,30,1000
0.01%,1e-4,14,Abundant OTUs,D5,Persistent (1.00),0.03501912568306011,0.03551912568306011,0.031420765027322405,0.03961748633879782,26,1000
0.01%,1e-4,14,Abundant OTUs,D6,Lost (0),0.8643948087431694,0.8647540983606558,0.8469945355191257,0.8797814207650273,633,1000
0.01%,1e-4,14,Abundant OTUs,D6,Transient (0-0.25],0.05753142076502732,0.05737704918032787,0.03825136612021858,0.07650273224043716,42,1000
0.01%,1e-4,14,Abundant OTUs,D6,Intermediate (0.25-0.50],0.026663934426229507,0.0273224043715847,0.017759562841530054,0.03551912568306011,20,1000
0.01%,1e-4,14,Abundant OTUs,D6,High (0.50-<1.00),0.03184972677595629,0.031420765027322405,0.02459016393442623,0.03828551912568303,23,1000
0.01%,1e-4,14,Abundant OTUs,D6,Persistent (1.00),0.019560109289617485,0.020491803278688523,0.012295081967213115,0.025956284153005466,15,1000
0.01%,1e-4,14,Abundant OTUs,D7,Lost (0),0.85149043715847,0.8524590163934426,0.8155737704918032,0.8880122950819672,624,1000
0.01%,1e-4,14,Abundant OTUs,D7,Transient (0-0.25],0.10040437158469945,0.09972677595628415,0.06420765027322405,0.1366120218579235,73,1000
0.01%,1e-4,14,Abundant OTUs,D7,Intermediate (0.25-0.50],0.020726775956284152,0.020491803278688523,0.01366120218579235,0.0273224043715847,15,1000
0.01%,1e-4,14,Abundant OTUs,D7,High (0.50-<1.00),0.021280054644808744,0.020491803278688523,0.01639344262295082,0.0273224043715847,15,1000
0.01%,1e-4,14,Abundant OTUs,D7,Persistent (1.00),0.006098360655737705,0.00546448087431694,0.004098360655737705,0.009562841530054645,4,1000
0.01%,1e-4,14,Rare OTUs,D0,Lost (0),0,0,0,0,0,1000
0.01%,1e-4,14,Rare OTUs,D0,Transient (0-0.25],0.14055727554179567,0.14055727554179567,0.14055727554179567,0.14055727554179567,227,1000
0.01%,1e-4,14,Rare OTUs,D0,Intermediate (0.25-0.50],0.2773993808049536,0.2773993808049536,0.2773993808049536,0.2773993808049536,448,1000
0.01%,1e-4,14,Rare OTUs,D0,High (0.50-<1.00),0.47058823529411764,0.47058823529411764,0.47058823529411764,0.47058823529411764,760,1000
0.01%,1e-4,14,Rare OTUs,D0,Persistent (1.00),0.11145510835913312,0.11145510835913312,0.11145510835913312,0.11145510835913312,180,1000
0.01%,1e-4,14,Rare OTUs,D1,Lost (0),0.07987616099071207,0.07987616099071207,0.07987616099071207,0.07987616099071207,129,1000
0.01%,1e-4,14,Rare OTUs,D1,Transient (0-0.25],0.3108359133126935,0.3108359133126935,0.3108359133126935,0.3108359133126935,502,1000
0.01%,1e-4,14,Rare OTUs,D1,Intermediate (0.25-0.50],0.24086687306501547,0.24086687306501547,0.24086687306501547,0.24086687306501547,389,1000
0.01%,1e-4,14,Rare OTUs,D1,High (0.50-<1.00),0.27678018575851393,0.27678018575851393,0.27678018575851393,0.27678018575851393,447,1000
0.01%,1e-4,14,Rare OTUs,D1,Persistent (1.00),0.09164086687306501,0.09164086687306501,0.09164086687306501,0.09164086687306501,148,1000
0.01%,1e-4,14,Rare OTUs,D3,Lost (0),0.7310458204334366,0.7306501547987616,0.7176470588235294,0.7486222910216718,1180,1000
0.01%,1e-4,14,Rare OTUs,D3,Transient (0-0.25],0.14875541795665634,0.14922600619195048,0.1386996904024768,0.1585139318885449,241,1000
0.01%,1e-4,14,Rare OTUs,D3,Intermediate (0.25-0.50],0.05801981424148607,0.05820433436532508,0.05077399380804953,0.06625386996904024,94,1000
0.01%,1e-4,14,Rare OTUs,D3,High (0.50-<1.00),0.039156656346749225,0.03900928792569659,0.034055727554179564,0.04396284829721362,63,1000
0.01%,1e-4,14,Rare OTUs,D3,Persistent (1.00),0.023022291021671828,0.022910216718266253,0.021052631578947368,0.025386996904024767,37,1000
0.01%,1e-4,14,Rare OTUs,D5,Lost (0),0.8470160990712075,0.8464396284829722,0.8402476780185758,0.8557275541795666,1367,1000
0.01%,1e-4,14,Rare OTUs,D5,Transient (0-0.25],0.08630092879256966,0.08668730650154799,0.07863777089783282,0.09287925696594428,140,1000
0.01%,1e-4,14,Rare OTUs,D5,Intermediate (0.25-0.50],0.03159442724458204,0.031578947368421054,0.026625386996904025,0.03529411764705882,51,1000
0.01%,1e-4,14,Rare OTUs,D5,High (0.50-<1.00),0.02761733746130031,0.02786377708978328,0.025371517027863777,0.029721362229102165,45,1000
0.01%,1e-4,14,Rare OTUs,D5,Persistent (1.00),0.007471207430340557,0.007430340557275541,0.006191950464396285,0.009287925696594427,12,1000
0.01%,1e-4,14,Rare OTUs,D6,Lost (0),0.8473919504643963,0.8470588235294118,0.83343653250774,0.8619195046439628,1368,1000
0.01%,1e-4,14,Rare OTUs,D6,Transient (0-0.25],0.09599133126934985,0.09597523219814241,0.08235294117647059,0.10959752321981424,155,1000
0.01%,1e-4,14,Rare OTUs,D6,Intermediate (0.25-0.50],0.032671826625387,0.03281733746130031,0.026625386996904025,0.03900928792569659,53,1000
0.01%,1e-4,14,Rare OTUs,D6,High (0.50-<1.00),0.021508359133126934,0.021671826625386997,0.01609907120743034,0.026006191950464396,35,1000
0.01%,1e-4,14,Rare OTUs,D6,Persistent (1.00),0.002436532507739938,0.002476780185758514,6.191950464396285e-4,0.0043343653250774,4,1000
0.01%,1e-4,14,Rare OTUs,D7,Lost (0),0.8693517027863777,0.8693498452012384,0.8414860681114551,0.8947368421052632,1404,1000
0.01%,1e-4,14,Rare OTUs,D7,Transient (0-0.25],0.10655232198142416,0.1065015479876161,0.08111455108359134,0.13374613003095975,172,1000
0.01%,1e-4,14,Rare OTUs,D7,Intermediate (0.25-0.50],0.01398328173374613,0.013622291021671827,0.0086687306501548,0.019814241486068113,22,1000
0.01%,1e-4,14,Rare OTUs,D7,High (0.50-<1.00),0.009656346749226006,0.009907120743034056,0.006191950464396285,0.01238390092879257,16,1000
0.01%,1e-4,14,Rare OTUs,D7,Persistent (1.00),4.563467492260062e-4,6.191950464396285e-4,0,0.001238390092879257,1,1000
0.1%,0.001,8,Abundant OTUs,D0,Lost (0),0,0,0,0,0,1000
0.1%,0.001,8,Abundant OTUs,D0,Transient (0-0.25],0,0,0,0,0,1000
0.1%,0.001,8,Abundant OTUs,D0,Intermediate (0.25-0.50],0,0,0,0,0,1000
0.1%,0.001,8,Abundant OTUs,D0,High (0.50-<1.00),0,0,0,0,0,1000
0.1%,0.001,8,Abundant OTUs,D0,Persistent (1.00),1,1,1,1,109,1000
0.1%,0.001,8,Abundant OTUs,D1,Lost (0),0,0,0,0,0,1000
0.1%,0.001,8,Abundant OTUs,D1,Transient (0-0.25],7.540949310932254e-4,0,0,0.009259259259259259,0,1000
0.1%,0.001,8,Abundant OTUs,D1,Intermediate (0.25-0.50],0.00753771744903493,0.009174311926605505,0,0.01834862385321101,1,1000
0.1%,0.001,8,Abundant OTUs,D1,High (0.50-<1.00),0.05005223241366427,0.047619047619047616,0.027777777777777776,0.07339449541284404,5,1000
0.1%,0.001,8,Abundant OTUs,D1,Persistent (1.00),0.9416559552062076,0.9433962264150944,0.918918918918919,0.9626168224299065,102,1000
0.1%,0.001,8,Abundant OTUs,D3,Lost (0),0.49229590801511636,0.49074074074074076,0.4444444444444444,0.5454545454545454,53,1000
0.1%,0.001,8,Abundant OTUs,D3,Transient (0-0.25],0.1495417728152587,0.1509433962264151,0.10473719676549866,0.19095287739783148,16,1000
0.1%,0.001,8,Abundant OTUs,D3,Intermediate (0.25-0.50],0.060532612653471006,0.06334971334971334,0.02702702702702703,0.0970873786407767,7,1000
0.1%,0.001,8,Abundant OTUs,D3,High (0.50-<1.00),0.1020625648471406,0.10185185185185185,0.07205598455598455,0.13333333333333333,11,1000
0.1%,0.001,8,Abundant OTUs,D3,Persistent (1.00),0.19556714166901334,0.1926605504587156,0.17272727272727273,0.22935779816513763,21,1000
0.1%,0.001,8,Abundant OTUs,D5,Lost (0),0.7071998447041722,0.7064220183486238,0.6666666666666666,0.7522935779816514,76,1000
0.1%,0.001,8,Abundant OTUs,D5,Transient (0-0.25],0.08682525049033388,0.08653846153846154,0.03737452405676704,0.12847009853890587,9,1000
0.1%,0.001,8,Abundant OTUs,D5,Intermediate (0.25-0.50],0.016816395958414804,0.01834862385321101,0,0.03704569055036344,2,1000
0.1%,0.001,8,Abundant OTUs,D5,High (0.50-<1.00),0.07298954610352612,0.07339449541284404,0.04504504504504504,0.10091743119266056,8,1000
0.1%,0.001,8,Abundant OTUs,D5,Persistent (1.00),0.11616896274355303,0.11572802197802198,0.09818611303744798,0.1389213395638629,12,1000
0.1%,0.001,8,Abundant OTUs,D6,Lost (0),0.7411798968824732,0.7410714285714286,0.7102418110879231,0.7727272727272727,80,1000
0.1%,0.001,8,Abundant OTUs,D6,Transient (0-0.25],0.0688645853963312,0.0673076923076923,0.027522935779816515,0.1111111111111111,7,1000
0.1%,0.001,8,Abundant OTUs,D6,Intermediate (0.25-0.50],0.0537287797363446,0.05504587155963303,0.01904312668463612,0.09009009009009009,6,1000
0.1%,0.001,8,Abundant OTUs,D6,High (0.50-<1.00),0.06526041182100607,0.06422018348623854,0.036036036036036036,0.102803738317757,7,1000
0.1%,0.001,8,Abundant OTUs,D6,Persistent (1.00),0.07096632616384495,0.07547169811320754,0.03636363636363636,0.0961771844660194,8,1000
0.1%,0.001,8,Abundant OTUs,D7,Lost (0),0.7702840890823209,0.7727272727272727,0.7142857142857143,0.8165137614678899,83,1000
0.1%,0.001,8,Abundant OTUs,D7,Transient (0-0.25],0.09857995640004928,0.09523809523809523,0.05405405405405406,0.1574074074074074,10,1000
0.1%,0.001,8,Abundant OTUs,D7,Intermediate (0.25-0.50],0.04426975778151324,0.045454545454545456,0.01818181818181818,0.07339449541284404,5,1000
0.1%,0.001,8,Abundant OTUs,D7,High (0.50-<1.00),0.04550164333985128,0.045871559633027525,0.018518518518518517,0.07272727272727272,5,1000
0.1%,0.001,8,Abundant OTUs,D7,Persistent (1.00),0.04136455339626532,0.03791554357592093,0.02727272727272727,0.06481481481481481,4,1000
0.1%,0.001,8,Rare OTUs,D0,Lost (0),0,0,0,0,0,1000
0.1%,0.001,8,Rare OTUs,D0,Transient (0-0.25],0.15209514680791772,0.15291208328883452,0.11749505311966078,0.179839025006098,340,1000
0.1%,0.001,8,Rare OTUs,D0,Intermediate (0.25-0.50],0.1712730972034717,0.16640432593196697,0.12933705843523688,0.2116788321167883,369.5,1000
0.1%,0.001,8,Rare OTUs,D0,High (0.50-<1.00),0.2776772592679463,0.2789023841655421,0.2553474757648244,0.3002267573696145,618,1000
0.1%,0.001,8,Rare OTUs,D0,Persistent (1.00),0.3989544967206643,0.39705232611714836,0.38693332483426823,0.4196168146742206,880,1000
0.1%,0.001,8,Rare OTUs,D1,Lost (0),0.11619279761313298,0.116147918861022,0.10374187341610866,0.12824067706907116,257,1000
0.1%,0.001,8,Rare OTUs,D1,Transient (0-0.25],0.27404012390353527,0.2737251378025884,0.2597088685544762,0.2893804040897917,606,1000
0.1%,0.001,8,Rare OTUs,D1,Intermediate (0.25-0.50],0.2023666674006113,0.20252025202520252,0.1845083786356975,0.22031736480650893,448,1000
0.1%,0.001,8,Rare OTUs,D1,High (0.50-<1.00),0.25097889132186463,0.25112918164421905,0.23180540826496593,0.26952723432614145,556,1000
0.1%,0.001,8,Rare OTUs,D1,Persistent (1.00),0.15642151976085583,0.1485697061268313,0.13777422654467159,0.18418647166361973,329,1000
0.1%,0.001,8,Rare OTUs,D3,Lost (0),0.788724530379948,0.7875565795688866,0.7684333460249027,0.8157936489001288,1742,1000
0.1%,0.001,8,Rare OTUs,D3,Transient (0-0.25],0.10825361029468795,0.10909091458749684,0.09377712200273805,0.11875864866154506,241,1000
0.1%,0.001,8,Rare OTUs,D3,Intermediate (0.25-0.50],0.038311507322065966,0.038288288288288286,0.029892521122631202,0.04717193417454953,85,1000
0.1%,0.001,8,Rare OTUs,D3,High (0.50-<1.00),0.03127984521889473,0.031093954546850135,0.02433528616493916,0.03942002718622564,69,1000
0.1%,0.001,8,Rare OTUs,D3,Persistent (1.00),0.03343050678440326,0.03337843933243121,0.030122959604921052,0.03693735308088621,74,1000
0.1%,0.001,8,Rare OTUs,D5,Lost (0),0.8812974526832629,0.8810552990681625,0.8699586649874774,0.8932467209856916,1950,1000
0.1%,0.001,8,Rare OTUs,D5,Transient (0-0.25],0.059157350398581436,0.059325842696629216,0.049453854753518954,0.06796034379489137,131,1000
0.1%,0.001,8,Rare OTUs,D5,Intermediate (0.25-0.50],0.020349985075119655,0.02032520325203252,0.014518234675995494,0.025722311976921385,45,1000
0.1%,0.001,8,Rare OTUs,D5,High (0.50-<1.00),0.02347403083280523,0.02341287708239532,0.019773114993620607,0.027200077784469378,52,1000
0.1%,0.001,8,Rare OTUs,D5,Persistent (1.00),0.01572118101023082,0.01575157515751575,0.012697981366459627,0.018674611531454582,35,1000
0.1%,0.001,8,Rare OTUs,D6,Lost (0),0.8865691966732724,0.8864864864864865,0.8717931345980126,0.9023424296116662,1962,1000
0.1%,0.001,8,Rare OTUs,D6,Transient (0-0.25],0.06482685049736764,0.0647045640388867,0.05185915165499438,0.07772050166538746,143,1000
0.1%,0.001,8,Rare OTUs,D6,Intermediate (0.25-0.50],0.022170316905384478,0.022016341964949677,0.016734320138580484,0.028298643512196565,48.5,1000
0.1%,0.001,8,Rare OTUs,D6,High (0.50-<1.00),0.018937243413383827,0.01914574223897922,0.013927362069142758,0.023402340234023402,42,1000
0.1%,0.001,8,Rare OTUs,D6,Persistent (1.00),0.007496392510591628,0.0073059360730593605,0.0049504950495049506,0.010402650466302793,16,1000
0.1%,0.001,8,Rare OTUs,D7,Lost (0),0.9060487483956485,0.9057497402991461,0.8785986793209334,0.9304300095646242,2004,1000
0.1%,0.001,8,Rare OTUs,D7,Transient (0-0.25],0.07126807631256796,0.07150983707467469,0.04729464014576375,0.09843458923628073,158,1000
0.1%,0.001,8,Rare OTUs,D7,Intermediate (0.25-0.50],0.01110675018366058,0.010976446949473955,0.00719416377010751,0.015752641374245726,24,1000
0.1%,0.001,8,Rare OTUs,D7,High (0.50-<1.00),0.01007479946140354,0.010031921830606364,0.006334841628959276,0.013870866143765032,22,1000
0.1%,0.001,8,Rare OTUs,D7,Persistent (1.00),0.00150162564671944,0.0013544018058690745,0,0.0036019810895992796,3,1000
0.1%,0.001,10,Abundant OTUs,D0,Lost (0),0,0,0,0,0,1000
0.1%,0.001,10,Abundant OTUs,D0,Transient (0-0.25],0,0,0,0,0,1000
0.1%,0.001,10,Abundant OTUs,D0,Intermediate (0.25-0.50],0,0,0,0,0,1000
0.1%,0.001,10,Abundant OTUs,D0,High (0.50-<1.00),0,0,0,0,0,1000
0.1%,0.001,10,Abundant OTUs,D0,Persistent (1.00),1,1,1,1,108,1000
0.1%,0.001,10,Abundant OTUs,D1,Lost (0),0,0,0,0,0,1000
0.1%,0.001,10,Abundant OTUs,D1,Transient (0-0.25],1.835016835016835e-5,0,0,0,0,1000
0.1%,0.001,10,Abundant OTUs,D1,Intermediate (0.25-0.50],0.008153250433480764,0.009174311926605505,0,0.018518518518518517,1,1000
0.1%,0.001,10,Abundant OTUs,D1,High (0.50-<1.00),0.057617236149427924,0.05555555555555555,0.037037037037037035,0.07622746185852979,6,1000
0.1%,0.001,10,Abundant OTUs,D1,Persistent (1.00),0.9342111632487412,0.9351851851851852,0.9166666666666666,0.9537037037037037,101,1000
0.1%,0.001,10,Abundant OTUs,D3,Lost (0),0.4701332265342152,0.46788990825688076,0.42592592592592593,0.5229357798165137,51,1000
0.1%,0.001,10,Abundant OTUs,D3,Transient (0-0.25],0.15291635864812067,0.15454545454545454,0.1111111111111111,0.19090909090909092,17,1000
0.1%,0.001,10,Abundant OTUs,D3,Intermediate (0.25-0.50],0.0761382168303939,0.07476635514018691,0.0380952380952381,0.1111111111111111,8,1000
0.1%,0.001,10,Abundant OTUs,D3,High (0.50-<1.00),0.11166818069188557,0.1111111111111111,0.08998069498069498,0.1388888888888889,12,1000
0.1%,0.001,10,Abundant OTUs,D3,Persistent (1.00),0.18914401729538466,0.18691588785046728,0.17272727272727273,0.21495327102803738,20,1000
0.1%,0.001,10,Abundant OTUs,D5,Lost (0),0.6890923107289147,0.6880733944954128,0.6513653280249264,0.7289719626168224,75,1000
0.1%,0.001,10,Abundant OTUs,D5,Transient (0-0.25],0.09910189435994281,0.10091743119266056,0.05454545454545454,0.13761467889908258,11,1000
0.1%,0.001,10,Abundant OTUs,D5,Intermediate (0.25-0.50],0.0204482200894888,0.018518518518518517,0,0.04504504504504504,2,1000
0.1%,0.001,10,Abundant OTUs,D5,High (0.50-<1.00),0.08174712773235718,0.08256880733944955,0.05454545454545454,0.10476190476190476,9,1000
0.1%,0.001,10,Abundant OTUs,D5,Persistent (1.00),0.10961044708929642,0.11009174311926606,0.09172226855713095,0.1308411214953271,12,1000
0.1%,0.001,10,Abundant OTUs,D6,Lost (0),0.7330147390482841,0.7336391437308869,0.7019230769230769,0.7614678899082569,79,1000
0.1%,0.001,10,Abundant OTUs,D6,Transient (0-0.25],0.0611097158269691,0.06363636363636363,0.02659684065934067,0.102803738317757,7,1000
0.1%,0.001,10,Abundant OTUs,D6,Intermediate (0.25-0.50],0.06933036208433285,0.07272727272727272,0.03669724770642202,0.10091743119266056,8,1000
0.1%,0.001,10,Abundant OTUs,D6,High (0.50-<1.00),0.07146573906571273,0.06698717948717949,0.03737452405676704,0.10476190476190476,7,1000
0.1%,0.001,10,Abundant OTUs,D6,Persistent (1.00),0.06507944397470126,0.07272727272727272,0.03636363636363636,0.09259259259259259,8,1000
0.1%,0.001,10,Abundant OTUs,D7,Lost (0),0.7555393878190717,0.7547169811320755,0.7018983644859813,0.8019330805854347,82,1000
0.1%,0.001,10,Abundant OTUs,D7,Transient (0-0.25],0.09778799043356748,0.09523809523809523,0.046296296296296294,0.15454545454545454,10,1000
0.1%,0.001,10,Abundant OTUs,D7,Intermediate (0.25-0.50],0.059591324977597816,0.05714285714285714,0.027777777777777776,0.08571428571428572,6,1000
0.1%,0.001,10,Abundant OTUs,D7,High (0.50-<1.00),0.04830280091101226,0.046296296296296294,0.027522935779816515,0.07339449541284404,5,1000
0.1%,0.001,10,Abundant OTUs,D7,Persistent (1.00),0.03877849585875069,0.037037037037037035,0.02727272727272727,0.056074766355140186,4,1000
0.1%,0.001,10,Rare OTUs,D0,Lost (0),0,0,0,0,0,1000
0.1%,0.001,10,Rare OTUs,D0,Transient (0-0.25],0.10473465029787961,0.10120913569189431,0.08856755535472209,0.12780699466997972,226,1000
0.1%,0.001,10,Rare OTUs,D0,Intermediate (0.25-0.50],0.21392681104298078,0.21374045801526717,0.19567079925519126,0.2321266968325792,476,1000
0.1%,0.001,10,Rare OTUs,D0,High (0.50-<1.00),0.3073222384412643,0.3087278526510369,0.2861692447679709,0.32199158609679795,688,1000
0.1%,0.001,10,Rare OTUs,D0,Persistent (1.00),0.37401630021787535,0.37331838023971603,0.3662162162162162,0.38566001691782786,833,1000
0.1%,0.001,10,Rare OTUs,D1,Lost (0),0.09002033498688791,0.09005376344086022,0.08161160858624908,0.09914385448402202,201,1000
0.1%,0.001,10,Rare OTUs,D1,Transient (0-0.25],0.23520426727082888,0.23503032802550974,0.2250100836540747,0.24551971326164876,524,1000
0.1%,0.001,10,Rare OTUs,D1,Intermediate (0.25-0.50],0.2606058902845434,0.26153157187639947,0.24394373050029594,0.27419463427346963,582,1000
0.1%,0.001,10,Rare OTUs,D1,High (0.50-<1.00),0.27292246527455066,0.27352343720056727,0.2581081081081081,0.2853958538445204,610,1000
0.1%,0.001,10,Rare OTUs,D1,Persistent (1.00),0.14124704218318915,0.1354867653656348,0.12942230183609493,0.16450178523865894,302,1000
0.1%,0.001,10,Rare OTUs,D3,Lost (0),0.772151545509203,0.7716463355725447,0.7536918224835355,0.7938934717776136,1720,1000
0.1%,0.001,10,Rare OTUs,D3,Transient (0-0.25],0.1105091939921572,0.11081141706982892,0.09901322838266664,0.12036063681747551,247,1000
0.1%,0.001,10,Rare OTUs,D3,Intermediate (0.25-0.50],0.052510993436798874,0.05246636771300448,0.04349775784753363,0.06152467391319758,117,1000
0.1%,0.001,10,Rare OTUs,D3,High (0.50-<1.00),0.033452095088508105,0.033183856502242155,0.027354260089686097,0.04043369100398175,74,1000
0.1%,0.001,10,Rare OTUs,D3,Persistent (1.00),0.03137617197333283,0.03136200716845878,0.028660994178235557,0.03451444519585055,70,1000
0.1%,0.001,10,Rare OTUs,D5,Lost (0),0.8713598346918351,0.8710255261979399,0.8617732504555358,0.8824096982538363,1942,1000
0.1%,0.001,10,Rare OTUs,D5,Transient (0-0.25],0.06126938232914354,0.061389738424071784,0.05262921560749651,0.06927686501584909,137,1000
0.1%,0.001,10,Rare OTUs,D5,Intermediate (0.25-0.50],0.027512447200201736,0.02774649722240882,0.022461814914645103,0.032244341077553335,62,1000
0.1%,0.001,10,Rare OTUs,D5,High (0.50-<1.00),0.025753172403455534,0.025652565256525654,0.02243133219465384,0.029083099505506717,57,1000
0.1%,0.001,10,Rare OTUs,D5,Persistent (1.00),0.014105163375364051,0.013957676722197209,0.011648745519713262,0.01703272075302555,31,1000
0.1%,0.001,10,Rare OTUs,D6,Lost (0),0.8761362905312391,0.8758125918317712,0.862269674986818,0.8914834655061963,1952,1000
0.1%,0.001,10,Rare OTUs,D6,Transient (0-0.25],0.06750489064524062,0.06727966250022632,0.05508284818629646,0.07989317693171531,150,1000
0.1%,0.001,10,Rare OTUs,D6,Intermediate (0.25-0.50],0.029672947117109556,0.029583146571044376,0.02376681614349776,0.036339573300535694,66,1000
0.1%,0.001,10,Rare OTUs,D6,High (0.50-<1.00),0.02026001041762328,0.020192955918917677,0.015657485202527327,0.024674742036787798,45,1000
0.1%,0.001,10,Rare OTUs,D6,Persistent (1.00),0.0064258612887874815,0.006293549430118827,0.004052092072402411,0.008964589870013447,14,1000
0.1%,0.001,10,Rare OTUs,D7,Lost (0),0.8932409277766723,0.8934974122490298,0.864244268045711,0.9212069357484128,1991,1000
0.1%,0.001,10,Rare OTUs,D7,Transient (0-0.25],0.07969408139055821,0.07974910394265233,0.0529617040110249,0.10659666652147215,178,1000
0.1%,0.001,10,Rare OTUs,D7,Intermediate (0.25-0.50],0.015314681415606966,0.015243219775161654,0.010327563571430443,0.020216624982094936,34,1000
0.1%,0.001,10,Rare OTUs,D7,High (0.50-<1.00),0.010693150767538623,0.010752688172043012,0.007178026302289229,0.014356213548676536,24,1000
0.1%,0.001,10,Rare OTUs,D7,Persistent (1.00),0.0010571586496239082,8.976660682226212e-4,0,0.002691820244484126,2,1000
0.1%,0.001,12,Abundant OTUs,D0,Lost (0),0,0,0,0,0,1000
0.1%,0.001,12,Abundant OTUs,D0,Transient (0-0.25],0,0,0,0,0,1000
0.1%,0.001,12,Abundant OTUs,D0,Intermediate (0.25-0.50],0,0,0,0,0,1000
0.1%,0.001,12,Abundant OTUs,D0,High (0.50-<1.00),0,0,0,0,0,1000
0.1%,0.001,12,Abundant OTUs,D0,Persistent (1.00),1,1,1,1,108,1000
0.1%,0.001,12,Abundant OTUs,D1,Lost (0),0,0,0,0,0,1000
0.1%,0.001,12,Abundant OTUs,D1,Transient (0-0.25],0,0,0,0,0,1000
0.1%,0.001,12,Abundant OTUs,D1,Intermediate (0.25-0.50],0.007032671042037908,0.009174311926605505,0,0.009433962264150943,1,1000
0.1%,0.001,12,Abundant OTUs,D1,High (0.50-<1.00),0.06335546623628216,0.06422018348623854,0.046296296296296294,0.08181818181818182,7,1000
0.1%,0.001,12,Abundant OTUs,D1,Persistent (1.00),0.92961186272168,0.9272727272727272,0.9174311926605505,0.9444444444444444,101,1000
0.1%,0.001,12,Abundant OTUs,D3,Lost (0),0.4492717054639635,0.4485981308411215,0.411214953271028,0.4954128440366973,49,1000
0.1%,0.001,12,Abundant OTUs,D3,Transient (0-0.25],0.1861067024083093,0.18691588785046728,0.14545454545454545,0.2222222222222222,20,1000
0.1%,0.001,12,Abundant OTUs,D3,Intermediate (0.25-0.50],0.06074190381800854,0.06363636363636363,0.027777777777777776,0.09090909090909091,7,1000
0.1%,0.001,12,Abundant OTUs,D3,High (0.50-<1.00),0.11809675370275466,0.11926605504587157,0.09345794392523364,0.1442613636363636,13,1000
0.1%,0.001,12,Abundant OTUs,D3,Persistent (1.00),0.18578293460696405,0.18518518518518517,0.17272727272727273,0.205607476635514,20,1000
0.1%,0.001,12,Abundant OTUs,D5,Lost (0),0.6772856463566325,0.6759259259259259,0.6422018348623854,0.7155963302752294,73,1000
0.1%,0.001,12,Abundant OTUs,D5,Transient (0-0.25],0.11915847946475694,0.12037037037037036,0.07476635514018691,0.1559633027522936,13,1000
0.1%,0.001,12,Abundant OTUs,D5,Intermediate (0.25-0.50],0.009139952410347135,0.009174311926605505,0,0.027777777777777776,1,1000
0.1%,0.001,12,Abundant OTUs,D5,High (0.50-<1.00),0.0900976178473186,0.09174311926605505,0.06422018348623854,0.11113707165109031,10,1000
0.1%,0.001,12,Abundant OTUs,D5,Persistent (1.00),0.10431830392094484,0.10185185185185185,0.09090909090909091,0.12149532710280374,11,1000
0.1%,0.001,12,Abundant OTUs,D6,Lost (0),0.7264429831680813,0.7272727272727273,0.6972477064220184,0.7545454545454545,79,1000
0.1%,0.001,12,Abundant OTUs,D6,Transient (0-0.25],0.07666321601998885,0.07476635514018691,0.037037037037037035,0.11926605504587157,8,1000
0.1%,0.001,12,Abundant OTUs,D6,Intermediate (0.25-0.50],0.05873559862586857,0.056074766355140186,0.027777777777777776,0.08490566037735849,6,1000
0.1%,0.001,12,Abundant OTUs,D6,High (0.50-<1.00),0.07529315080764835,0.07407407407407407,0.045871559633027525,0.1111111111111111,8,1000
0.1%,0.001,12,Abundant OTUs,D6,Persistent (1.00),0.06286505137841293,0.06542056074766354,0.03636363636363636,0.08411214953271028,7,1000
0.1%,0.001,12,Abundant OTUs,D7,Lost (0),0.7407687310724816,0.7407407407407407,0.6880733944954128,0.7889908256880734,80,1000
0.1%,0.001,12,Abundant OTUs,D7,Transient (0-0.25],0.12191372197110453,0.12037037037037036,0.07272727272727272,0.17592592592592593,13,1000
0.1%,0.001,12,Abundant OTUs,D7,Intermediate (0.25-0.50],0.05040847451390234,0.05454545454545454,0.01834862385321101,0.07476635514018691,6,1000
0.1%,0.001,12,Abundant OTUs,D7,High (0.50-<1.00),0.04989120935280258,0.04672897196261682,0.027522935779816515,0.07407407407407407,5,1000
0.1%,0.001,12,Abundant OTUs,D7,Persistent (1.00),0.037017863089708905,0.03669724770642202,0.02727272727272727,0.05454545454545454,4,1000
0.1%,0.001,12,Rare OTUs,D0,Lost (0),0,0,0,0,0,1000
0.1%,0.001,12,Rare OTUs,D0,Transient (0-0.25],0.14463100379492386,0.1447132616487455,0.12942230183609493,0.16003576218149307,323,1000
0.1%,0.001,12,Rare OTUs,D0,Intermediate (0.25-0.50],0.16536874039089622,0.16368515205724507,0.1557743957027753,0.1876399462606359,366,1000
0.1%,0.001,12,Rare OTUs,D0,High (0.50-<1.00),0.3336897228023377,0.3342269883824844,0.32275368797496645,0.341987466427932,747,1000
0.1%,0.001,12,Rare OTUs,D0,Persistent (1.00),0.3563105330118422,0.35570469798657717,0.3512304250559284,0.3614349775784753,795,1000
0.1%,0.001,12,Rare OTUs,D1,Lost (0),0.07268941456867578,0.07248322147651007,0.06704814162946451,0.07882127000333712,162,1000
0.1%,0.001,12,Rare OTUs,D1,Transient (0-0.25],0.2960145002021947,0.2956833167648768,0.287248322147651,0.30576665176575774,661,1000
0.1%,0.001,12,Rare OTUs,D1,Intermediate (0.25-0.50],0.21338293515018417,0.21422182468694095,0.20071300150247504,0.2225213678805248,479,1000
0.1%,0.001,12,Rare OTUs,D1,High (0.50-<1.00),0.28784076527875846,0.289067719860134,0.276386404293381,0.296198112528564,646,1000
0.1%,0.001,12,Rare OTUs,D1,Persistent (1.00),0.13007238480018687,0.12712623097582812,0.12421805183199285,0.14936366770839385,284,1000
0.1%,0.001,12,Rare OTUs,D3,Lost (0),0.7577651117853971,0.7568293775190327,0.7415026833631485,0.7784293056727787,1693,1000
0.1%,0.001,12,Rare OTUs,D3,Transient (0-0.25],0.13510974740622436,0.1352559617107031,0.12248547161376844,0.1443930379753165,302,1000
0.1%,0.001,12,Rare OTUs,D3,Intermediate (0.25-0.50],0.04206697153407706,0.04202056325435852,0.03579378324188688,0.049262740506748545,94,1000
0.1%,0.001,12,Rare OTUs,D3,High (0.50-<1.00),0.03527480980097437,0.03528360875390799,0.030397854269110416,0.041184046223923035,79,1000
0.1%,0.001,12,Rare OTUs,D3,Persistent (1.00),0.029783359473327182,0.02993744414655943,0.027268663388466695,0.032618773826972876,67,1000
0.1%,0.001,12,Rare OTUs,D5,Lost (0),0.863892418520319,0.8636566830576665,0.8554762732643707,0.8739383102369245,1931,1000
0.1%,0.001,12,Rare OTUs,D5,Transient (0-0.25],0.07449020898668356,0.07465355386678588,0.06579904723561458,0.08262709538959409,167,1000
0.1%,0.001,12,Rare OTUs,D5,Intermediate (0.25-0.50],0.021544420007696623,0.021486123545210387,0.017433868727386472,0.025503355704697986,48,1000
0.1%,0.001,12,Rare OTUs,D5,High (0.50-<1.00),0.02720983304998504,0.027256478999106343,0.024566507171281216,0.030357481815861675,61,1000
0.1%,0.001,12,Rare OTUs,D5,Persistent (1.00),0.012863119435315826,0.012963790791238265,0.010728654447921324,0.015638963360142984,29,1000
0.1%,0.001,12,Rare OTUs,D6,Lost (0),0.8671045269888783,0.8666368248284094,0.8528589608794319,0.8815383604146825,1937.5,1000
0.1%,0.001,12,Rare OTUs,D6,Transient (0-0.25],0.08231874486219361,0.08232662192393736,0.06950361514466602,0.09539165062903866,184,1000
0.1%,0.001,12,Rare OTUs,D6,Intermediate (0.25-0.50],0.023373499580515076,0.023255813953488372,0.018336314847942754,0.028622540250447227,52,1000
0.1%,0.001,12,Rare OTUs,D6,High (0.50-<1.00),0.0213386581442945,0.021457308895842648,0.01700204703989627,0.02512074977418249,48,1000
0.1%,0.001,12,Rare OTUs,D6,Persistent (1.00),0.005864570424118506,0.005813953488372093,0.0040214028189049355,0.008053691275167786,13,1000
0.1%,0.001,12,Rare OTUs,D7,Lost (0),0.8809185392589323,0.8812989862072176,0.8521644941948343,0.9071748878923767,1970,1000
0.1%,0.001,12,Rare OTUs,D7,Transient (0-0.25],0.09589018464349269,0.09574944071588366,0.07011410414291935,0.12394299048892272,214,1000
0.1%,0.001,12,Rare OTUs,D7,Intermediate (0.25-0.50],0.01122951250959377,0.011180679785330949,0.007609668755595345,0.015206064833128604,25,1000
0.1%,0.001,12,Rare OTUs,D7,High (0.50-<1.00),0.011178969599721093,0.011180679785330949,0.008046490835940992,0.014751899865891819,25,1000
0.1%,0.001,12,Rare OTUs,D7,Persistent (1.00),7.827939882601432e-4,8.94054537326777e-4,0,0.0017937219730941704,2,1000
0.1%,0.001,14,Abundant OTUs,D0,Lost (0),0,0,0,0,0,1000
0.1%,0.001,14,Abundant OTUs,D0,Transient (0-0.25],0,0,0,0,0,1000
0.1%,0.001,14,Abundant OTUs,D0,Intermediate (0.25-0.50],0,0,0,0,0,1000
0.1%,0.001,14,Abundant OTUs,D0,High (0.50-<1.00),0,0,0,0,0,1000
0.1%,0.001,14,Abundant OTUs,D0,Persistent (1.00),1,1,1,1,110,1000
0.1%,0.001,14,Abundant OTUs,D1,Lost (0),0,0,0,0,0,1000
0.1%,0.001,14,Abundant OTUs,D1,Transient (0-0.25],0,0,0,0,0,1000
0.1%,0.001,14,Abundant OTUs,D1,Intermediate (0.25-0.50],0.00909090909090909,0.00909090909090909,0.00909090909090909,0.00909090909090909,1,1000
0.1%,0.001,14,Abundant OTUs,D1,High (0.50-<1.00),0.07272727272727272,0.07272727272727272,0.07272727272727272,0.07272727272727272,8,1000
0.1%,0.001,14,Abundant OTUs,D1,Persistent (1.00),0.9181818181818182,0.9181818181818182,0.9181818181818182,0.9181818181818182,101,1000
0.1%,0.001,14,Abundant OTUs,D3,Lost (0),0.4349090909090909,0.43636363636363634,0.4090909090909091,0.4727272727272727,48,1000
0.1%,0.001,14,Abundant OTUs,D3,Transient (0-0.25],0.18947272727272726,0.19090909090909092,0.15454545454545454,0.21818181818181817,21,1000
0.1%,0.001,14,Abundant OTUs,D3,Intermediate (0.25-0.50],0.07111818181818182,0.07272727272727272,0.045454545454545456,0.1,8,1000
0.1%,0.001,14,Abundant OTUs,D3,High (0.50-<1.00),0.12042727272727272,0.11818181818181818,0.1,0.14545454545454545,13,1000
0.1%,0.001,14,Abundant OTUs,D3,Persistent (1.00),0.18407272727272728,0.18181818181818182,0.18181818181818182,0.2,20,1000
0.1%,0.001,14,Abundant OTUs,D5,Lost (0),0.6659636363636364,0.6636363636363637,0.6363636363636364,0.7,73,1000
0.1%,0.001,14,Abundant OTUs,D5,Transient (0-0.25],0.1262818181818182,0.12727272727272726,0.08181818181818182,0.15454545454545454,14,1000
0.1%,0.001,14,Abundant OTUs,D5,Intermediate (0.25-0.50],0.011518181818181818,0.00909090909090909,0,0.02727272727272727,1,1000
0.1%,0.001,14,Abundant OTUs,D5,High (0.50-<1.00),0.09707272727272727,0.1,0.08181818181818182,0.10909090909090909,11,1000
0.1%,0.001,14,Abundant OTUs,D5,Persistent (1.00),0.09916363636363637,0.1,0.09090909090909091,0.11818181818181818,11,1000
0.1%,0.001,14,Abundant OTUs,D6,Lost (0),0.7220454545454545,0.7181818181818181,0.7,0.7454545454545455,79,1000
0.1%,0.001,14,Abundant OTUs,D6,Transient (0-0.25],0.0688,0.07272727272727272,0.02727272727272727,0.10909090909090909,8,1000
0.1%,0.001,14,Abundant OTUs,D6,Intermediate (0.25-0.50],0.0713090909090909,0.07272727272727272,0.045454545454545456,0.1,8,1000
0.1%,0.001,14,Abundant OTUs,D6,High (0.50-<1.00),0.07901818181818182,0.07272727272727272,0.045454545454545456,0.10909090909090909,8,1000
0.1%,0.001,14,Abundant OTUs,D6,Persistent (1.00),0.05882727272727272,0.06363636363636363,0.03636363636363636,0.08181818181818182,7,1000
0.1%,0.001,14,Abundant OTUs,D7,Lost (0),0.7321454545454545,0.7363636363636363,0.6818181818181818,0.7818181818181819,81,1000
0.1%,0.001,14,Abundant OTUs,D7,Transient (0-0.25],0.12128181818181817,0.11818181818181818,0.07272727272727272,0.18181818181818182,13,1000
0.1%,0.001,14,Abundant OTUs,D7,Intermediate (0.25-0.50],0.06077272727272727,0.06363636363636363,0.03636363636363636,0.08181818181818182,7,1000
0.1%,0.001,14,Abundant OTUs,D7,High (0.50-<1.00),0.05082727272727273,0.05454545454545454,0.02727272727272727,0.07272727272727272,6,1000
0.1%,0.001,14,Abundant OTUs,D7,Persistent (1.00),0.03497272727272727,0.03636363636363636,0.02727272727272727,0.045454545454545456,4,1000
0.1%,0.001,14,Rare OTUs,D0,Lost (0),0,0,0,0,0,1000
0.1%,0.001,14,Rare OTUs,D0,Transient (0-0.25],0.10147518998658918,0.10147518998658918,0.10147518998658918,0.10147518998658918,227,1000
0.1%,0.001,14,Rare OTUs,D0,Intermediate (0.25-0.50],0.20026821636119804,0.20026821636119804,0.20026821636119804,0.20026821636119804,448,1000
0.1%,0.001,14,Rare OTUs,D0,High (0.50-<1.00),0.356727760393384,0.356727760393384,0.356727760393384,0.356727760393384,798,1000
0.1%,0.001,14,Rare OTUs,D0,Persistent (1.00),0.34152883325882877,0.34152883325882877,0.34152883325882877,0.34152883325882877,764,1000
0.1%,0.001,14,Rare OTUs,D1,Lost (0),0.06034868126955744,0.06034868126955744,0.06034868126955744,0.06034868126955744,135,1000
0.1%,0.001,14,Rare OTUs,D1,Transient (0-0.25],0.2650871703173894,0.2650871703173894,0.2650871703173894,0.2650871703173894,593,1000
0.1%,0.001,14,Rare OTUs,D1,Intermediate (0.25-0.50],0.25033527045149756,0.25033527045149756,0.25033527045149756,0.25033527045149756,560,1000
0.1%,0.001,14,Rare OTUs,D1,High (0.50-<1.00),0.3021904336164506,0.3021904336164506,0.3021904336164506,0.3021904336164506,676,1000
0.1%,0.001,14,Rare OTUs,D1,Persistent (1.00),0.12203844434510505,0.12203844434510505,0.12203844434510505,0.12203844434510505,273,1000
0.1%,0.001,14,Rare OTUs,D3,Lost (0),0.7449950827000447,0.7443004023245418,0.7326665176575772,0.7621814930710773,1665,1000
0.1%,0.001,14,Rare OTUs,D3,Transient (0-0.25],0.13741037103263298,0.13768439874832364,0.12828565042467588,0.14573088958426464,308,1000
0.1%,0.001,14,Rare OTUs,D3,Intermediate (0.25-0.50],0.052526598122485474,0.05274921770227984,0.04604380867232901,0.059007599463567276,118,1000
0.1%,0.001,14,Rare OTUs,D3,High (0.50-<1.00),0.03661332141260617,0.03620920876173447,0.03218596334376397,0.041573535985695124,81,1000
0.1%,0.001,14,Rare OTUs,D3,Persistent (1.00),0.028454626732230665,0.028609745194456863,0.02637460885113992,0.030844881537773806,64,1000
0.1%,0.001,14,Rare OTUs,D5,Lost (0),0.857221725525257,0.8569512740277156,0.8502458649977649,0.8658918194009835,1917,1000
0.1%,0.001,14,Rare OTUs,D5,Transient (0-0.25],0.07584175234689317,0.07644166294143943,0.06750111756817166,0.08225301743406348,171,1000
0.1%,0.001,14,Rare OTUs,D5,Intermediate (0.25-0.50],0.026560125167635226,0.02682163611980331,0.0232454179704962,0.029503799731783638,60,1000
0.1%,0.001,14,Rare OTUs,D5,High (0.50-<1.00),0.028392489941886454,0.028609745194456863,0.02592758158247653,0.030397854269110416,64,1000
0.1%,0.001,14,Rare OTUs,D5,Persistent (1.00),0.011983907018328119,0.012069736253911488,0.010281627179257935,0.014304872597228431,27,1000
0.1%,0.001,14,Rare OTUs,D6,Lost (0),0.8596517657577112,0.8591864103710326,0.8475525257040679,0.8739383102369245,1922,1000
0.1%,0.001,14,Rare OTUs,D6,Transient (0-0.25],0.08433527045149754,0.08448815377738042,0.07241841752346893,0.09566383549396514,189,1000
0.1%,0.001,14,Rare OTUs,D6,Intermediate (0.25-0.50],0.02876754582029504,0.028609745194456863,0.023692445239159587,0.033974072418417524,64,1000
0.1%,0.001,14,Rare OTUs,D6,High (0.50-<1.00),0.021961555654894948,0.021904336164506034,0.017881090746535537,0.02592758158247653,49,1000
0.1%,0.001,14,Rare OTUs,D6,Persistent (1.00),0.005283862315601252,0.005364327223960662,0.003576218149307108,0.007152436298614216,12,1000
0.1%,0.001,14,Rare OTUs,D7,Lost (0),0.8702038444345105,0.8703620920876174,0.843540455967814,0.8971949038891373,1947,1000
0.1%,0.001,14,Rare OTUs,D7,Transient (0-0.25],0.10392132320071525,0.10371032632990612,0.07687751452838623,0.1305543138131426,232,1000
0.1%,0.001,14,Rare OTUs,D7,Intermediate (0.25-0.50],0.013827000447027268,0.013857845328565042,0.009834599910594547,0.018775145283862316,31,1000
0.1%,0.001,14,Rare OTUs,D7,High (0.50-<1.00),0.011459544032185964,0.0116227089852481,0.008482342422887796,0.014304872597228431,26,1000
0.1%,0.001,14,Rare OTUs,D7,Persistent (1.00),5.882878855610192e-4,4.470272686633885e-4,0,0.0013410818059901655,1,1000
1%,0.01,8,Abundant OTUs,D0,Lost (0),0,0,0,0,0,1000
1%,0.01,8,Abundant OTUs,D0,Transient (0-0.25],0,0,0,0,0,1000
1%,0.01,8,Abundant OTUs,D0,Intermediate (0.25-0.50],0,0,0,0,0,1000
1%,0.01,8,Abundant OTUs,D0,High (0.50-<1.00),0,0,0,0,0,1000
1%,0.01,8,Abundant OTUs,D0,Persistent (1.00),1,1,1,1,13,1000
1%,0.01,8,Abundant OTUs,D1,Lost (0),0,0,0,0,0,1000
1%,0.01,8,Abundant OTUs,D1,Transient (0-0.25],0,0,0,0,0,1000
1%,0.01,8,Abundant OTUs,D1,Intermediate (0.25-0.50],0,0,0,0,0,1000
1%,0.01,8,Abundant OTUs,D1,High (0.50-<1.00),0,0,0,0,0,1000
1%,0.01,8,Abundant OTUs,D1,Persistent (1.00),1,1,1,1,13,1000
1%,0.01,8,Abundant OTUs,D3,Lost (0),0.17886813186813186,0.15384615384615385,0.14285714285714285,0.23076923076923078,2,1000
1%,0.01,8,Abundant OTUs,D3,Transient (0-0.25],0.11502197802197803,0.14285714285714285,0,0.23076923076923078,2,1000
1%,0.01,8,Abundant OTUs,D3,Intermediate (0.25-0.50],0.11887362637362638,0.14285714285714285,0,0.23076923076923078,2,1000
1%,0.01,8,Abundant OTUs,D3,High (0.50-<1.00),0.19146153846153846,0.21428571428571427,0.07692307692307693,0.3076923076923077,3,1000
1%,0.01,8,Abundant OTUs,D3,Persistent (1.00),0.3957747252747253,0.38461538461538464,0.35714285714285715,0.5,5,1000
1%,0.01,8,Abundant OTUs,D5,Lost (0),0.3805989010989011,0.38461538461538464,0.21428571428571427,0.5392857142857135,5,1000
1%,0.01,8,Abundant OTUs,D5,Transient (0-0.25],0.23826373626373626,0.23076923076923078,0.07142857142857142,0.38461538461538464,3,1000
1%,0.01,8,Abundant OTUs,D5,Intermediate (0.25-0.50],0.038972527472527475,0,0,0.14285714285714285,0,1000
1%,0.01,8,Abundant OTUs,D5,High (0.50-<1.00),0.044054945054945054,0.07142857142857142,0,0.07692307692307693,1,1000
1%,0.01,8,Abundant OTUs,D5,Persistent (1.00),0.2981098901098901,0.3076923076923077,0.2857142857142857,0.3076923076923077,4,1000
1%,0.01,8,Abundant OTUs,D6,Lost (0),0.4604615384615385,0.46153846153846156,0.35714285714285715,0.5714285714285714,6,1000
1%,0.01,8,Abundant OTUs,D6,Transient (0-0.25],0.1777032967032967,0.15384615384615385,0,0.3578296703296697,2,1000
1%,0.01,8,Abundant OTUs,D6,Intermediate (0.25-0.50],0.12018131868131868,0.14285714285714285,0,0.23076923076923078,2,1000
1%,0.01,8,Abundant OTUs,D6,High (0.50-<1.00),0.06396153846153846,0.07142857142857142,0,0.21428571428571427,1,1000
1%,0.01,8,Abundant OTUs,D6,Persistent (1.00),0.1776923076923077,0.21428571428571427,0.07142857142857142,0.23076923076923078,3,1000
1%,0.01,8,Abundant OTUs,D7,Lost (0),0.5947912087912088,0.6153846153846154,0.42857142857142855,0.7142857142857143,8,1000
1%,0.01,8,Abundant OTUs,D7,Transient (0-0.25],0.16273626373626374,0.15384615384615385,0,0.3076923076923077,2,1000
1%,0.01,8,Abundant OTUs,D7,Intermediate (0.25-0.50],0.023324175824175824,0,0,0.14285714285714285,0,1000
1%,0.01,8,Abundant OTUs,D7,High (0.50-<1.00),0.081010989010989,0.07692307692307693,0,0.15384615384615385,1,1000
1%,0.01,8,Abundant OTUs,D7,Persistent (1.00),0.13813736263736265,0.14285714285714285,0.07142857142857142,0.23076923076923078,2,1000
1%,0.01,8,Rare OTUs,D0,Lost (0),0,0,0,0,0,1000
1%,0.01,8,Rare OTUs,D0,Transient (0-0.25],0.14508515289266466,0.14754098360655737,0.0883738918154953,0.17243204137623483,342,1000
1%,0.01,8,Rare OTUs,D0,Intermediate (0.25-0.50],0.1650784755375017,0.15925766076823478,0.12455887215789055,0.20437769525463256,369,1000
1%,0.01,8,Rare OTUs,D0,High (0.50-<1.00),0.2659011540843051,0.26636325460402516,0.2435186938760268,0.2894062816849479,615,1000
1%,0.01,8,Rare OTUs,D0,Persistent (1.00),0.42393521748552854,0.4213945430922477,0.4120950323974082,0.47340847023682525,973.5,1000
1%,0.01,8,Rare OTUs,D1,Lost (0),0.11108239373904236,0.11123106040462313,0.10038905509381392,0.12267818574514039,256,1000
1%,0.01,8,Rare OTUs,D1,Transient (0-0.25],0.26263374547388724,0.2621528144073544,0.2496683224369943,0.2778281209730735,604,1000
1%,0.01,8,Rare OTUs,D1,Intermediate (0.25-0.50],0.19493763883470439,0.19524838012958964,0.17758989037120324,0.21130086764219785,450.5,1000
1%,0.01,8,Rare OTUs,D1,High (0.50-<1.00),0.24321933452542188,0.24342388471624882,0.2253452541047635,0.26075714996633587,561,1000
1%,0.01,8,Rare OTUs,D1,Persistent (1.00),0.18812688742694417,0.18028534370946822,0.17026793431287812,0.21465596372979817,416,1000
1%,0.01,8,Rare OTUs,D3,Lost (0),0.7781283469182458,0.7772248241364311,0.757399522849278,0.8037859900676023,1792,1000
1%,0.01,8,Rare OTUs,D3,Transient (0-0.25],0.11039338021872341,0.11142529650259558,0.09661769246507475,0.1210526884656518,257,1000
1%,0.01,8,Rare OTUs,D3,Intermediate (0.25-0.50],0.038860475345837954,0.03886236622395185,0.030661410424879545,0.047991702237733254,89,1000
1%,0.01,8,Rare OTUs,D3,High (0.50-<1.00),0.03373502743152051,0.0335512046271291,0.02676971616589252,0.04229698602963727,77,1000
1%,0.01,8,Rare OTUs,D3,Persistent (1.00),0.03888277008567229,0.03884333189469141,0.035056967572304996,0.042820069204152246,89,1000
1%,0.01,8,Rare OTUs,D5,Lost (0),0.875963333263156,0.8757549611734253,0.8650848185953036,0.888649115235218,2020.5,1000
1%,0.01,8,Rare OTUs,D5,Transient (0-0.25],0.059479057202437374,0.059552217032865284,0.05034583138911277,0.06826918820572456,137,1000
1%,0.01,8,Rare OTUs,D5,Intermediate (0.25-0.50],0.020050216331102197,0.019943638483276696,0.014905416644343193,0.025078654888716856,46,1000
1%,0.01,8,Rare OTUs,D5,High (0.50-<1.00),0.02575956769381401,0.025824619375647014,0.022425689126761576,0.029348324828473656,59,1000
1%,0.01,8,Rare OTUs,D5,Persistent (1.00),0.018747825509490456,0.018703784254023487,0.015719326328436752,0.02200172562553926,43,1000
1%,0.01,8,Rare OTUs,D6,Lost (0),0.8821303647868777,0.8822121273718391,0.8677276899822185,0.896898158803657,2034,1000
1%,0.01,8,Rare OTUs,D6,Transient (0-0.25],0.06471030150963374,0.06473888649115235,0.05185490120108485,0.07719453467505623,149,1000
1%,0.01,8,Rare OTUs,D6,Intermediate (0.25-0.50],0.023068032200337395,0.022923875432525952,0.01742065637270267,0.029008750395945512,53,1000
1%,0.01,8,Rare OTUs,D6,High (0.50-<1.00),0.020784081171081936,0.020752269779507133,0.016023733105450164,0.025228634616556715,48,1000
1%,0.01,8,Rare OTUs,D6,Persistent (1.00),0.009307220332069278,0.009184544080750236,0.006044839785232378,0.012686470172823488,21,1000
1%,0.01,8,Rare OTUs,D7,Lost (0),0.9012445116278056,0.9020719334277862,0.8735433750539491,0.9256733927849187,2078.5,1000
1%,0.01,8,Rare OTUs,D7,Transient (0-0.25],0.07231082268041661,0.07186544751074155,0.04792563104961652,0.10000323694432456,165,1000
1%,0.01,8,Rare OTUs,D7,Intermediate (0.25-0.50],0.012621471701189546,0.012562270461527606,0.008267700013383754,0.017248814144027597,29,1000
1%,0.01,8,Rare OTUs,D7,High (0.50-<1.00),0.011298851838021328,0.011252976073400133,0.007355725863165501,0.01574837624281203,26,1000
1%,0.01,8,Rare OTUs,D7,Persistent (1.00),0.002524342152566904,0.0021891418563922942,0.0012919896640826874,0.0050467236825183824,5,1000
1%,0.01,10,Abundant OTUs,D0,Lost (0),0,0,0,0,0,1000
1%,0.01,10,Abundant OTUs,D0,Transient (0-0.25],0,0,0,0,0,1000
1%,0.01,10,Abundant OTUs,D0,Intermediate (0.25-0.50],0,0,0,0,0,1000
1%,0.01,10,Abundant OTUs,D0,High (0.50-<1.00),0,0,0,0,0,1000
1%,0.01,10,Abundant OTUs,D0,Persistent (1.00),1,1,1,1,13,1000
1%,0.01,10,Abundant OTUs,D1,Lost (0),0,0,0,0,0,1000
1%,0.01,10,Abundant OTUs,D1,Transient (0-0.25],0,0,0,0,0,1000
1%,0.01,10,Abundant OTUs,D1,Intermediate (0.25-0.50],0,0,0,0,0,1000
1%,0.01,10,Abundant OTUs,D1,High (0.50-<1.00),0,0,0,0,0,1000
1%,0.01,10,Abundant OTUs,D1,Persistent (1.00),1,1,1,1,13,1000
1%,0.01,10,Abundant OTUs,D3,Lost (0),0.16791758241758242,0.15384615384615385,0.14285714285714285,0.23076923076923078,2,1000
1%,0.01,10,Abundant OTUs,D3,Transient (0-0.25],0.09974175824175824,0.07692307692307693,0,0.15384615384615385,1,1000
1%,0.01,10,Abundant OTUs,D3,Intermediate (0.25-0.50],0.1426978021978022,0.15384615384615385,0,0.23076923076923078,2,1000
1%,0.01,10,Abundant OTUs,D3,High (0.50-<1.00),0.20358791208791208,0.21428571428571427,0.07692307692307693,0.3076923076923077,3,1000
1%,0.01,10,Abundant OTUs,D3,Persistent (1.00),0.3860549450549451,0.38461538461538464,0.35714285714285715,0.46153846153846156,5,1000
1%,0.01,10,Abundant OTUs,D5,Lost (0),0.34645604395604396,0.35714285714285715,0.21428571428571427,0.5384615384615384,5,1000
1%,0.01,10,Abundant OTUs,D5,Transient (0-0.25],0.26197252747252747,0.2857142857142857,0.07692307692307693,0.42857142857142855,4,1000
1%,0.01,10,Abundant OTUs,D5,Intermediate (0.25-0.50],0.04162087912087912,0,0,0.14285714285714285,0,1000
1%,0.01,10,Abundant OTUs,D5,High (0.50-<1.00),0.050324175824175824,0.07142857142857142,0,0.07692307692307693,1,1000
1%,0.01,10,Abundant OTUs,D5,Persistent (1.00),0.2996263736263736,0.3076923076923077,0.2857142857142857,0.3076923076923077,4,1000
1%,0.01,10,Abundant OTUs,D6,Lost (0),0.444543956043956,0.46153846153846156,0.3076923076923077,0.5384615384615384,6,1000
1%,0.01,10,Abundant OTUs,D6,Transient (0-0.25],0.14706593406593407,0.15384615384615385,0,0.35714285714285715,2,1000
1%,0.01,10,Abundant OTUs,D6,Intermediate (0.25-0.50],0.16936263736263737,0.15384615384615385,0,0.2857142857142857,2,1000
1%,0.01,10,Abundant OTUs,D6,High (0.50-<1.00),0.06748901098901099,0.07142857142857142,0,0.21428571428571427,1,1000
1%,0.01,10,Abundant OTUs,D6,Persistent (1.00),0.17153846153846153,0.21428571428571427,0.07142857142857142,0.23076923076923078,3,1000
1%,0.01,10,Abundant OTUs,D7,Lost (0),0.5673076923076923,0.5714285714285714,0.42857142857142855,0.6923076923076923,8,1000
1%,0.01,10,Abundant OTUs,D7,Transient (0-0.25],0.183989010989011,0.15384615384615385,0.07142857142857142,0.3076923076923077,2,1000
1%,0.01,10,Abundant OTUs,D7,Intermediate (0.25-0.50],0.026785714285714284,0,0,0.14285714285714285,0,1000
1%,0.01,10,Abundant OTUs,D7,High (0.50-<1.00),0.08845054945054945,0.07692307692307693,0,0.15384615384615385,1,1000
1%,0.01,10,Abundant OTUs,D7,Persistent (1.00),0.13346703296703297,0.14285714285714285,0.07142857142857142,0.21428571428571427,2,1000
1%,0.01,10,Rare OTUs,D0,Lost (0),0,0,0,0,0,1000
1%,0.01,10,Rare OTUs,D0,Transient (0-0.25],0.10044685466764249,0.09745579991375593,0.08519701848870134,0.12269694360740421,226,1000
1%,0.01,10,Rare OTUs,D0,Intermediate (0.25-0.50],0.20522228030524506,0.20421324161650903,0.1875268817204301,0.22899707723136492,474,1000
1%,0.01,10,Rare OTUs,D0,High (0.50-<1.00),0.29448858579028014,0.29583512237011594,0.27442466348241423,0.30898484222560607,688,1000
1%,0.01,10,Rare OTUs,D0,Persistent (1.00),0.3998422792368323,0.39879673399226473,0.39201185256814847,0.4108761329305136,928,1000
1%,0.01,10,Rare OTUs,D1,Lost (0),0.08644914675352594,0.08613264427217916,0.07795004306632214,0.09528051598425459,200,1000
1%,0.01,10,Rare OTUs,D1,Transient (0-0.25],0.22569522818592727,0.22561237645036528,0.21600688468158347,0.23598303598764228,524,1000
1%,0.01,10,Rare OTUs,D1,Intermediate (0.25-0.50],0.25056772808524624,0.2513990529487731,0.23314654865949205,0.2641595046599008,584,1000
1%,0.01,10,Rare OTUs,D1,High (0.50-<1.00),0.2643242939512022,0.2649020435214764,0.24978539849951473,0.27730600534401634,615,1000
1%,0.01,10,Rare OTUs,D1,Persistent (1.00),0.17296360302409836,0.1673168793174881,0.16194127551790582,0.19621573554897057,389,1000
1%,0.01,10,Rare OTUs,D3,Lost (0),0.761200863641809,0.7599568965517242,0.742694830187091,0.7834121186076494,1766,1000
1%,0.01,10,Rare OTUs,D3,Transient (0-0.25],0.11261175402149236,0.11337771620048426,0.10016766981943251,0.12193179439753418,263,1000
1%,0.01,10,Rare OTUs,D3,Intermediate (0.25-0.50],0.052936427483890346,0.0528804815133276,0.0442245147487271,0.061830439722022894,123,1000
1%,0.01,10,Rare OTUs,D3,High (0.50-<1.00),0.03645861406864486,0.03614457831325301,0.02991774929903318,0.04390968460126457,84,1000
1%,0.01,10,Rare OTUs,D3,Persistent (1.00),0.03679234078416346,0.036653730056058646,0.03359136975376001,0.0400176423670205,85,1000
1%,0.01,10,Rare OTUs,D5,Lost (0),0.8665643565649844,0.8662940670679278,0.8561613687139166,0.8780068728522337,2013,1000
1%,0.01,10,Rare OTUs,D5,Transient (0-0.25],0.06133401016799798,0.061478933791917455,0.05226275822202727,0.06924731182795699,143,1000
1%,0.01,10,Rare OTUs,D5,Intermediate (0.25-0.50],0.027130185066223816,0.027137627793419702,0.021926053310404127,0.031855359448988374,63,1000
1%,0.01,10,Rare OTUs,D5,High (0.50-<1.00),0.028105004140364577,0.028017241379310345,0.02495697074010327,0.03103582276219403,65,1000
1%,0.01,10,Rare OTUs,D5,Persistent (1.00),0.016866444060429208,0.016777802454055857,0.01460465422529912,0.019759662456417047,39,1000
1%,0.01,10,Rare OTUs,D6,Lost (0),0.871228155668685,0.8710996658417676,0.8579308431435765,0.8857919369151804,2024,1000
1%,0.01,10,Rare OTUs,D6,Transient (0-0.25],0.06722060209694794,0.06714009349000455,0.055553763440860215,0.08034595754041439,156,1000
1%,0.01,10,Rare OTUs,D6,Intermediate (0.25-0.50],0.030714864637393504,0.030629853321829163,0.02491382191374556,0.03692690983291535,71,1000
1%,0.01,10,Rare OTUs,D6,High (0.50-<1.00),0.02247836561518269,0.02239448751076658,0.018079874383457206,0.026345002478422162,52,1000
1%,0.01,10,Rare OTUs,D6,Persistent (1.00),0.008358011981790925,0.00819672131147541,0.005579399141630901,0.01120206807410599,19,1000
1%,0.01,10,Rare OTUs,D7,Lost (0),0.8887951262127274,0.8889606146126847,0.8614335300738037,0.914922647185217,2065,1000
1%,0.01,10,Rare OTUs,D7,Transient (0-0.25],0.07999212783425264,0.07998283267516626,0.05371665562786769,0.10691513535266459,185,1000
1%,0.01,10,Rare OTUs,D7,Intermediate (0.25-0.50],0.0172127322536853,0.017196904557179708,0.012478217130899225,0.021916866416558985,40,1000
1%,0.01,10,Rare OTUs,D7,High (0.50-<1.00),0.011917089596723303,0.01196111365602891,0.008193010217191255,0.015907307759872043,27.5,1000
1%,0.01,10,Rare OTUs,D7,Persistent (1.00),0.002082924102611428,0.0017278617710583153,8.598452278589854e-4,0.0038826993564839243,4,1000
1%,0.01,12,Abundant OTUs,D0,Lost (0),0,0,0,0,0,1000
1%,0.01,12,Abundant OTUs,D0,Transient (0-0.25],0,0,0,0,0,1000
1%,0.01,12,Abundant OTUs,D0,Intermediate (0.25-0.50],0,0,0,0,0,1000
1%,0.01,12,Abundant OTUs,D0,High (0.50-<1.00),0,0,0,0,0,1000
1%,0.01,12,Abundant OTUs,D0,Persistent (1.00),1,1,1,1,13,1000
1%,0.01,12,Abundant OTUs,D1,Lost (0),0,0,0,0,0,1000
1%,0.01,12,Abundant OTUs,D1,Transient (0-0.25],0,0,0,0,0,1000
1%,0.01,12,Abundant OTUs,D1,Intermediate (0.25-0.50],0,0,0,0,0,1000
1%,0.01,12,Abundant OTUs,D1,High (0.50-<1.00),0,0,0,0,0,1000
1%,0.01,12,Abundant OTUs,D1,Persistent (1.00),1,1,1,1,13,1000
1%,0.01,12,Abundant OTUs,D3,Lost (0),0.15932417582417582,0.15384615384615385,0.14285714285714285,0.23076923076923078,2,1000
1%,0.01,12,Abundant OTUs,D3,Transient (0-0.25],0.12142857142857143,0.14285714285714285,0,0.21428571428571427,2,1000
1%,0.01,12,Abundant OTUs,D3,Intermediate (0.25-0.50],0.13227472527472528,0.14285714285714285,0,0.23076923076923078,2,1000
1%,0.01,12,Abundant OTUs,D3,High (0.50-<1.00),0.20978021978021977,0.21428571428571427,0.15357142857142858,0.3076923076923077,3,1000
1%,0.01,12,Abundant OTUs,D3,Persistent (1.00),0.3771923076923077,0.38461538461538464,0.35714285714285715,0.46153846153846156,5,1000
1%,0.01,12,Abundant OTUs,D5,Lost (0),0.3102802197802198,0.3076923076923077,0.21428571428571427,0.46153846153846156,4,1000
1%,0.01,12,Abundant OTUs,D5,Transient (0-0.25],0.31281868131868135,0.3076923076923077,0.15384615384615385,0.42857142857142855,4,1000
1%,0.01,12,Abundant OTUs,D5,Intermediate (0.25-0.50],0.023637362637362637,0,0,0.07692307692307693,0,1000
1%,0.01,12,Abundant OTUs,D5,High (0.50-<1.00),0.05442857142857143,0.07142857142857142,0,0.07692307692307693,1,1000
1%,0.01,12,Abundant OTUs,D5,Persistent (1.00),0.2988351648351648,0.3076923076923077,0.2857142857142857,0.3076923076923077,4,1000
1%,0.01,12,Abundant OTUs,D6,Lost (0),0.42753296703296706,0.42857142857142855,0.3076923076923077,0.5384615384615384,6,1000
1%,0.01,12,Abundant OTUs,D6,Transient (0-0.25],0.19095054945054946,0.15384615384615385,0,0.38461538461538464,2,1000
1%,0.01,12,Abundant OTUs,D6,Intermediate (0.25-0.50],0.1473131868131868,0.15384615384615385,0,0.2857142857142857,2,1000
1%,0.01,12,Abundant OTUs,D6,High (0.50-<1.00),0.0726978021978022,0.07142857142857142,0,0.21428571428571427,1,1000
1%,0.01,12,Abundant OTUs,D6,Persistent (1.00),0.1615054945054945,0.15384615384615385,0.07142857142857142,0.23076923076923078,2,1000
1%,0.01,12,Abundant OTUs,D7,Lost (0),0.5412197802197802,0.5384615384615384,0.38461538461538464,0.6923076923076923,7,1000
1%,0.01,12,Abundant OTUs,D7,Transient (0-0.25],0.21572527472527472,0.23076923076923078,0.07142857142857142,0.38461538461538464,3,1000
1%,0.01,12,Abundant OTUs,D7,Intermediate (0.25-0.50],0.02014835164835165,0,0,0.07692307692307693,0,1000
1%,0.01,12,Abundant OTUs,D7,High (0.50-<1.00),0.0955934065934066,0.07692307692307693,0,0.15384615384615385,1,1000
1%,0.01,12,Abundant OTUs,D7,Persistent (1.00),0.12731318681318682,0.14285714285714285,0.07142857142857142,0.15384615384615385,2,1000
1%,0.01,12,Rare OTUs,D0,Lost (0),0,0,0,0,0,1000
1%,0.01,12,Rare OTUs,D0,Transient (0-0.25],0.13882546744224492,0.13917525773195877,0.1243010752688172,0.15359122752990675,324,1000
1%,0.01,12,Rare OTUs,D0,Intermediate (0.25-0.50],0.15852731172741874,0.1569468267581475,0.1494203520824388,0.18013757523645743,366,1000
1%,0.01,12,Rare OTUs,D0,High (0.50-<1.00),0.32010171110956614,0.32060085836909874,0.3098712446351931,0.3278969957081545,747,1000
1%,0.01,12,Rare OTUs,D0,Persistent (1.00),0.38254550972077017,0.38192355058035776,0.37821612349914235,0.3876500857632933,890,1000
1%,0.01,12,Rare OTUs,D1,Lost (0),0.06989941681764121,0.06983718937446444,0.0644309165572052,0.07547250754797925,163,1000
1%,0.01,12,Rare OTUs,D1,Transient (0-0.25],0.2840637330141828,0.28378380865425723,0.27553461787451283,0.2931343395469739,662,1000
1%,0.01,12,Rare OTUs,D1,Intermediate (0.25-0.50],0.2047453073283964,0.2055412042999642,0.19270179590995043,0.21345906558079725,479,1000
1%,0.01,12,Rare OTUs,D1,High (0.50-<1.00),0.2786608989633513,0.2800171526586621,0.2678082865207329,0.2874317624638961,652,1000
1%,0.01,12,Rare OTUs,D1,Persistent (1.00),0.1626306438764283,0.1595197255574614,0.15687955422203173,0.18088492242336998,372,1000
1%,0.01,12,Rare OTUs,D3,Lost (0),0.7467970225265722,0.7465092028345041,0.7318747318747318,0.7658662092624356,1739,1000
1%,0.01,12,Rare OTUs,D3,Transient (0-0.25],0.1376948257570756,0.13813813813813813,0.1260120483594312,0.14678111587982834,322,1000
1%,0.01,12,Rare OTUs,D3,Intermediate (0.25-0.50],0.0423269927116709,0.04228349503828399,0.036020197200433195,0.048906573649062916,98.5,1000
1%,0.01,12,Rare OTUs,D3,High (0.50-<1.00),0.03812075984948139,0.03776824034334764,0.032631330956792534,0.04418846773872547,88,1000
1%,0.01,12,Rare OTUs,D3,Persistent (1.00),0.03506039915519995,0.035147878268324044,0.032590051457975985,0.03778648914495004,82,1000
1%,0.01,12,Rare OTUs,D5,Lost (0),0.8583467539064022,0.858000858000858,0.8496111714957207,0.8694158075601375,2000,1000
1%,0.01,12,Rare OTUs,D5,Transient (0-0.25],0.07522465460218795,0.07553648068669527,0.06617820965192339,0.08283261802575108,176,1000
1%,0.01,12,Rare OTUs,D5,Intermediate (0.25-0.50],0.020911823521688255,0.021012006861063463,0.016759237058527346,0.024860960901790186,49,1000
1%,0.01,12,Rare OTUs,D5,High (0.50-<1.00),0.02999056393018255,0.030017152658662092,0.027420736932305057,0.03263273207551209,70,1000
1%,0.01,12,Rare OTUs,D5,Persistent (1.00),0.015526204039539013,0.015450643776824034,0.013298870728116011,0.018033684427191,36,1000
1%,0.01,12,Rare OTUs,D6,Lost (0),0.8630908345135427,0.8628963153384748,0.8504501241597962,0.8769338065486743,2011,1000
1%,0.01,12,Rare OTUs,D6,Transient (0-0.25],0.08144626317163038,0.08158007728638901,0.06906906906906907,0.09309409194602328,190,1000
1%,0.01,12,Rare OTUs,D6,Intermediate (0.25-0.50],0.024494542884797122,0.02444253859348199,0.01931289062787565,0.03000428632661809,57,1000
1%,0.01,12,Rare OTUs,D6,High (0.50-<1.00),0.02342920839356308,0.02358490566037736,0.019280205655526992,0.02703862660944206,55,1000
1%,0.01,12,Rare OTUs,D6,Persistent (1.00),0.007539151036466665,0.007715387912558937,0.004725085910652921,0.010291595197255575,18,1000
1%,0.01,12,Rare OTUs,D7,Lost (0),0.8760682600589632,0.8763948497854077,0.8497059200814494,0.9023138735625572,2042,1000
1%,0.01,12,Rare OTUs,D7,Transient (0-0.25],0.09672731846971093,0.09648370497427101,0.06998636800041279,0.12319343750517393,225,1000
1%,0.01,12,Rare OTUs,D7,Intermediate (0.25-0.50],0.012976191971747167,0.012881064834693002,0.009433962264150943,0.01672402155892722,30,1000
1%,0.01,12,Rare OTUs,D7,High (0.50-<1.00),0.012502084626453622,0.012441012441012441,0.009005145797598629,0.01587999878376212,29,1000
1%,0.01,12,Rare OTUs,D7,Persistent (1.00),0.001726144873125119,0.0017152658662092624,8.576329331046312e-4,0.0030094582975064487,4,1000
1%,0.01,14,Abundant OTUs,D0,Lost (0),0,0,0,0,0,1000
1%,0.01,14,Abundant OTUs,D0,Transient (0-0.25],0,0,0,0,0,1000
1%,0.01,14,Abundant OTUs,D0,Intermediate (0.25-0.50],0,0,0,0,0,1000
1%,0.01,14,Abundant OTUs,D0,High (0.50-<1.00),0,0,0,0,0,1000
1%,0.01,14,Abundant OTUs,D0,Persistent (1.00),1,1,1,1,13,1000
1%,0.01,14,Abundant OTUs,D1,Lost (0),0,0,0,0,0,1000
1%,0.01,14,Abundant OTUs,D1,Transient (0-0.25],0,0,0,0,0,1000
1%,0.01,14,Abundant OTUs,D1,Intermediate (0.25-0.50],0,0,0,0,0,1000
1%,0.01,14,Abundant OTUs,D1,High (0.50-<1.00),0,0,0,0,0,1000
1%,0.01,14,Abundant OTUs,D1,Persistent (1.00),1,1,1,1,13,1000
1%,0.01,14,Abundant OTUs,D3,Lost (0),0.15976923076923077,0.15384615384615385,0.15384615384615385,0.23076923076923078,2,1000
1%,0.01,14,Abundant OTUs,D3,Transient (0-0.25],0.10907692307692309,0.07692307692307693,0,0.15384615384615385,1,1000
1%,0.01,14,Abundant OTUs,D3,Intermediate (0.25-0.50],0.15930769230769232,0.15384615384615385,0.07692307692307693,0.23076923076923078,2,1000
1%,0.01,14,Abundant OTUs,D3,High (0.50-<1.00),0.18576923076923077,0.15384615384615385,0.15384615384615385,0.3076923076923077,2,1000
1%,0.01,14,Abundant OTUs,D3,Persistent (1.00),0.3860769230769231,0.38461538461538464,0.38461538461538464,0.38461538461538464,5,1000
1%,0.01,14,Abundant OTUs,D5,Lost (0),0.2905384615384616,0.3076923076923077,0.23076923076923078,0.46153846153846156,4,1000
1%,0.01,14,Abundant OTUs,D5,Transient (0-0.25],0.32484615384615384,0.3076923076923077,0.15384615384615385,0.38461538461538464,4,1000
1%,0.01,14,Abundant OTUs,D5,Intermediate (0.25-0.50],0.01353846153846154,0,0,0.07692307692307693,0,1000
1%,0.01,14,Abundant OTUs,D5,High (0.50-<1.00),0.06338461538461539,0.07692307692307693,0,0.07692307692307693,1,1000
1%,0.01,14,Abundant OTUs,D5,Persistent (1.00),0.3076923076923077,0.3076923076923077,0.3076923076923077,0.3076923076923077,4,1000
1%,0.01,14,Abundant OTUs,D6,Lost (0),0.42823076923076925,0.46153846153846156,0.3076923076923077,0.5384615384615384,6,1000
1%,0.01,14,Abundant OTUs,D6,Transient (0-0.25],0.16915384615384615,0.15384615384615385,0,0.38461538461538464,2,1000
1%,0.01,14,Abundant OTUs,D6,Intermediate (0.25-0.50],0.16515384615384615,0.15384615384615385,0.07692307692307693,0.23076923076923078,2,1000
1%,0.01,14,Abundant OTUs,D6,High (0.50-<1.00),0.07776923076923077,0.07692307692307693,0,0.15384615384615385,1,1000
1%,0.01,14,Abundant OTUs,D6,Persistent (1.00),0.1596923076923077,0.15384615384615385,0.07692307692307693,0.23076923076923078,2,1000
1%,0.01,14,Abundant OTUs,D7,Lost (0),0.5326153846153846,0.5384615384615384,0.38461538461538464,0.6923076923076923,7,1000
1%,0.01,14,Abundant OTUs,D7,Transient (0-0.25],0.23246153846153847,0.23076923076923078,0.07692307692307693,0.38461538461538464,3,1000
1%,0.01,14,Abundant OTUs,D7,Intermediate (0.25-0.50],0.004615384615384616,0,0,0.07692307692307693,0,1000
1%,0.01,14,Abundant OTUs,D7,High (0.50-<1.00),0.10323076923076924,0.07692307692307693,0.07692307692307693,0.15384615384615385,1,1000
1%,0.01,14,Abundant OTUs,D7,Persistent (1.00),0.1270769230769231,0.15384615384615385,0.07692307692307693,0.15384615384615385,2,1000
1%,0.01,14,Rare OTUs,D0,Lost (0),0,0,0,0,0,1000
1%,0.01,14,Rare OTUs,D0,Transient (0-0.25],0.0972579263067695,0.0972579263067695,0.0972579263067695,0.0972579263067695,227,1000
1%,0.01,14,Rare OTUs,D0,Intermediate (0.25-0.50],0.1919451585261354,0.1919451585261354,0.1919451585261354,0.1919451585261354,448,1000
1%,0.01,14,Rare OTUs,D0,High (0.50-<1.00),0.34190231362467866,0.34190231362467866,0.34190231362467866,0.34190231362467866,798,1000
1%,0.01,14,Rare OTUs,D0,Persistent (1.00),0.36889460154241643,0.36889460154241643,0.36889460154241643,0.36889460154241643,861,1000
1%,0.01,14,Rare OTUs,D1,Lost (0),0.05784061696658098,0.05784061696658098,0.05784061696658098,0.05784061696658098,135,1000
1%,0.01,14,Rare OTUs,D1,Transient (0-0.25],0.254070265638389,0.254070265638389,0.254070265638389,0.254070265638389,593,1000
1%,0.01,14,Rare OTUs,D1,Intermediate (0.25-0.50],0.2403598971722365,0.2403598971722365,0.2403598971722365,0.2403598971722365,561,1000
1%,0.01,14,Rare OTUs,D1,High (0.50-<1.00),0.2930591259640103,0.2930591259640103,0.2930591259640103,0.2930591259640103,684,1000
1%,0.01,14,Rare OTUs,D1,Persistent (1.00),0.1546700942587832,0.1546700942587832,0.1546700942587832,0.1546700942587832,361,1000
1%,0.01,14,Rare OTUs,D3,Lost (0),0.7336435304198801,0.733076263924593,0.7210689802913453,0.7497857754927164,1711,1000
1%,0.01,14,Rare OTUs,D3,Transient (0-0.25],0.1401503856041131,0.1405312767780634,0.12982005141388175,0.14867180805484148,328,1000
1%,0.01,14,Rare OTUs,D3,Intermediate (0.25-0.50],0.052825621251071125,0.05312767780634105,0.04627249357326478,0.05912596401028278,124,1000
1%,0.01,14,Rare OTUs,D3,High (0.50-<1.00),0.03965724078834619,0.03941730934018852,0.03556126820908312,0.044558697514995714,92,1000
1%,0.01,14,Rare OTUs,D3,Persistent (1.00),0.03372322193658955,0.03384747215081405,0.031705227077977724,0.03598971722365039,79,1000
1%,0.01,14,Rare OTUs,D5,Lost (0),0.8510424164524422,0.8504712939160239,0.844044558697515,0.8598971722365039,1985,1000
1%,0.01,14,Rare OTUs,D5,Transient (0-0.25],0.07702699228791773,0.07754927163667523,0.0689802913453299,0.0831191088260497,181,1000
1%,0.01,14,Rare OTUs,D5,Intermediate (0.25-0.50],0.026033419023136245,0.026135389888603255,0.022279348757497857,0.02913453299057412,61,1000
1%,0.01,14,Rare OTUs,D5,High (0.50-<1.00),0.031443444730077125,0.031276778063410456,0.02913453299057412,0.03384747215081405,73,1000
1%,0.01,14,Rare OTUs,D5,Persistent (1.00),0.014453727506426735,0.014138817480719794,0.012853470437017995,0.0162917737789203,33,1000
1%,0.01,14,Rare OTUs,D6,Lost (0),0.8556919451585261,0.8551842330762639,0.8427592116538132,0.8688946015424165,1996,1000
1%,0.01,14,Rare OTUs,D6,Transient (0-0.25],0.08299185946872323,0.0831191088260497,0.07069408740359898,0.0946872322193659,194,1000
1%,0.01,14,Rare OTUs,D6,Intermediate (0.25-0.50],0.029993144815766926,0.029991431019708654,0.024850042844901457,0.03556126820908312,70,1000
1%,0.01,14,Rare OTUs,D6,High (0.50-<1.00),0.02433847472150814,0.02442159383033419,0.02056555269922879,0.028277634961439587,57,1000
1%,0.01,14,Rare OTUs,D6,Persistent (1.00),0.006984575835475578,0.006855184233076264,0.004712939160239932,0.009425878320479864,16,1000
1%,0.01,14,Rare OTUs,D7,Lost (0),0.8663461868037704,0.8663239074550129,0.8389031705227078,0.8946122536418166,2022,1000
1%,0.01,14,Rare OTUs,D7,Transient (0-0.25],0.10319451585261354,0.10347043701799485,0.07540702656383891,0.13110539845758354,241.5,1000
1%,0.01,14,Rare OTUs,D7,Intermediate (0.25-0.50],0.01622236503856041,0.016281062553556127,0.012414310197086548,0.020137103684661525,38,1000
1%,0.01,14,Rare OTUs,D7,High (0.50-<1.00),0.01268337617823479,0.012853470437017995,0.008997429305912597,0.016281062553556127,30,1000
1%,0.01,14,Rare OTUs,D7,Persistent (1.00),0.0015535561268209084,0.0012853470437017994,8.56898029134533e-4,0.002570694087403599,3,1000
