"","taxon.name"
"1","OTU_2917"
"2","OTU_3147"
"3","OTU_306"
"4","OTU_278"
"5","OTU_286"
"6","OTU_321"
"7","OTU_281"
"8","OTU_512"
"9","OTU_513"
"10","OTU_2741"
"11","OTU_3027"
"12","OTU_2959"
"13","OTU_2925"
"14","OTU_3177"
"15","OTU_3160"
"16","OTU_2669"
"17","OTU_2819"
"18","OTU_2871"
"19","OTU_2253"
"20","OTU_2399"
"21","OTU_2389"
"22","OTU_2510"
"23","OTU_2585"
"24","OTU_2338"
"25","OTU_2387"
"26","OTU_2385"
"27","OTU_2511"
"28","OTU_2379"
"29","OTU_2171"
"30","OTU_2826"
"31","OTU_2375"
"32","OTU_1924"
"33","OTU_2502"
"34","OTU_2513"
"35","OTU_2749"
"36","OTU_2856"
"37","OTU_2647"
"38","OTU_2868"
"39","OTU_731"
"40","OTU_2636"
"41","OTU_2702"
"42","OTU_2714"
"43","OTU_2735"
"44","OTU_2779"
"45","OTU_2657"
"46","OTU_2865"
"47","OTU_2400"
"48","OTU_2762"
"49","OTU_2555"
"50","OTU_2113"
"51","OTU_2646"
"52","OTU_2497"
"53","OTU_2615"
"54","OTU_2767"
"55","OTU_2723"
"56","OTU_2720"
"57","OTU_2622"
"58","OTU_2634"
"59","OTU_2784"
"60","OTU_2824"
"61","OTU_2668"
"62","OTU_2381"
"63","OTU_2506"
"64","OTU_2596"
"65","OTU_2882"
"66","OTU_2515"
"67","OTU_2825"
"68","OTU_2485"
"69","OTU_2401"
"70","OTU_2336"
"71","OTU_2363"
"72","OTU_2501"
"73","OTU_2354"
"74","OTU_2528"
"75","OTU_2353"
"76","OTU_2366"
"77","OTU_2344"
"78","OTU_2261"
"79","OTU_2085"
"80","OTU_2229"
"81","OTU_2149"
"82","OTU_2258"
"83","OTU_2109"
"84","OTU_2268"
"85","OTU_2843"
"86","OTU_2652"
"87","OTU_2823"
"88","OTU_2818"
"89","OTU_2719"
"90","OTU_2653"
"91","OTU_2737"
"92","OTU_2774"
"93","OTU_2732"
"94","OTU_2604"
"95","OTU_2814"
"96","OTU_2699"
"97","OTU_2605"
"98","OTU_2847"
"99","OTU_2822"
"100","OTU_2813"
"101","OTU_2686"
"102","OTU_2654"
"103","OTU_2649"
"104","OTU_2764"
"105","OTU_3040"
"106","OTU_3164"
"107","OTU_2910"
"108","OTU_3097"
"109","OTU_2915"
"110","OTU_2924"
"111","OTU_3090"
"112","OTU_2954"
"113","OTU_3047"
"114","OTU_2904"
"115","OTU_3128"
"116","OTU_2768"
"117","OTU_2736"
"118","OTU_2830"
"119","OTU_3144"
"120","OTU_2667"
"121","OTU_2769"
"122","OTU_2783"
"123","OTU_2930"
"124","OTU_3187"
"125","OTU_2943"
"126","OTU_2698"
"127","OTU_2713"
"128","OTU_2997"
"129","OTU_3055"
"130","OTU_2633"
"131","OTU_2625"
"132","OTU_2743"
"133","OTU_2807"
"134","OTU_2788"
"135","OTU_2834"
"136","OTU_2820"
"137","OTU_2614"
"138","OTU_2635"
"139","OTU_2701"
"140","OTU_2071"
"141","OTU_2070"
"142","OTU_3134"
"143","OTU_2612"
"144","OTU_2858"
"145","OTU_2700"
"146","OTU_2722"
"147","OTU_2832"
"148","OTU_2817"
"149","OTU_2665"
"150","OTU_2809"
"151","OTU_2672"
"152","OTU_2838"
"153","OTU_2613"
"154","OTU_2692"
"155","OTU_2685"
"156","OTU_2827"
"157","OTU_2833"
"158","OTU_2697"
"159","OTU_2771"
"160","OTU_2765"
"161","OTU_2873"
"162","OTU_2610"
"163","OTU_2683"
"164","OTU_2786"
"165","OTU_2842"
"166","OTU_2849"
"167","OTU_2673"
"168","OTU_2816"
"169","OTU_2675"
"170","OTU_2806"
"171","OTU_2717"
"172","OTU_2695"
"173","OTU_2761"
"174","OTU_2711"
"175","OTU_2796"
"176","OTU_2687"
"177","OTU_2787"
"178","OTU_3140"
"179","OTU_2343"
"180","OTU_2721"
"181","OTU_2734"
"182","OTU_2877"
"183","OTU_2712"
"184","OTU_2740"
"185","OTU_2212"
"186","OTU_2517"
"187","OTU_2846"
"188","OTU_2412"
"189","OTU_2884"
"190","OTU_2378"
"191","OTU_2420"
"192","OTU_2804"
"193","OTU_2844"
"194","OTU_3020"
"195","OTU_2808"
"196","OTU_2805"
"197","OTU_2611"
"198","OTU_2671"
"199","OTU_2638"
"200","OTU_2674"
"201","OTU_2696"
"202","OTU_2745"
"203","OTU_2777"
"204","OTU_2840"
"205","OTU_2248"
"206","OTU_2748"
"207","OTU_2739"
"208","OTU_2694"
"209","OTU_3074"
"210","OTU_3175"
"211","OTU_925"
"212","OTU_159"
"213","OTU_1928"
"214","OTU_1929"
"215","OTU_3155"
"216","OTU_15"
"217","OTU_27"
"218","OTU_498"
"219","OTU_692"
"220","OTU_1652"
"221","OTU_1442"
"222","OTU_1614"
"223","OTU_2069"
"224","OTU_2525"
"225","OTU_2237"
"226","OTU_2566"
"227","OTU_2957"
"228","OTU_2470"
"229","OTU_3231"
"230","OTU_3139"
"231","OTU_2041"
"232","OTU_881"
"233","OTU_2831"
"234","OTU_3059"
"235","OTU_3238"
"236","OTU_680"
"237","OTU_2232"
"238","OTU_2056"
"239","OTU_2104"
"240","OTU_2559"
"241","OTU_249"
"242","OTU_193"
"243","OTU_496"
"244","OTU_154"
"245","OTU_216"
"246","OTU_2514"
"247","OTU_3088"
"248","OTU_57"
"249","OTU_297"
"250","OTU_3017"
"251","OTU_182"
"252","OTU_44"
"253","OTU_162"
"254","OTU_21"
"255","OTU_17"
"256","OTU_1932"
"257","OTU_3043"
"258","OTU_2956"
"259","OTU_2963"
"260","OTU_2"
"261","OTU_3"
"262","OTU_250"
"263","OTU_319"
"264","OTU_666"
"265","OTU_314"
"266","OTU_304"
"267","OTU_320"
"268","OTU_220"
"269","OTU_328"
"270","OTU_315"
"271","OTU_177"
"272","OTU_203"
"273","OTU_253"
"274","OTU_1954"
"275","OTU_587"
"276","OTU_789"
"277","OTU_635"
"278","OTU_640"
"279","OTU_347"
"280","OTU_139"
"281","OTU_2077"
"282","OTU_336"
"283","OTU_345"
"284","OTU_573"
"285","OTU_578"
"286","OTU_983"
"287","OTU_87"
"288","OTU_42"
"289","OTU_7"
"290","OTU_261"
"291","OTU_183"
"292","OTU_194"
"293","OTU_494"
"294","OTU_287"
"295","OTU_575"
"296","OTU_645"
"297","OTU_29"
"298","OTU_82"
"299","OTU_37"
"300","OTU_48"
"301","OTU_92"
"302","OTU_55"
"303","OTU_84"
"304","OTU_86"
"305","OTU_54"
"306","OTU_24"
"307","OTU_56"
"308","OTU_49"
"309","OTU_2886"
"310","OTU_2367"
"311","OTU_2028"
"312","OTU_3256"
"313","OTU_2356"
"314","OTU_2628"
"315","OTU_2890"
"316","OTU_2035"
"317","OTU_2152"
"318","OTU_813"
"319","OTU_841"
"320","OTU_840"
"321","OTU_843"
"322","OTU_838"
"323","OTU_825"
"324","OTU_867"
"325","OTU_807"
"326","OTU_812"
"327","OTU_842"
"328","OTU_869"
"329","OTU_831"
"330","OTU_2684"
"331","OTU_2659"
"332","OTU_2780"
"333","OTU_2772"
"334","OTU_2811"
"335","OTU_2710"
"336","OTU_1956"
"337","OTU_2770"
"338","OTU_2812"
"339","OTU_2815"
"340","OTU_2373"
"341","OTU_2489"
"342","OTU_2746"
"343","OTU_2597"
"344","OTU_2640"
"345","OTU_2629"
"346","OTU_2839"
"347","OTU_2836"
"348","OTU_2828"
"349","OTU_1997"
"350","OTU_1967"
"351","OTU_1977"
"352","OTU_1998"
"353","OTU_2005"
"354","OTU_2738"
"355","OTU_2999"
"356","OTU_2978"
"357","OTU_2803"
"358","OTU_3096"
"359","OTU_2821"
"360","OTU_1972"
"361","OTU_1975"
"362","OTU_2008"
"363","OTU_2001"
"364","OTU_1960"
"365","OTU_2007"
"366","OTU_1973"
"367","OTU_1950"
"368","OTU_2012"
"369","OTU_1993"
"370","OTU_3052"
"371","OTU_1944"
"372","OTU_1995"
"373","OTU_1978"
"374","OTU_1976"
"375","OTU_1979"
"376","OTU_1988"
"377","OTU_1974"
"378","OTU_2010"
"379","OTU_1947"
"380","OTU_2527"
"381","OTU_3075"
"382","OTU_3471"
"383","OTU_1935"
"384","OTU_1940"
"385","OTU_1942"
"386","OTU_1716"
"387","OTU_1931"
"388","OTU_1938"
"389","OTU_1847"
"390","OTU_1936"
"391","OTU_1815"
"392","OTU_1867"
"393","OTU_1918"
"394","OTU_1912"
"395","OTU_1923"
"396","OTU_1962"
"397","OTU_1937"
"398","OTU_1939"
"399","OTU_1968"
"400","OTU_1963"
"401","OTU_2000"
"402","OTU_1966"
"403","OTU_1987"
"404","OTU_1990"
"405","OTU_1992"
"406","OTU_2013"
"407","OTU_1952"
"408","OTU_1955"
"409","OTU_1934"
"410","OTU_1959"
"411","OTU_1999"
"412","OTU_1970"
"413","OTU_1994"
"414","OTU_1981"
"415","OTU_1809"
"416","OTU_1914"
"417","OTU_1984"
"418","OTU_1961"
"419","OTU_1989"
"420","OTU_2002"
"421","OTU_1969"
"422","OTU_1982"
"423","OTU_1991"
"424","OTU_1810"
"425","OTU_1986"
"426","OTU_2876"
"427","OTU_1980"
"428","OTU_2011"
"429","OTU_1953"
"430","OTU_2004"
"431","OTU_1964"
"432","OTU_2003"
"433","OTU_1985"
"434","OTU_2009"
"435","OTU_1996"
"436","OTU_1948"
"437","OTU_1951"
"438","OTU_1971"
"439","OTU_1965"
"440","OTU_2006"
"441","OTU_632"
"442","OTU_865"
"443","OTU_656"
"444","OTU_664"
"445","OTU_649"
"446","OTU_474"
"447","OTU_577"
"448","OTU_2921"
"449","OTU_3016"
"450","OTU_3138"
"451","OTU_3130"
"452","OTU_3146"
"453","OTU_2080"
"454","OTU_2923"
"455","OTU_2242"
"456","OTU_2912"
"457","OTU_2973"
"458","OTU_1958"
"459","OTU_1946"
"460","OTU_2870"
"461","OTU_3064"
"462","OTU_3421"
"463","OTU_3053"
"464","OTU_3122"
"465","OTU_2892"
"466","OTU_3458"
"467","OTU_3195"
"468","OTU_26"
"469","OTU_1945"
"470","OTU_1868"
"471","OTU_1871"
"472","OTU_1915"
"473","OTU_1913"
"474","OTU_1043"
"475","OTU_1386"
"476","OTU_1324"
"477","OTU_1169"
"478","OTU_1272"
"479","OTU_1829"
"480","OTU_1798"
"481","OTU_1808"
"482","OTU_1793"
"483","OTU_1811"
"484","OTU_1802"
"485","OTU_1827"
"486","OTU_1082"
"487","OTU_1290"
"488","OTU_1115"
"489","OTU_1504"
"490","OTU_1376"
"491","OTU_1761"
"492","OTU_1768"
"493","OTU_1764"
"494","OTU_1206"
"495","OTU_1533"
"496","OTU_1564"
"497","OTU_1410"
"498","OTU_1411"
"499","OTU_1563"
"500","OTU_1556"
"501","OTU_1171"
"502","OTU_1524"
"503","OTU_1102"
"504","OTU_1127"
"505","OTU_1273"
"506","OTU_1548"
"507","OTU_1780"
"508","OTU_968"
"509","OTU_1539"
"510","OTU_1132"
"511","OTU_1560"
"512","OTU_1409"
"513","OTU_1186"
"514","OTU_1139"
"515","OTU_1129"
"516","OTU_1279"
"517","OTU_1557"
"518","OTU_1396"
"519","OTU_1741"
"520","OTU_953"
"521","OTU_1229"
"522","OTU_1009"
"523","OTU_1077"
"524","OTU_1312"
"525","OTU_1747"
"526","OTU_1313"
"527","OTU_1098"
"528","OTU_1492"
"529","OTU_1353"
"530","OTU_1785"
"531","OTU_1769"
"532","OTU_1516"
"533","OTU_1245"
"534","OTU_1597"
"535","OTU_1433"
"536","OTU_3491"
"537","OTU_3489"
"538","OTU_1037"
"539","OTU_1368"
"540","OTU_1321"
"541","OTU_1787"
"542","OTU_1014"
"543","OTU_1238"
"544","OTU_1664"
"545","OTU_1267"
"546","OTU_1047"
"547","OTU_1160"
"548","OTU_1237"
"549","OTU_1318"
"550","OTU_1510"
"551","OTU_1013"
"552","OTU_1425"
"553","OTU_1620"
"554","OTU_1479"
"555","OTU_1165"
"556","OTU_3490"
"557","OTU_998"
"558","OTU_1363"
"559","OTU_1144"
"560","OTU_941"
"561","OTU_3494"
"562","OTU_1774"
"563","OTU_1093"
"564","OTU_1177"
"565","OTU_1782"
"566","OTU_1786"
"567","OTU_1781"
"568","OTU_1375"
"569","OTU_1507"
"570","OTU_1366"
"571","OTU_1163"
"572","OTU_1385"
"573","OTU_1508"
"574","OTU_1735"
"575","OTU_1287"
"576","OTU_1205"
"577","OTU_1413"
"578","OTU_1602"
"579","OTU_1182"
"580","OTU_1906"
"581","OTU_1858"
"582","OTU_1879"
"583","OTU_1866"
"584","OTU_1849"
"585","OTU_1878"
"586","OTU_1873"
"587","OTU_1853"
"588","OTU_1864"
"589","OTU_1822"
"590","OTU_1859"
"591","OTU_1876"
"592","OTU_1907"
"593","OTU_1905"
"594","OTU_1890"
"595","OTU_1904"
"596","OTU_1865"
"597","OTU_1887"
"598","OTU_1894"
"599","OTU_1846"
"600","OTU_1896"
"601","OTU_1875"
"602","OTU_1895"
"603","OTU_1863"
"604","OTU_1891"
"605","OTU_1861"
"606","OTU_1823"
"607","OTU_1814"
"608","OTU_1892"
"609","OTU_1881"
"610","OTU_1902"
"611","OTU_1908"
"612","OTU_1480"
"613","OTU_1877"
"614","OTU_1083"
"615","OTU_1196"
"616","OTU_1432"
"617","OTU_1462"
"618","OTU_1261"
"619","OTU_1667"
"620","OTU_977"
"621","OTU_2083"
"622","OTU_1706"
"623","OTU_1707"
"624","OTU_1618"
"625","OTU_1703"
"626","OTU_1600"
"627","OTU_1251"
"628","OTU_1398"
"629","OTU_1712"
"630","OTU_1040"
"631","OTU_1610"
"632","OTU_1649"
"633","OTU_1588"
"634","OTU_1691"
"635","OTU_1445"
"636","OTU_1611"
"637","OTU_1291"
"638","OTU_1663"
"639","OTU_1681"
"640","OTU_1633"
"641","OTU_1231"
"642","OTU_1417"
"643","OTU_1474"
"644","OTU_1416"
"645","OTU_1199"
"646","OTU_1419"
"647","OTU_1679"
"648","OTU_1191"
"649","OTU_1634"
"650","OTU_1003"
"651","OTU_1578"
"652","OTU_1252"
"653","OTU_1194"
"654","OTU_1573"
"655","OTU_1016"
"656","OTU_1726"
"657","OTU_1365"
"658","OTU_1534"
"659","OTU_1000"
"660","OTU_1589"
"661","OTU_1280"
"662","OTU_1530"
"663","OTU_1559"
"664","OTU_1612"
"665","OTU_1350"
"666","OTU_1151"
"667","OTU_1170"
"668","OTU_1569"
"669","OTU_1225"
"670","OTU_1045"
"671","OTU_1135"
"672","OTU_1010"
"673","OTU_1364"
"674","OTU_1187"
"675","OTU_1418"
"676","OTU_1423"
"677","OTU_1208"
"678","OTU_1437"
"679","OTU_1582"
"680","OTU_1275"
"681","OTU_1452"
"682","OTU_1699"
"683","OTU_1535"
"684","OTU_958"
"685","OTU_1514"
"686","OTU_1343"
"687","OTU_1647"
"688","OTU_1466"
"689","OTU_1884"
"690","OTU_1897"
"691","OTU_1639"
"692","OTU_1080"
"693","OTU_1631"
"694","OTU_1794"
"695","OTU_1807"
"696","OTU_1176"
"697","OTU_1826"
"698","OTU_1796"
"699","OTU_1850"
"700","OTU_1910"
"701","OTU_1084"
"702","OTU_1909"
"703","OTU_1792"
"704","OTU_1087"
"705","OTU_1839"
"706","OTU_1766"
"707","OTU_1215"
"708","OTU_1797"
"709","OTU_1107"
"710","OTU_1762"
"711","OTU_1844"
"712","OTU_1038"
"713","OTU_1701"
"714","OTU_1547"
"715","OTU_1627"
"716","OTU_1511"
"717","OTU_1044"
"718","OTU_1050"
"719","OTU_1015"
"720","OTU_1444"
"721","OTU_1439"
"722","OTU_1221"
"723","OTU_1180"
"724","OTU_1152"
"725","OTU_1708"
"726","OTU_1674"
"727","OTU_1700"
"728","OTU_1381"
"729","OTU_1161"
"730","OTU_1401"
"731","OTU_1162"
"732","OTU_1565"
"733","OTU_1384"
"734","OTU_1319"
"735","OTU_1496"
"736","OTU_1156"
"737","OTU_1512"
"738","OTU_1670"
"739","OTU_1586"
"740","OTU_978"
"741","OTU_1725"
"742","OTU_1767"
"743","OTU_1125"
"744","OTU_1159"
"745","OTU_1202"
"746","OTU_1719"
"747","OTU_939"
"748","OTU_1055"
"749","OTU_1369"
"750","OTU_1374"
"751","OTU_1100"
"752","OTU_1499"
"753","OTU_1008"
"754","OTU_1168"
"755","OTU_1141"
"756","OTU_1236"
"757","OTU_1463"
"758","OTU_1607"
"759","OTU_1268"
"760","OTU_1358"
"761","OTU_1424"
"762","OTU_1624"
"763","OTU_1073"
"764","OTU_1447"
"765","OTU_1756"
"766","OTU_1131"
"767","OTU_1500"
"768","OTU_1051"
"769","OTU_1157"
"770","OTU_1004"
"771","OTU_1601"
"772","OTU_1765"
"773","OTU_1870"
"774","OTU_1860"
"775","OTU_1888"
"776","OTU_1893"
"777","OTU_1351"
"778","OTU_1283"
"779","OTU_1293"
"780","OTU_1352"
"781","OTU_1336"
"782","OTU_1603"
"783","OTU_1451"
"784","OTU_1412"
"785","OTU_976"
"786","OTU_955"
"787","OTU_1673"
"788","OTU_1286"
"789","OTU_1117"
"790","OTU_1675"
"791","OTU_1737"
"792","OTU_1185"
"793","OTU_1644"
"794","OTU_1227"
"795","OTU_1305"
"796","OTU_1635"
"797","OTU_1294"
"798","OTU_1023"
"799","OTU_1155"
"800","OTU_1527"
"801","OTU_1629"
"802","OTU_1309"
"803","OTU_1606"
"804","OTU_1651"
"805","OTU_1048"
"806","OTU_1598"
"807","OTU_1339"
"808","OTU_1615"
"809","OTU_1438"
"810","OTU_1581"
"811","OTU_1426"
"812","OTU_1752"
"813","OTU_942"
"814","OTU_1642"
"815","OTU_940"
"816","OTU_1006"
"817","OTU_1005"
"818","OTU_1836"
"819","OTU_1790"
"820","OTU_1805"
"821","OTU_1831"
"822","OTU_1806"
"823","OTU_1788"
"824","OTU_1824"
"825","OTU_1800"
"826","OTU_1838"
"827","OTU_1818"
"828","OTU_1821"
"829","OTU_1832"
"830","OTU_1833"
"831","OTU_1820"
"832","OTU_1654"
"833","OTU_1284"
"834","OTU_1435"
"835","OTU_1495"
"836","OTU_1292"
"837","OTU_1544"
"838","OTU_1574"
"839","OTU_1022"
"840","OTU_1489"
"841","OTU_1197"
"842","OTU_950"
"843","OTU_1694"
"844","OTU_1122"
"845","OTU_1577"
"846","OTU_1269"
"847","OTU_1490"
"848","OTU_1454"
"849","OTU_1421"
"850","OTU_1660"
"851","OTU_1090"
"852","OTU_1443"
"853","OTU_1184"
"854","OTU_1484"
"855","OTU_1415"
"856","OTU_1661"
"857","OTU_1617"
"858","OTU_1249"
"859","OTU_1626"
"860","OTU_1079"
"861","OTU_1449"
"862","OTU_1349"
"863","OTU_1478"
"864","OTU_1693"
"865","OTU_1338"
"866","OTU_1262"
"867","OTU_1263"
"868","OTU_1096"
"869","OTU_1158"
"870","OTU_1486"
"871","OTU_1753"
"872","OTU_1300"
"873","OTU_1174"
"874","OTU_1604"
"875","OTU_1656"
"876","OTU_1448"
"877","OTU_1106"
"878","OTU_1446"
"879","OTU_1258"
"880","OTU_1110"
"881","OTU_948"
"882","OTU_1103"
"883","OTU_1676"
"884","OTU_1596"
"885","OTU_1052"
"886","OTU_1255"
"887","OTU_1295"
"888","OTU_1189"
"889","OTU_1198"
"890","OTU_1298"
"891","OTU_1303"
"892","OTU_1594"
"893","OTU_1677"
"894","OTU_1256"
"895","OTU_1467"
"896","OTU_1717"
"897","OTU_1333"
"898","OTU_1297"
"899","OTU_1710"
"900","OTU_1212"
"901","OTU_1340"
"902","OTU_1019"
"903","OTU_1347"
"904","OTU_1889"
"905","OTU_1899"
"906","OTU_1638"
"907","OTU_1328"
"908","OTU_1520"
"909","OTU_1619"
"910","OTU_1637"
"911","OTU_1240"
"912","OTU_1513"
"913","OTU_1406"
"914","OTU_1692"
"915","OTU_1239"
"916","OTU_1404"
"917","OTU_1224"
"918","OTU_1388"
"919","OTU_1341"
"920","OTU_1403"
"921","OTU_1477"
"922","OTU_1523"
"923","OTU_1228"
"924","OTU_1407"
"925","OTU_1590"
"926","OTU_1354"
"927","OTU_1540"
"928","OTU_1525"
"929","OTU_1012"
"930","OTU_1531"
"931","OTU_945"
"932","OTU_1078"
"933","OTU_1036"
"934","OTU_961"
"935","OTU_1521"
"936","OTU_1285"
"937","OTU_1356"
"938","OTU_1469"
"939","OTU_1734"
"940","OTU_1370"
"941","OTU_1739"
"942","OTU_1736"
"943","OTU_1311"
"944","OTU_1570"
"945","OTU_1331"
"946","OTU_1749"
"947","OTU_1067"
"948","OTU_1097"
"949","OTU_1088"
"950","OTU_1518"
"951","OTU_1754"
"952","OTU_1028"
"953","OTU_1776"
"954","OTU_1242"
"955","OTU_1153"
"956","OTU_1217"
"957","OTU_1274"
"958","OTU_1173"
"959","OTU_1561"
"960","OTU_1085"
"961","OTU_1172"
"962","OTU_1562"
"963","OTU_1278"
"964","OTU_1327"
"965","OTU_1120"
"966","OTU_1538"
"967","OTU_1546"
"968","OTU_1517"
"969","OTU_1032"
"970","OTU_1630"
"971","OTU_1698"
"972","OTU_986"
"973","OTU_1593"
"974","OTU_1271"
"975","OTU_1130"
"976","OTU_1713"
"977","OTU_1551"
"978","OTU_1558"
"979","OTU_1552"
"980","OTU_981"
"981","OTU_956"
"982","OTU_1678"
"983","OTU_1192"
"984","OTU_1342"
"985","OTU_1580"
"986","OTU_1033"
"987","OTU_1657"
"988","OTU_1247"
"989","OTU_1720"
"990","OTU_1030"
"991","OTU_1320"
"992","OTU_1605"
"993","OTU_1154"
"994","OTU_1281"
"995","OTU_1579"
"996","OTU_1344"
"997","OTU_1771"
"998","OTU_1243"
"999","OTU_3492"
"1000","OTU_1253"
"1001","OTU_979"
"1002","OTU_1402"
"1003","OTU_1136"
"1004","OTU_1542"
"1005","OTU_1857"
"1006","OTU_1851"
"1007","OTU_1883"
"1008","OTU_1092"
"1009","OTU_1704"
"1010","OTU_1743"
"1011","OTU_1063"
"1012","OTU_1501"
"1013","OTU_1232"
"1014","OTU_1459"
"1015","OTU_1721"
"1016","OTU_1348"
"1017","OTU_1428"
"1018","OTU_1277"
"1019","OTU_1522"
"1020","OTU_1265"
"1021","OTU_1503"
"1022","OTU_1123"
"1023","OTU_1316"
"1024","OTU_1142"
"1025","OTU_1310"
"1026","OTU_1682"
"1027","OTU_1137"
"1028","OTU_1554"
"1029","OTU_1591"
"1030","OTU_952"
"1031","OTU_1355"
"1032","OTU_1722"
"1033","OTU_1075"
"1034","OTU_1584"
"1035","OTU_1456"
"1036","OTU_1509"
"1037","OTU_1599"
"1038","OTU_1121"
"1039","OTU_1335"
"1040","OTU_1690"
"1041","OTU_1109"
"1042","OTU_1724"
"1043","OTU_1482"
"1044","OTU_1029"
"1045","OTU_1039"
"1046","OTU_1488"
"1047","OTU_1317"
"1048","OTU_1491"
"1049","OTU_1497"
"1050","OTU_944"
"1051","OTU_1763"
"1052","OTU_1214"
"1053","OTU_1373"
"1054","OTU_1777"
"1055","OTU_1011"
"1056","OTU_1150"
"1057","OTU_1124"
"1058","OTU_1750"
"1059","OTU_1430"
"1060","OTU_1235"
"1061","OTU_1485"
"1062","OTU_1175"
"1063","OTU_1359"
"1064","OTU_1181"
"1065","OTU_1233"
"1066","OTU_1784"
"1067","OTU_1772"
"1068","OTU_1034"
"1069","OTU_1112"
"1070","OTU_1379"
"1071","OTU_1770"
"1072","OTU_1007"
"1073","OTU_1759"
"1074","OTU_1213"
"1075","OTU_1740"
"1076","OTU_1314"
"1077","OTU_1071"
"1078","OTU_1502"
"1079","OTU_1119"
"1080","OTU_1064"
"1081","OTU_1487"
"1082","OTU_1506"
"1083","OTU_1053"
"1084","OTU_1483"
"1085","OTU_1779"
"1086","OTU_1143"
"1087","OTU_1493"
"1088","OTU_1775"
"1089","OTU_1773"
"1090","OTU_1101"
"1091","OTU_1760"
"1092","OTU_1126"
"1093","OTU_1745"
"1094","OTU_1095"
"1095","OTU_1076"
"1096","OTU_1505"
"1097","OTU_1778"
"1098","OTU_1372"
"1099","OTU_1234"
"1100","OTU_1315"
"1101","OTU_1378"
"1102","OTU_1148"
"1103","OTU_1266"
"1104","OTU_1167"
"1105","OTU_1377"
"1106","OTU_1054"
"1107","OTU_1742"
"1108","OTU_1166"
"1109","OTU_1371"
"1110","OTU_1585"
"1111","OTU_1431"
"1112","OTU_1854"
"1113","OTU_1872"
"1114","OTU_1195"
"1115","OTU_1621"
"1116","OTU_1420"
"1117","OTU_1625"
"1118","OTU_1697"
"1119","OTU_1646"
"1120","OTU_1422"
"1121","OTU_1345"
"1122","OTU_1049"
"1123","OTU_1645"
"1124","OTU_1059"
"1125","OTU_1669"
"1126","OTU_1204"
"1127","OTU_1672"
"1128","OTU_1250"
"1129","OTU_1264"
"1130","OTU_1622"
"1131","OTU_1494"
"1132","OTU_947"
"1133","OTU_971"
"1134","OTU_1062"
"1135","OTU_1301"
"1136","OTU_1475"
"1137","OTU_1515"
"1138","OTU_1334"
"1139","OTU_1689"
"1140","OTU_1114"
"1141","OTU_1528"
"1142","OTU_1571"
"1143","OTU_1536"
"1144","OTU_1748"
"1145","OTU_1042"
"1146","OTU_1183"
"1147","OTU_1086"
"1148","OTU_1337"
"1149","OTU_1211"
"1150","OTU_1441"
"1151","OTU_1178"
"1152","OTU_1555"
"1153","OTU_1683"
"1154","OTU_1193"
"1155","OTU_1434"
"1156","OTU_1733"
"1157","OTU_1723"
"1158","OTU_1200"
"1159","OTU_1201"
"1160","OTU_1020"
"1161","OTU_1709"
"1162","OTU_1367"
"1163","OTU_1270"
"1164","OTU_1041"
"1165","OTU_1361"
"1166","OTU_1332"
"1167","OTU_1655"
"1168","OTU_1592"
"1169","OTU_1081"
"1170","OTU_1394"
"1171","OTU_1392"
"1172","OTU_1325"
"1173","OTU_1138"
"1174","OTU_1058"
"1175","OTU_1035"
"1176","OTU_1074"
"1177","OTU_1060"
"1178","OTU_1595"
"1179","OTU_1553"
"1180","OTU_938"
"1181","OTU_974"
"1182","OTU_973"
"1183","OTU_993"
"1184","OTU_965"
"1185","OTU_975"
"1186","OTU_997"
"1187","OTU_994"
"1188","OTU_1650"
"1189","OTU_995"
"1190","OTU_959"
"1191","OTU_996"
"1192","OTU_951"
"1193","OTU_984"
"1194","OTU_991"
"1195","OTU_980"
"1196","OTU_957"
"1197","OTU_960"
"1198","OTU_987"
"1199","OTU_949"
"1200","OTU_943"
"1201","OTU_1061"
"1202","OTU_1133"
"1203","OTU_1572"
"1204","OTU_1529"
"1205","OTU_1608"
"1206","OTU_1383"
"1207","OTU_1329"
"1208","OTU_1400"
"1209","OTU_1128"
"1210","OTU_1219"
"1211","OTU_1218"
"1212","OTU_1481"
"1213","OTU_1549"
"1214","OTU_1641"
"1215","OTU_1002"
"1216","OTU_1408"
"1217","OTU_1576"
"1218","OTU_1099"
"1219","OTU_1146"
"1220","OTU_1816"
"1221","OTU_1203"
"1222","OTU_1326"
"1223","OTU_1390"
"1224","OTU_1399"
"1225","OTU_1476"
"1226","OTU_1068"
"1227","OTU_1731"
"1228","OTU_1134"
"1229","OTU_1730"
"1230","OTU_1069"
"1231","OTU_1729"
"1232","OTU_1065"
"1233","OTU_1241"
"1234","OTU_1024"
"1235","OTU_1472"
"1236","OTU_1609"
"1237","OTU_1583"
"1238","OTU_1696"
"1239","OTU_1714"
"1240","OTU_1105"
"1241","OTU_1188"
"1242","OTU_1330"
"1243","OTU_1056"
"1244","OTU_1282"
"1245","OTU_1164"
"1246","OTU_1145"
"1247","OTU_1550"
"1248","OTU_1089"
"1249","OTU_1519"
"1250","OTU_1397"
"1251","OTU_1091"
"1252","OTU_1323"
"1253","OTU_1545"
"1254","OTU_1537"
"1255","OTU_1623"
"1256","OTU_1026"
"1257","OTU_1498"
"1258","OTU_1758"
"1259","OTU_1116"
"1260","OTU_999"
"1261","OTU_1299"
"1262","OTU_1276"
"1263","OTU_1216"
"1264","OTU_1526"
"1265","OTU_1391"
"1266","OTU_964"
"1267","OTU_1226"
"1268","OTU_1880"
"1269","OTU_1387"
"1270","OTU_1636"
"1271","OTU_1025"
"1272","OTU_1715"
"1273","OTU_1427"
"1274","OTU_1179"
"1275","OTU_1465"
"1276","OTU_1066"
"1277","OTU_1288"
"1278","OTU_1031"
"1279","OTU_970"
"1280","OTU_988"
"1281","OTU_1207"
"1282","OTU_1395"
"1283","OTU_967"
"1284","OTU_990"
"1285","OTU_946"
"1286","OTU_1147"
"1287","OTU_1568"
"1288","OTU_1680"
"1289","OTU_966"
"1290","OTU_1308"
"1291","OTU_1695"
"1292","OTU_1461"
"1293","OTU_1587"
"1294","OTU_1885"
"1295","OTU_1900"
"1296","OTU_1018"
"1297","OTU_1296"
"1298","OTU_1220"
"1299","OTU_1566"
"1300","OTU_1001"
"1301","OTU_1223"
"1302","OTU_1450"
"1303","OTU_962"
"1304","OTU_1104"
"1305","OTU_1094"
"1306","OTU_1632"
"1307","OTU_1541"
"1308","OTU_1458"
"1309","OTU_1643"
"1310","OTU_1440"
"1311","OTU_1746"
"1312","OTU_1665"
"1313","OTU_1728"
"1314","OTU_1685"
"1315","OTU_1705"
"1316","OTU_1575"
"1317","OTU_1072"
"1318","OTU_1230"
"1319","OTU_1027"
"1320","OTU_1389"
"1321","OTU_1464"
"1322","OTU_1414"
"1323","OTU_1648"
"1324","OTU_1210"
"1325","OTU_954"
"1326","OTU_972"
"1327","OTU_992"
"1328","OTU_1543"
"1329","OTU_1453"
"1330","OTU_1248"
"1331","OTU_1653"
"1332","OTU_1222"
"1333","OTU_1289"
"1334","OTU_1471"
"1335","OTU_1254"
"1336","OTU_1259"
"1337","OTU_1616"
"1338","OTU_1260"
"1339","OTU_1455"
"1340","OTU_1108"
"1341","OTU_1613"
"1342","OTU_1718"
"1343","OTU_1738"
"1344","OTU_1140"
"1345","OTU_1257"
"1346","OTU_1686"
"1347","OTU_1732"
"1348","OTU_1659"
"1349","OTU_1246"
"1350","OTU_1021"
"1351","OTU_1070"
"1352","OTU_1209"
"1353","OTU_1869"
"1354","OTU_1856"
"1355","OTU_1874"
"1356","OTU_1688"
"1357","OTU_1057"
"1358","OTU_1702"
"1359","OTU_1460"
"1360","OTU_1360"
"1361","OTU_982"
"1362","OTU_963"
"1363","OTU_1532"
"1364","OTU_1113"
"1365","OTU_1346"
"1366","OTU_1687"
"1367","OTU_1393"
"1368","OTU_1405"
"1369","OTU_1017"
"1370","OTU_1322"
"1371","OTU_1567"
"1372","OTU_1046"
"1373","OTU_1470"
"1374","OTU_1727"
"1375","OTU_1803"
"1376","OTU_2088"
"1377","OTU_2345"
"1378","OTU_2190"
"1379","OTU_2521"
"1380","OTU_2961"
"1381","OTU_3162"
"1382","OTU_2718"
"1383","OTU_2216"
"1384","OTU_2444"
"1385","OTU_2493"
"1386","OTU_2361"
"1387","OTU_2450"
"1388","OTU_2415"
"1389","OTU_2448"
"1390","OTU_2262"
"1391","OTU_2269"
"1392","OTU_2421"
"1393","OTU_2507"
"1394","OTU_2364"
"1395","OTU_2452"
"1396","OTU_2380"
"1397","OTU_2384"
"1398","OTU_2422"
"1399","OTU_2522"
"1400","OTU_2188"
"1401","OTU_2263"
"1402","OTU_2486"
"1403","OTU_2775"
"1404","OTU_2639"
"1405","OTU_2744"
"1406","OTU_3481"
"1407","OTU_3476"
"1408","OTU_3482"
"1409","OTU_3472"
"1410","OTU_3475"
"1411","OTU_3473"
"1412","OTU_3477"
"1413","OTU_3474"
"1414","OTU_3483"
"1415","OTU_3479"
"1416","OTU_3480"
"1417","OTU_3478"
"1418","OTU_2829"
"1419","OTU_2222"
"1420","OTU_2175"
"1421","OTU_2264"
"1422","OTU_2302"
"1423","OTU_2235"
"1424","OTU_2159"
"1425","OTU_2186"
"1426","OTU_2133"
"1427","OTU_2122"
"1428","OTU_2121"
"1429","OTU_2192"
"1430","OTU_2139"
"1431","OTU_2115"
"1432","OTU_2087"
"1433","OTU_2148"
"1434","OTU_2146"
"1435","OTU_2157"
"1436","OTU_2208"
"1437","OTU_2156"
"1438","OTU_2187"
"1439","OTU_2131"
"1440","OTU_2161"
"1441","OTU_2144"
"1442","OTU_2172"
"1443","OTU_2418"
"1444","OTU_2213"
"1445","OTU_2209"
"1446","OTU_2254"
"1447","OTU_2193"
"1448","OTU_1949"
"1449","OTU_2029"
"1450","OTU_2484"
"1451","OTU_2089"
"1452","OTU_2155"
"1453","OTU_3467"
"1454","OTU_3468"
"1455","OTU_2626"
"1456","OTU_2782"
"1457","OTU_2841"
"1458","OTU_2220"
"1459","OTU_3145"
"1460","OTU_2867"
"1461","OTU_2132"
"1462","OTU_1983"
"1463","OTU_2031"
"1464","OTU_2040"
"1465","OTU_2475"
"1466","OTU_2414"
"1467","OTU_2488"
"1468","OTU_2505"
"1469","OTU_2369"
"1470","OTU_3249"
"1471","OTU_2916"
"1472","OTU_2090"
"1473","OTU_2940"
"1474","OTU_2644"
"1475","OTU_2666"
"1476","OTU_2464"
"1477","OTU_2509"
"1478","OTU_2446"
"1479","OTU_2447"
"1480","OTU_2499"
"1481","OTU_2516"
"1482","OTU_2539"
"1483","OTU_2481"
"1484","OTU_2492"
"1485","OTU_2570"
"1486","OTU_2648"
"1487","OTU_2526"
"1488","OTU_2386"
"1489","OTU_2512"
"1490","OTU_2760"
"1491","OTU_2766"
"1492","OTU_2785"
"1493","OTU_2845"
"1494","OTU_2053"
"1495","OTU_682"
"1496","OTU_576"
"1497","OTU_631"
"1498","OTU_93"
"1499","OTU_665"
"1500","OTU_305"
"1501","OTU_449"
"1502","OTU_2202"
"1503","OTU_2225"
"1504","OTU_2200"
"1505","OTU_2296"
"1506","OTU_2167"
"1507","OTU_687"
"1508","OTU_689"
"1509","OTU_707"
"1510","OTU_713"
"1511","OTU_1357"
"1512","OTU_1302"
"1513","OTU_1457"
"1514","OTU_1118"
"1515","OTU_1886"
"1516","OTU_2025"
"1517","OTU_2046"
"1518","OTU_3207"
"1519","OTU_72"
"1520","OTU_100"
"1521","OTU_883"
"1522","OTU_2423"
"1523","OTU_3003"
"1524","OTU_3058"
"1525","OTU_2271"
"1526","OTU_2036"
"1527","OTU_3102"
"1528","OTU_2179"
"1529","OTU_3110"
"1530","OTU_3111"
"1531","OTU_335"
"1532","OTU_266"
"1533","OTU_69"
"1534","OTU_2274"
"1535","OTU_2733"
"1536","OTU_2334"
"1537","OTU_2431"
"1538","OTU_2045"
"1539","OTU_2291"
"1540","OTU_2307"
"1541","OTU_2201"
"1542","OTU_526"
"1543","OTU_542"
"1544","OTU_636"
"1545","OTU_652"
"1546","OTU_638"
"1547","OTU_588"
"1548","OTU_581"
"1549","OTU_597"
"1550","OTU_969"
"1551","OTU_1917"
"1552","OTU_1911"
"1553","OTU_1916"
"1554","OTU_280"
"1555","OTU_317"
"1556","OTU_186"
"1557","OTU_230"
"1558","OTU_119"
"1559","OTU_135"
"1560","OTU_158"
"1561","OTU_46"
"1562","OTU_339"
"1563","OTU_357"
"1564","OTU_235"
"1565","OTU_343"
"1566","OTU_153"
"1567","OTU_165"
"1568","OTU_2465"
"1569","OTU_3240"
"1570","OTU_3225"
"1571","OTU_3106"
"1572","OTU_3222"
"1573","OTU_3099"
"1574","OTU_70"
"1575","OTU_3100"
"1576","OTU_1640"
"1577","OTU_1684"
"1578","OTU_718"
"1579","OTU_462"
"1580","OTU_567"
"1581","OTU_674"
"1582","OTU_583"
"1583","OTU_404"
"1584","OTU_1744"
"1585","OTU_2050"
"1586","OTU_860"
"1587","OTU_479"
"1588","OTU_504"
"1589","OTU_443"
"1590","OTU_450"
"1591","OTU_574"
"1592","OTU_409"
"1593","OTU_752"
"1594","OTU_779"
"1595","OTU_565"
"1596","OTU_448"
"1597","OTU_566"
"1598","OTU_2582"
"1599","OTU_1751"
"1600","OTU_1757"
"1601","OTU_3118"
"1602","OTU_178"
"1603","OTU_373"
"1604","OTU_275"
"1605","OTU_376"
"1606","OTU_2480"
"1607","OTU_2368"
"1608","OTU_1783"
"1609","OTU_3493"
"1610","OTU_781"
"1611","OTU_436"
"1612","OTU_619"
"1613","OTU_492"
"1614","OTU_618"
"1615","OTU_400"
"1616","OTU_394"
"1617","OTU_460"
"1618","OTU_775"
"1619","OTU_776"
"1620","OTU_770"
"1621","OTU_782"
"1622","OTU_459"
"1623","OTU_617"
"1624","OTU_771"
"1625","OTU_601"
"1626","OTU_444"
"1627","OTU_579"
"1628","OTU_464"
"1629","OTU_586"
"1630","OTU_558"
"1631","OTU_912"
"1632","OTU_909"
"1633","OTU_856"
"1634","OTU_824"
"1635","OTU_764"
"1636","OTU_607"
"1637","OTU_534"
"1638","OTU_793"
"1639","OTU_751"
"1640","OTU_760"
"1641","OTU_787"
"1642","OTU_759"
"1643","OTU_749"
"1644","OTU_756"
"1645","OTU_556"
"1646","OTU_518"
"1647","OTU_561"
"1648","OTU_737"
"1649","OTU_762"
"1650","OTU_738"
"1651","OTU_908"
"1652","OTU_132"
"1653","OTU_755"
"1654","OTU_395"
"1655","OTU_385"
"1656","OTU_429"
"1657","OTU_360"
"1658","OTU_442"
"1659","OTU_432"
"1660","OTU_608"
"1661","OTU_2989"
"1662","OTU_510"
"1663","OTU_415"
"1664","OTU_157"
"1665","OTU_616"
"1666","OTU_532"
"1667","OTU_371"
"1668","OTU_189"
"1669","OTU_190"
"1670","OTU_757"
"1671","OTU_411"
"1672","OTU_733"
"1673","OTU_433"
"1674","OTU_603"
"1675","OTU_3488"
"1676","OTU_743"
"1677","OTU_744"
"1678","OTU_554"
"1679","OTU_740"
"1680","OTU_742"
"1681","OTU_425"
"1682","OTU_745"
"1683","OTU_3495"
"1684","OTU_535"
"1685","OTU_536"
"1686","OTU_538"
"1687","OTU_537"
"1688","OTU_758"
"1689","OTU_422"
"1690","OTU_517"
"1691","OTU_489"
"1692","OTU_609"
"1693","OTU_441"
"1694","OTU_9"
"1695","OTU_557"
"1696","OTU_528"
"1697","OTU_553"
"1698","OTU_606"
"1699","OTU_539"
"1700","OTU_748"
"1701","OTU_763"
"1702","OTU_555"
"1703","OTU_761"
"1704","OTU_785"
"1705","OTU_741"
"1706","OTU_605"
"1707","OTU_604"
"1708","OTU_620"
"1709","OTU_533"
"1710","OTU_602"
"1711","OTU_431"
"1712","OTU_402"
"1713","OTU_437"
"1714","OTU_750"
"1715","OTU_772"
"1716","OTU_560"
"1717","OTU_435"
"1718","OTU_519"
"1719","OTU_438"
"1720","OTU_774"
"1721","OTU_458"
"1722","OTU_773"
"1723","OTU_792"
"1724","OTU_134"
"1725","OTU_502"
"1726","OTU_768"
"1727","OTU_491"
"1728","OTU_625"
"1729","OTU_455"
"1730","OTU_268"
"1731","OTU_791"
"1732","OTU_490"
"1733","OTU_423"
"1734","OTU_228"
"1735","OTU_445"
"1736","OTU_417"
"1737","OTU_784"
"1738","OTU_397"
"1739","OTU_412"
"1740","OTU_735"
"1741","OTU_634"
"1742","OTU_495"
"1743","OTU_788"
"1744","OTU_428"
"1745","OTU_659"
"1746","OTU_471"
"1747","OTU_461"
"1748","OTU_478"
"1749","OTU_630"
"1750","OTU_544"
"1751","OTU_691"
"1752","OTU_642"
"1753","OTU_580"
"1754","OTU_648"
"1755","OTU_726"
"1756","OTU_508"
"1757","OTU_551"
"1758","OTU_434"
"1759","OTU_524"
"1760","OTU_653"
"1761","OTU_730"
"1762","OTU_430"
"1763","OTU_509"
"1764","OTU_427"
"1765","OTU_418"
"1766","OTU_633"
"1767","OTU_783"
"1768","OTU_484"
"1769","OTU_701"
"1770","OTU_486"
"1771","OTU_641"
"1772","OTU_582"
"1773","OTU_623"
"1774","OTU_454"
"1775","OTU_480"
"1776","OTU_657"
"1777","OTU_469"
"1778","OTU_361"
"1779","OTU_622"
"1780","OTU_654"
"1781","OTU_497"
"1782","OTU_662"
"1783","OTU_292"
"1784","OTU_294"
"1785","OTU_866"
"1786","OTU_3253"
"1787","OTU_639"
"1788","OTU_470"
"1789","OTU_201"
"1790","OTU_240"
"1791","OTU_264"
"1792","OTU_2965"
"1793","OTU_2929"
"1794","OTU_3008"
"1795","OTU_3061"
"1796","OTU_3245"
"1797","OTU_2908"
"1798","OTU_610"
"1799","OTU_753"
"1800","OTU_426"
"1801","OTU_3496"
"1802","OTU_739"
"1803","OTU_563"
"1804","OTU_746"
"1805","OTU_747"
"1806","OTU_2240"
"1807","OTU_2396"
"1808","OTU_3120"
"1809","OTU_2015"
"1810","OTU_2067"
"1811","OTU_3032"
"1812","OTU_3033"
"1813","OTU_2689"
"1814","OTU_3247"
"1815","OTU_3265"
"1816","OTU_3193"
"1817","OTU_2933"
"1818","OTU_2909"
"1819","OTU_2073"
"1820","OTU_2075"
"1821","OTU_2950"
"1822","OTU_3215"
"1823","OTU_3078"
"1824","OTU_3166"
"1825","OTU_3197"
"1826","OTU_2979"
"1827","OTU_2983"
"1828","OTU_3038"
"1829","OTU_3046"
"1830","OTU_2945"
"1831","OTU_3126"
"1832","OTU_3154"
"1833","OTU_3066"
"1834","OTU_3050"
"1835","OTU_2935"
"1836","OTU_3082"
"1837","OTU_2939"
"1838","OTU_3125"
"1839","OTU_3124"
"1840","OTU_3068"
"1841","OTU_2643"
"1842","OTU_3278"
"1843","OTU_2958"
"1844","OTU_2975"
"1845","OTU_3065"
"1846","OTU_2664"
"1847","OTU_2944"
"1848","OTU_3012"
"1849","OTU_3279"
"1850","OTU_3277"
"1851","OTU_3170"
"1852","OTU_3131"
"1853","OTU_3218"
"1854","OTU_2985"
"1855","OTU_2995"
"1856","OTU_2994"
"1857","OTU_3036"
"1858","OTU_2949"
"1859","OTU_2911"
"1860","OTU_3067"
"1861","OTU_2922"
"1862","OTU_2948"
"1863","OTU_2798"
"1864","OTU_3270"
"1865","OTU_3132"
"1866","OTU_3227"
"1867","OTU_2951"
"1868","OTU_2964"
"1869","OTU_3028"
"1870","OTU_2931"
"1871","OTU_2991"
"1872","OTU_2934"
"1873","OTU_2936"
"1874","OTU_3019"
"1875","OTU_2955"
"1876","OTU_3181"
"1877","OTU_3039"
"1878","OTU_2942"
"1879","OTU_3127"
"1880","OTU_3076"
"1881","OTU_2927"
"1882","OTU_3157"
"1883","OTU_2971"
"1884","OTU_3129"
"1885","OTU_3174"
"1886","OTU_2907"
"1887","OTU_3086"
"1888","OTU_3024"
"1889","OTU_3185"
"1890","OTU_3023"
"1891","OTU_2968"
"1892","OTU_3087"
"1893","OTU_2914"
"1894","OTU_3015"
"1895","OTU_2281"
"1896","OTU_2058"
"1897","OTU_668"
"1898","OTU_670"
"1899","OTU_2546"
"1900","OTU_2460"
"1901","OTU_2981"
"1902","OTU_3148"
"1903","OTU_3143"
"1904","OTU_2234"
"1905","OTU_2294"
"1906","OTU_2308"
"1907","OTU_2284"
"1908","OTU_2102"
"1909","OTU_2495"
"1910","OTU_1957"
"1911","OTU_584"
"1912","OTU_167"
"1913","OTU_243"
"1914","OTU_299"
"1915","OTU_302"
"1916","OTU_298"
"1917","OTU_832"
"1918","OTU_868"
"1919","OTU_210"
"1920","OTU_331"
"1921","OTU_166"
"1922","OTU_296"
"1923","OTU_209"
"1924","OTU_359"
"1925","OTU_316"
"1926","OTU_1933"
"1927","OTU_89"
"1928","OTU_45"
"1929","OTU_121"
"1930","OTU_323"
"1931","OTU_545"
"1932","OTU_886"
"1933","OTU_6"
"1934","OTU_570"
"1935","OTU_3156"
"1936","OTU_205"
"1937","OTU_263"
"1938","OTU_282"
"1939","OTU_244"
"1940","OTU_160"
"1941","OTU_307"
"1942","OTU_326"
"1943","OTU_138"
"1944","OTU_255"
"1945","OTU_254"
"1946","OTU_324"
"1947","OTU_251"
"1948","OTU_293"
"1949","OTU_273"
"1950","OTU_346"
"1951","OTU_155"
"1952","OTU_161"
"1953","OTU_330"
"1954","OTU_131"
"1955","OTU_169"
"1956","OTU_172"
"1957","OTU_318"
"1958","OTU_651"
"1959","OTU_571"
"1960","OTU_541"
"1961","OTU_660"
"1962","OTU_184"
"1963","OTU_171"
"1964","OTU_185"
"1965","OTU_349"
"1966","OTU_333"
"1967","OTU_79"
"1968","OTU_143"
"1969","OTU_325"
"1970","OTU_148"
"1971","OTU_145"
"1972","OTU_234"
"1973","OTU_168"
"1974","OTU_195"
"1975","OTU_248"
"1976","OTU_176"
"1977","OTU_256"
"1978","OTU_313"
"1979","OTU_291"
"1980","OTU_187"
"1981","OTU_241"
"1982","OTU_199"
"1983","OTU_173"
"1984","OTU_233"
"1985","OTU_245"
"1986","OTU_312"
"1987","OTU_147"
"1988","OTU_257"
"1989","OTU_303"
"1990","OTU_246"
"1991","OTU_170"
"1992","OTU_219"
"1993","OTU_300"
"1994","OTU_231"
"1995","OTU_259"
"1996","OTU_369"
"1997","OTU_284"
"1998","OTU_152"
"1999","OTU_289"
"2000","OTU_650"
"2001","OTU_142"
"2002","OTU_223"
"2003","OTU_378"
"2004","OTU_322"
"2005","OTU_151"
"2006","OTU_381"
"2007","OTU_271"
"2008","OTU_310"
"2009","OTU_907"
"2010","OTU_149"
"2011","OTU_355"
"2012","OTU_353"
"2013","OTU_133"
"2014","OTU_377"
"2015","OTU_175"
"2016","OTU_213"
"2017","OTU_65"
"2018","OTU_214"
"2019","OTU_374"
"2020","OTU_192"
"2021","OTU_375"
"2022","OTU_391"
"2023","OTU_215"
"2024","OTU_146"
"2025","OTU_227"
"2026","OTU_164"
"2027","OTU_920"
"2028","OTU_207"
"2029","OTU_366"
"2030","OTU_390"
"2031","OTU_239"
"2032","OTU_274"
"2033","OTU_181"
"2034","OTU_128"
"2035","OTU_53"
"2036","OTU_387"
"2037","OTU_5"
"2038","OTU_2320"
"2039","OTU_191"
"2040","OTU_386"
"2041","OTU_197"
"2042","OTU_198"
"2043","OTU_226"
"2044","OTU_180"
"2045","OTU_348"
"2046","OTU_269"
"2047","OTU_144"
"2048","OTU_136"
"2049","OTU_242"
"2050","OTU_232"
"2051","OTU_363"
"2052","OTU_295"
"2053","OTU_301"
"2054","OTU_389"
"2055","OTU_225"
"2056","OTU_237"
"2057","OTU_379"
"2058","OTU_384"
"2059","OTU_383"
"2060","OTU_129"
"2061","OTU_52"
"2062","OTU_511"
"2063","OTU_598"
"2064","OTU_2250"
"2065","OTU_2230"
"2066","OTU_2249"
"2067","OTU_202"
"2068","OTU_3091"
"2069","OTU_688"
"2070","OTU_466"
"2071","OTU_285"
"2072","OTU_308"
"2073","OTU_222"
"2074","OTU_247"
"2075","OTU_362"
"2076","OTU_658"
"2077","OTU_481"
"2078","OTU_465"
"2079","OTU_507"
"2080","OTU_2439"
"2081","OTU_2494"
"2082","OTU_1943"
"2083","OTU_211"
"2084","OTU_229"
"2085","OTU_279"
"2086","OTU_1927"
"2087","OTU_2110"
"2088","OTU_2256"
"2089","OTU_3083"
"2090","OTU_258"
"2091","OTU_38"
"2092","OTU_19"
"2093","OTU_81"
"2094","OTU_88"
"2095","OTU_31"
"2096","OTU_43"
"2097","OTU_66"
"2098","OTU_3230"
"2099","OTU_930"
"2100","OTU_936"
"2101","OTU_934"
"2102","OTU_931"
"2103","OTU_937"
"2104","OTU_935"
"2105","OTU_933"
"2106","OTU_2976"
"2107","OTU_717"
"2108","OTU_2530"
"2109","OTU_2079"
"2110","OTU_60"
"2111","OTU_3029"
"2112","OTU_358"
"2113","OTU_2181"
"2114","OTU_2388"
"2115","OTU_1382"
"2116","OTU_1380"
"2117","OTU_1429"
"2118","OTU_858"
"2119","OTU_697"
"2120","OTU_3194"
"2121","OTU_3223"
"2122","OTU_2043"
"2123","OTU_2569"
"2124","OTU_2430"
"2125","OTU_3103"
"2126","OTU_3201"
"2127","OTU_3002"
"2128","OTU_3206"
"2129","OTU_2532"
"2130","OTU_2239"
"2131","OTU_2273"
"2132","OTU_698"
"2133","OTU_2287"
"2134","OTU_2953"
"2135","OTU_3388"
"2136","OTU_3209"
"2137","OTU_3153"
"2138","OTU_3436"
"2139","OTU_3307"
"2140","OTU_3369"
"2141","OTU_3413"
"2142","OTU_3416"
"2143","OTU_3322"
"2144","OTU_3317"
"2145","OTU_3235"
"2146","OTU_3350"
"2147","OTU_3319"
"2148","OTU_3390"
"2149","OTU_3309"
"2150","OTU_3386"
"2151","OTU_3365"
"2152","OTU_3411"
"2153","OTU_3360"
"2154","OTU_3422"
"2155","OTU_3330"
"2156","OTU_3371"
"2157","OTU_3313"
"2158","OTU_3366"
"2159","OTU_3442"
"2160","OTU_3424"
"2161","OTU_3434"
"2162","OTU_3345"
"2163","OTU_2972"
"2164","OTU_2091"
"2165","OTU_2310"
"2166","OTU_2094"
"2167","OTU_2062"
"2168","OTU_3233"
"2169","OTU_3232"
"2170","OTU_897"
"2171","OTU_2290"
"2172","OTU_96"
"2173","OTU_1473"
"2174","OTU_777"
"2175","OTU_3250"
"2176","OTU_3251"
"2177","OTU_3263"
"2178","OTU_3010"
"2179","OTU_2059"
"2180","OTU_2054"
"2181","OTU_3248"
"2182","OTU_3004"
"2183","OTU_3063"
"2184","OTU_3271"
"2185","OTU_594"
"2186","OTU_552"
"2187","OTU_712"
"2188","OTU_2227"
"2189","OTU_2407"
"2190","OTU_2408"
"2191","OTU_2359"
"2192","OTU_1755"
"2193","OTU_2305"
"2194","OTU_834"
"2195","OTU_334"
"2196","OTU_276"
"2197","OTU_2174"
"2198","OTU_3191"
"2199","OTU_514"
"2200","OTU_855"
"2201","OTU_904"
"2202","OTU_527"
"2203","OTU_405"
"2204","OTU_592"
"2205","OTU_421"
"2206","OTU_413"
"2207","OTU_401"
"2208","OTU_708"
"2209","OTU_732"
"2210","OTU_716"
"2211","OTU_684"
"2212","OTU_414"
"2213","OTU_396"
"2214","OTU_685"
"2215","OTU_686"
"2216","OTU_734"
"2217","OTU_728"
"2218","OTU_591"
"2219","OTU_703"
"2220","OTU_500"
"2221","OTU_704"
"2222","OTU_403"
"2223","OTU_706"
"2224","OTU_488"
"2225","OTU_3487"
"2226","OTU_388"
"2227","OTU_3486"
"2228","OTU_482"
"2229","OTU_690"
"2230","OTU_699"
"2231","OTU_367"
"2232","OTU_593"
"2233","OTU_468"
"2234","OTU_721"
"2235","OTU_483"
"2236","OTU_613"
"2237","OTU_529"
"2238","OTU_224"
"2239","OTU_515"
"2240","OTU_531"
"2241","OTU_270"
"2242","OTU_549"
"2243","OTU_714"
"2244","OTU_667"
"2245","OTU_669"
"2246","OTU_719"
"2247","OTU_547"
"2248","OTU_440"
"2249","OTU_705"
"2250","OTU_516"
"2251","OTU_564"
"2252","OTU_754"
"2253","OTU_453"
"2254","OTU_600"
"2255","OTU_562"
"2256","OTU_525"
"2257","OTU_505"
"2258","OTU_543"
"2259","OTU_452"
"2260","OTU_589"
"2261","OTU_463"
"2262","OTU_530"
"2263","OTU_628"
"2264","OTU_487"
"2265","OTU_407"
"2266","OTU_693"
"2267","OTU_548"
"2268","OTU_446"
"2269","OTU_419"
"2270","OTU_722"
"2271","OTU_629"
"2272","OTU_420"
"2273","OTU_473"
"2274","OTU_506"
"2275","OTU_723"
"2276","OTU_456"
"2277","OTU_447"
"2278","OTU_262"
"2279","OTU_637"
"2280","OTU_546"
"2281","OTU_522"
"2282","OTU_521"
"2283","OTU_585"
"2284","OTU_1926"
"2285","OTU_3165"
"2286","OTU_416"
"2287","OTU_3056"
"2288","OTU_3237"
"2289","OTU_2889"
"2290","OTU_3101"
"2291","OTU_2848"
"2292","OTU_2920"
"2293","OTU_2901"
"2294","OTU_1244"
"2295","OTU_1628"
"2296","OTU_2592"
"2297","OTU_3108"
"2298","OTU_2553"
"2299","OTU_2061"
"2300","OTU_2564"
"2301","OTU_2283"
"2302","OTU_3060"
"2303","OTU_3219"
"2304","OTU_3109"
"2305","OTU_3006"
"2306","OTU_2941"
"2307","OTU_3203"
"2308","OTU_40"
"2309","OTU_206"
"2310","OTU_3212"
"2311","OTU_3105"
"2312","OTU_2879"
"2313","OTU_2903"
"2314","OTU_2905"
"2315","OTU_2731"
"2316","OTU_2759"
"2317","OTU_2937"
"2318","OTU_3239"
"2319","OTU_3243"
"2320","OTU_3262"
"2321","OTU_2992"
"2322","OTU_3034"
"2323","OTU_3216"
"2324","OTU_3255"
"2325","OTU_3044"
"2326","OTU_14"
"2327","OTU_18"
"2328","OTU_41"
"2329","OTU_2946"
"2330","OTU_3114"
"2331","OTU_2863"
"2332","OTU_2468"
"2333","OTU_2084"
"2334","OTU_905"
"2335","OTU_337"
"2336","OTU_354"
"2337","OTU_2180"
"2338","OTU_2286"
"2339","OTU_681"
"2340","OTU_550"
"2341","OTU_595"
"2342","OTU_3241"
"2343","OTU_2277"
"2344","OTU_1307"
"2345","OTU_1668"
"2346","OTU_1882"
"2347","OTU_1190"
"2348","OTU_1436"
"2349","OTU_1306"
"2350","OTU_1662"
"2351","OTU_2293"
"2352","OTU_2463"
"2353","OTU_3054"
"2354","OTU_3007"
"2355","OTU_2055"
"2356","OTU_2074"
"2357","OTU_3210"
"2358","OTU_3048"
"2359","OTU_3112"
"2360","OTU_2428"
"2361","OTU_890"
"2362","OTU_2580"
"2363","OTU_2086"
"2364","OTU_1304"
"2365","OTU_985"
"2366","OTU_3115"
"2367","OTU_2295"
"2368","OTU_97"
"2369","OTU_3220"
"2370","OTU_2297"
"2371","OTU_2081"
"2372","OTU_1468"
"2373","OTU_1658"
"2374","OTU_1666"
"2375","OTU_677"
"2376","OTU_85"
"2377","OTU_25"
"2378","OTU_30"
"2379","OTU_125"
"2380","OTU_95"
"2381","OTU_11"
"2382","OTU_127"
"2383","OTU_13"
"2384","OTU_62"
"2385","OTU_75"
"2386","OTU_103"
"2387","OTU_115"
"2388","OTU_64"
"2389","OTU_91"
"2390","OTU_67"
"2391","OTU_124"
"2392","OTU_98"
"2393","OTU_77"
"2394","OTU_36"
"2395","OTU_32"
"2396","OTU_63"
"2397","OTU_22"
"2398","OTU_83"
"2399","OTU_33"
"2400","OTU_4"
"2401","OTU_104"
"2402","OTU_59"
"2403","OTU_58"
"2404","OTU_12"
"2405","OTU_113"
"2406","OTU_122"
"2407","OTU_99"
"2408","OTU_109"
"2409","OTU_111"
"2410","OTU_116"
"2411","OTU_47"
"2412","OTU_68"
"2413","OTU_73"
"2414","OTU_101"
"2415","OTU_108"
"2416","OTU_196"
"2417","OTU_351"
"2418","OTU_265"
"2419","OTU_236"
"2420","OTU_356"
"2421","OTU_364"
"2422","OTU_78"
"2423","OTU_123"
"2424","OTU_107"
"2425","OTU_114"
"2426","OTU_34"
"2427","OTU_61"
"2428","OTU_102"
"2429","OTU_71"
"2430","OTU_110"
"2431","OTU_106"
"2432","OTU_10"
"2433","OTU_23"
"2434","OTU_20"
"2435","OTU_51"
"2436","OTU_2543"
"2437","OTU_2980"
"2438","OTU_2466"
"2439","OTU_2189"
"2440","OTU_3221"
"2441","OTU_2016"
"2442","OTU_3042"
"2443","OTU_2500"
"2444","OTU_2676"
"2445","OTU_2170"
"2446","OTU_2641"
"2447","OTU_2609"
"2448","OTU_3057"
"2449","OTU_932"
"2450","OTU_2503"
"2451","OTU_2360"
"2452","OTU_2411"
"2453","OTU_2340"
"2454","OTU_3381"
"2455","OTU_879"
"2456","OTU_3397"
"2457","OTU_2540"
"2458","OTU_2853"
"2459","OTU_2473"
"2460","OTU_2328"
"2461","OTU_2390"
"2462","OTU_2395"
"2463","OTU_2573"
"2464","OTU_2335"
"2465","OTU_2376"
"2466","OTU_2114"
"2467","OTU_2124"
"2468","OTU_2547"
"2469","OTU_2866"
"2470","OTU_2370"
"2471","OTU_2487"
"2472","OTU_2166"
"2473","OTU_2141"
"2474","OTU_2127"
"2475","OTU_2147"
"2476","OTU_2349"
"2477","OTU_2377"
"2478","OTU_2348"
"2479","OTU_3236"
"2480","OTU_3136"
"2481","OTU_3141"
"2482","OTU_2498"
"2483","OTU_3070"
"2484","OTU_2969"
"2485","OTU_695"
"2486","OTU_2169"
"2487","OTU_2138"
"2488","OTU_2272"
"2489","OTU_2251"
"2490","OTU_2620"
"2491","OTU_2508"
"2492","OTU_2207"
"2493","OTU_2252"
"2494","OTU_2214"
"2495","OTU_2173"
"2496","OTU_2618"
"2497","OTU_2790"
"2498","OTU_2600"
"2499","OTU_3190"
"2500","OTU_2162"
"2501","OTU_2142"
"2502","OTU_2990"
"2503","OTU_2218"
"2504","OTU_2126"
"2505","OTU_3049"
"2506","OTU_2210"
"2507","OTU_2101"
"2508","OTU_2440"
"2509","OTU_2591"
"2510","OTU_2143"
"2511","OTU_2185"
"2512","OTU_2219"
"2513","OTU_2260"
"2514","OTU_2108"
"2515","OTU_2165"
"2516","OTU_2461"
"2517","OTU_2177"
"2518","OTU_2117"
"2519","OTU_2112"
"2520","OTU_2257"
"2521","OTU_2270"
"2522","OTU_2658"
"2523","OTU_2221"
"2524","OTU_3211"
"2525","OTU_3169"
"2526","OTU_3077"
"2527","OTU_3276"
"2528","OTU_2919"
"2529","OTU_3266"
"2530","OTU_3332"
"2531","OTU_2966"
"2532","OTU_3182"
"2533","OTU_3275"
"2534","OTU_3298"
"2535","OTU_2282"
"2536","OTU_2758"
"2537","OTU_2176"
"2538","OTU_80"
"2539","OTU_290"
"2540","OTU_1804"
"2541","OTU_1834"
"2542","OTU_1919"
"2543","OTU_1898"
"2544","OTU_1901"
"2545","OTU_1671"
"2546","OTU_1828"
"2547","OTU_989"
"2548","OTU_1845"
"2549","OTU_1921"
"2550","OTU_1920"
"2551","OTU_2426"
"2552","OTU_2538"
"2553","OTU_2462"
"2554","OTU_2550"
"2555","OTU_2317"
"2556","OTU_816"
"2557","OTU_903"
"2558","OTU_902"
"2559","OTU_846"
"2560","OTU_877"
"2561","OTU_874"
"2562","OTU_876"
"2563","OTU_836"
"2564","OTU_2557"
"2565","OTU_847"
"2566","OTU_2130"
"2567","OTU_2241"
"2568","OTU_2243"
"2569","OTU_2163"
"2570","OTU_2246"
"2571","OTU_2319"
"2572","OTU_2049"
"2573","OTU_2066"
"2574","OTU_2051"
"2575","OTU_2018"
"2576","OTU_2023"
"2577","OTU_2095"
"2578","OTU_2030"
"2579","OTU_2093"
"2580","OTU_2060"
"2581","OTU_2032"
"2582","OTU_2078"
"2583","OTU_2019"
"2584","OTU_2092"
"2585","OTU_2048"
"2586","OTU_2044"
"2587","OTU_2313"
"2588","OTU_2312"
"2589","OTU_2315"
"2590","OTU_2206"
"2591","OTU_2316"
"2592","OTU_2052"
"2593","OTU_2099"
"2594","OTU_2064"
"2595","OTU_2017"
"2596","OTU_2098"
"2597","OTU_2303"
"2598","OTU_2204"
"2599","OTU_2118"
"2600","OTU_612"
"2601","OTU_2314"
"2602","OTU_1813"
"2603","OTU_2433"
"2604","OTU_3229"
"2605","OTU_2898"
"2606","OTU_3200"
"2607","OTU_3257"
"2608","OTU_3117"
"2609","OTU_2014"
"2610","OTU_2259"
"2611","OTU_2323"
"2612","OTU_2247"
"2613","OTU_2322"
"2614","OTU_2195"
"2615","OTU_3470"
"2616","OTU_2197"
"2617","OTU_2057"
"2618","OTU_2275"
"2619","OTU_2325"
"2620","OTU_2105"
"2621","OTU_2020"
"2622","OTU_2103"
"2623","OTU_2590"
"2624","OTU_2326"
"2625","OTU_2217"
"2626","OTU_2324"
"2627","OTU_2128"
"2628","OTU_2245"
"2629","OTU_2027"
"2630","OTU_2033"
"2631","OTU_2097"
"2632","OTU_2047"
"2633","OTU_2096"
"2634","OTU_2021"
"2635","OTU_2022"
"2636","OTU_2100"
"2637","OTU_2034"
"2638","OTU_2026"
"2639","OTU_2891"
"2640","OTU_2693"
"2641","OTU_2038"
"2642","OTU_2065"
"2643","OTU_3445"
"2644","OTU_2352"
"2645","OTU_2410"
"2646","OTU_3463"
"2647","OTU_3355"
"2648","OTU_3456"
"2649","OTU_3460"
"2650","OTU_3441"
"2651","OTU_3370"
"2652","OTU_3448"
"2653","OTU_2888"
"2654","OTU_3294"
"2655","OTU_3430"
"2656","OTU_3403"
"2657","OTU_3395"
"2658","OTU_3426"
"2659","OTU_2535"
"2660","OTU_3281"
"2661","OTU_2459"
"2662","OTU_2347"
"2663","OTU_2362"
"2664","OTU_2327"
"2665","OTU_3375"
"2666","OTU_3373"
"2667","OTU_3438"
"2668","OTU_2750"
"2669","OTU_2552"
"2670","OTU_3439"
"2671","OTU_2789"
"2672","OTU_2751"
"2673","OTU_2160"
"2674","OTU_3287"
"2675","OTU_2365"
"2676","OTU_2627"
"2677","OTU_2496"
"2678","OTU_2556"
"2679","OTU_2355"
"2680","OTU_2474"
"2681","OTU_2479"
"2682","OTU_2150"
"2683","OTU_3299"
"2684","OTU_3461"
"2685","OTU_3282"
"2686","OTU_2793"
"2687","OTU_3415"
"2688","OTU_2402"
"2689","OTU_2857"
"2690","OTU_2116"
"2691","OTU_3338"
"2692","OTU_822"
"2693","OTU_2394"
"2694","OTU_702"
"2695","OTU_2455"
"2696","OTU_3337"
"2697","OTU_3283"
"2698","OTU_3326"
"2699","OTU_921"
"2700","OTU_2533"
"2701","OTU_2404"
"2702","OTU_2855"
"2703","OTU_2794"
"2704","OTU_2753"
"2705","OTU_2727"
"2706","OTU_2624"
"2707","OTU_2881"
"2708","OTU_2688"
"2709","OTU_2705"
"2710","OTU_2810"
"2711","OTU_2883"
"2712","OTU_2778"
"2713","OTU_2679"
"2714","OTU_2878"
"2715","OTU_2602"
"2716","OTU_2776"
"2717","OTU_2545"
"2718","OTU_272"
"2719","OTU_341"
"2720","OTU_283"
"2721","OTU_344"
"2722","OTU_267"
"2723","OTU_332"
"2724","OTU_329"
"2725","OTU_221"
"2726","OTU_365"
"2727","OTU_118"
"2728","OTU_28"
"2729","OTU_179"
"2730","OTU_217"
"2731","OTU_252"
"2732","OTU_90"
"2733","OTU_8"
"2734","OTU_35"
"2735","OTU_16"
"2736","OTU_126"
"2737","OTU_105"
"2738","OTU_112"
"2739","OTU_2595"
"2740","OTU_3314"
"2741","OTU_2520"
"2742","OTU_3300"
"2743","OTU_3290"
"2744","OTU_2107"
"2745","OTU_3303"
"2746","OTU_3318"
"2747","OTU_3400"
"2748","OTU_3376"
"2749","OTU_3380"
"2750","OTU_3304"
"2751","OTU_3367"
"2752","OTU_3331"
"2753","OTU_3394"
"2754","OTU_3351"
"2755","OTU_3401"
"2756","OTU_3437"
"2757","OTU_3443"
"2758","OTU_3407"
"2759","OTU_3433"
"2760","OTU_3051"
"2761","OTU_3387"
"2762","OTU_3291"
"2763","OTU_823"
"2764","OTU_817"
"2765","OTU_875"
"2766","OTU_882"
"2767","OTU_3199"
"2768","OTU_2374"
"2769","OTU_3419"
"2770","OTU_2392"
"2771","OTU_2391"
"2772","OTU_2443"
"2773","OTU_2621"
"2774","OTU_476"
"2775","OTU_885"
"2776","OTU_2417"
"2777","OTU_3293"
"2778","OTU_3429"
"2779","OTU_2926"
"2780","OTU_3198"
"2781","OTU_3485"
"2782","OTU_3323"
"2783","OTU_3172"
"2784","OTU_3383"
"2785","OTU_3297"
"2786","OTU_2795"
"2787","OTU_3188"
"2788","OTU_2617"
"2789","OTU_2403"
"2790","OTU_2397"
"2791","OTU_661"
"2792","OTU_3385"
"2793","OTU_3325"
"2794","OTU_3435"
"2795","OTU_2469"
"2796","OTU_2168"
"2797","OTU_2706"
"2798","OTU_3295"
"2799","OTU_3302"
"2800","OTU_3378"
"2801","OTU_3414"
"2802","OTU_671"
"2803","OTU_2859"
"2804","OTU_2690"
"2805","OTU_845"
"2806","OTU_2548"
"2807","OTU_3402"
"2808","OTU_2773"
"2809","OTU_2872"
"2810","OTU_2111"
"2811","OTU_2703"
"2812","OTU_2792"
"2813","OTU_2106"
"2814","OTU_2289"
"2815","OTU_2151"
"2816","OTU_2309"
"2817","OTU_2276"
"2818","OTU_2194"
"2819","OTU_2292"
"2820","OTU_2198"
"2821","OTU_2670"
"2822","OTU_2311"
"2823","OTU_2178"
"2824","OTU_2285"
"2825","OTU_2265"
"2826","OTU_2306"
"2827","OTU_2042"
"2828","OTU_917"
"2829","OTU_2755"
"2830","OTU_2182"
"2831","OTU_2854"
"2832","OTU_2536"
"2833","OTU_2561"
"2834","OTU_1830"
"2835","OTU_1922"
"2836","OTU_1801"
"2837","OTU_1817"
"2838","OTU_3324"
"2839","OTU_2572"
"2840","OTU_3363"
"2841","OTU_3334"
"2842","OTU_2661"
"2843","OTU_596"
"2844","OTU_3321"
"2845","OTU_2424"
"2846","OTU_2024"
"2847","OTU_828"
"2848","OTU_873"
"2849","OTU_2393"
"2850","OTU_2752"
"2851","OTU_2851"
"2852","OTU_3292"
"2853","OTU_2616"
"2854","OTU_2606"
"2855","OTU_2707"
"2856","OTU_2756"
"2857","OTU_2852"
"2858","OTU_2196"
"2859","OTU_2725"
"2860","OTU_2691"
"2861","OTU_3329"
"2862","OTU_2537"
"2863","OTU_2563"
"2864","OTU_2724"
"2865","OTU_3358"
"2866","OTU_2660"
"2867","OTU_2427"
"2868","OTU_2568"
"2869","OTU_673"
"2870","OTU_208"
"2871","OTU_340"
"2872","OTU_130"
"2873","OTU_338"
"2874","OTU_3368"
"2875","OTU_683"
"2876","OTU_2350"
"2877","OTU_710"
"2878","OTU_3399"
"2879","OTU_2478"
"2880","OTU_2471"
"2881","OTU_2429"
"2882","OTU_2599"
"2883","OTU_3361"
"2884","OTU_2835"
"2885","OTU_2715"
"2886","OTU_2967"
"2887","OTU_3418"
"2888","OTU_3356"
"2889","OTU_3440"
"2890","OTU_3349"
"2891","OTU_3336"
"2892","OTU_3357"
"2893","OTU_2491"
"2894","OTU_3093"
"2895","OTU_3412"
"2896","OTU_3420"
"2897","OTU_3285"
"2898","OTU_2255"
"2899","OTU_3284"
"2900","OTU_2938"
"2901","OTU_3389"
"2902","OTU_2584"
"2903","OTU_3301"
"2904","OTU_2800"
"2905","OTU_2405"
"2906","OTU_3335"
"2907","OTU_2678"
"2908","OTU_3341"
"2909","OTU_2134"
"2910","OTU_3296"
"2911","OTU_2960"
"2912","OTU_3465"
"2913","OTU_2598"
"2914","OTU_2893"
"2915","OTU_3464"
"2916","OTU_2895"
"2917","OTU_2974"
"2918","OTU_2416"
"2919","OTU_3246"
"2920","OTU_2781"
"2921","OTU_3142"
"2922","OTU_3417"
"2923","OTU_3398"
"2924","OTU_3310"
"2925","OTU_2896"
"2926","OTU_3308"
"2927","OTU_3149"
"2928","OTU_2677"
"2929","OTU_2453"
"2930","OTU_2728"
"2931","OTU_2837"
"2932","OTU_2874"
"2933","OTU_2862"
"2934","OTU_2716"
"2935","OTU_2791"
"2936","OTU_2704"
"2937","OTU_2864"
"2938","OTU_3328"
"2939","OTU_2158"
"2940","OTU_919"
"2941","OTU_3316"
"2942","OTU_2406"
"2943","OTU_3484"
"2944","OTU_3306"
"2945","OTU_3392"
"2946","OTU_3410"
"2947","OTU_2663"
"2948","OTU_2565"
"2949","OTU_3452"
"2950","OTU_2154"
"2951","OTU_3428"
"2952","OTU_2802"
"2953","OTU_2988"
"2954","OTU_3457"
"2955","OTU_915"
"2956","OTU_3327"
"2957","OTU_3305"
"2958","OTU_2642"
"2959","OTU_3311"
"2960","OTU_3346"
"2961","OTU_3364"
"2962","OTU_3343"
"2963","OTU_3396"
"2964","OTU_3450"
"2965","OTU_3354"
"2966","OTU_3455"
"2967","OTU_3252"
"2968","OTU_2330"
"2969","OTU_2575"
"2970","OTU_2436"
"2971","OTU_3288"
"2972","OTU_2419"
"2973","OTU_2519"
"2974","OTU_3449"
"2975","OTU_2887"
"2976","OTU_2341"
"2977","OTU_3384"
"2978","OTU_2337"
"2979","OTU_2587"
"2980","OTU_2371"
"2981","OTU_2490"
"2982","OTU_2331"
"2983","OTU_2457"
"2984","OTU_2726"
"2985","OTU_2358"
"2986","OTU_2571"
"2987","OTU_2554"
"2988","OTU_3377"
"2989","OTU_3107"
"2990","OTU_3447"
"2991","OTU_3353"
"2992","OTU_2183"
"2993","OTU_2860"
"2994","OTU_2224"
"2995","OTU_3409"
"2996","OTU_3340"
"2997","OTU_2329"
"2998","OTU_2332"
"2999","OTU_3406"
"3000","OTU_3451"
"3001","OTU_2451"
"3002","OTU_2351"
"3003","OTU_2574"
"3004","OTU_2632"
"3005","OTU_2333"
"3006","OTU_2504"
"3007","OTU_3352"
"3008","OTU_2880"
"3009","OTU_3404"
"3010","OTU_2899"
"3011","OTU_1843"
"3012","OTU_2631"
"3013","OTU_2435"
"3014","OTU_3459"
"3015","OTU_2482"
"3016","OTU_2594"
"3017","OTU_2608"
"3018","OTU_2619"
"3019","OTU_2708"
"3020","OTU_2681"
"3021","OTU_2757"
"3022","OTU_2645"
"3023","OTU_2438"
"3024","OTU_2589"
"3025","OTU_3312"
"3026","OTU_2623"
"3027","OTU_3462"
"3028","OTU_3344"
"3029","OTU_614"
"3030","OTU_676"
"3031","OTU_2583"
"3032","OTU_3408"
"3033","OTU_3342"
"3034","OTU_3320"
"3035","OTU_3339"
"3036","OTU_2226"
"3037","OTU_911"
"3038","OTU_2897"
"3039","OTU_2576"
"3040","OTU_2432"
"3041","OTU_2476"
"3042","OTU_3423"
"3043","OTU_3374"
"3044","OTU_3348"
"3045","OTU_2541"
"3046","OTU_2650"
"3047","OTU_2894"
"3048","OTU_830"
"3049","OTU_2558"
"3050","OTU_3444"
"3051","OTU_727"
"3052","OTU_2742"
"3053","OTU_2442"
"3054","OTU_3347"
"3055","OTU_2581"
"3056","OTU_2137"
"3057","OTU_2709"
"3058","OTU_2799"
"3059","OTU_2339"
"3060","OTU_2425"
"3061","OTU_2472"
"3062","OTU_2603"
"3063","OTU_3432"
"3064","OTU_3035"
"3065","OTU_3037"
"3066","OTU_3071"
"3067","OTU_2996"
"3068","OTU_3095"
"3069","OTU_3069"
"3070","OTU_3446"
"3071","OTU_2579"
"3072","OTU_2063"
"3073","OTU_2205"
"3074","OTU_2244"
"3075","OTU_2357"
"3076","OTU_2630"
"3077","OTU_2409"
"3078","OTU_2586"
"3079","OTU_2729"
"3080","OTU_2651"
"3081","OTU_2850"
"3082","OTU_2637"
"3083","OTU_2875"
"3084","OTU_2655"
"3085","OTU_2656"
"3086","OTU_3454"
"3087","OTU_3453"
"3088","OTU_2601"
"3089","OTU_2730"
"3090","OTU_2680"
"3091","OTU_2801"
"3092","OTU_2434"
"3093","OTU_2577"
"3094","OTU_2593"
"3095","OTU_3014"
"3096","OTU_2413"
"3097","OTU_2383"
"3098","OTU_2164"
"3099","OTU_2449"
"3100","OTU_2913"
"3101","OTU_3092"
"3102","OTU_3045"
"3103","OTU_3189"
"3104","OTU_3202"
"3105","OTU_3196"
"3106","OTU_2372"
"3107","OTU_3163"
"3108","OTU_3228"
"3109","OTU_2797"
"3110","OTU_2184"
"3111","OTU_3085"
"3112","OTU_3025"
"3113","OTU_3267"
"3114","OTU_3151"
"3115","OTU_3167"
"3116","OTU_2300"
"3117","OTU_3135"
"3118","OTU_3178"
"3119","OTU_3268"
"3120","OTU_3062"
"3121","OTU_3123"
"3122","OTU_3264"
"3123","OTU_2607"
"3124","OTU_2068"
"3125","OTU_3269"
"3126","OTU_3005"
"3127","OTU_3186"
"3128","OTU_3089"
"3129","OTU_3289"
"3130","OTU_3425"
"3131","OTU_3168"
"3132","OTU_2998"
"3133","OTU_2072"
"3134","OTU_137"
"3135","OTU_204"
"3136","OTU_3094"
"3137","OTU_140"
"3138","OTU_370"
"3139","OTU_3116"
"3140","OTU_3009"
"3141","OTU_3244"
"3142","OTU_3213"
"3143","OTU_2560"
"3144","OTU_2523"
"3145","OTU_3098"
"3146","OTU_2567"
"3147","OTU_352"
"3148","OTU_2534"
"3149","OTU_2437"
"3150","OTU_769"
"3151","OTU_50"
"3152","OTU_74"
"3153","OTU_117"
"3154","OTU_696"
"3155","OTU_711"
"3156","OTU_1111"
"3157","OTU_1795"
"3158","OTU_3242"
"3159","OTU_2233"
"3160","OTU_2542"
"3161","OTU_2236"
"3162","OTU_2445"
"3163","OTU_2228"
"3164","OTU_679"
"3165","OTU_675"
"3166","OTU_2199"
"3167","OTU_3030"
"3168","OTU_896"
"3169","OTU_2039"
"3170","OTU_3226"
"3171","OTU_2456"
"3172","OTU_2524"
"3173","OTU_3159"
"3174","OTU_3073"
"3175","OTU_3137"
"3176","OTU_2993"
"3177","OTU_694"
"3178","OTU_590"
"3179","OTU_39"
"3180","OTU_120"
"3181","OTU_94"
"3182","OTU_2037"
"3183","OTU_393"
"3184","OTU_3184"
"3185","OTU_2549"
"3186","OTU_2578"
"3187","OTU_3119"
"3188","OTU_2342"
"3189","OTU_559"
"3190","OTU_1825"
"3191","OTU_1842"
"3192","OTU_3272"
"3193","OTU_451"
"3194","OTU_621"
"3195","OTU_277"
"3196","OTU_163"
"3197","OTU_238"
"3198","OTU_368"
"3199","OTU_2885"
"3200","OTU_3258"
"3201","OTU_3254"
"3202","OTU_3260"
"3203","OTU_372"
"3204","OTU_327"
"3205","OTU_218"
"3206","OTU_150"
"3207","OTU_309"
"3208","OTU_826"
"3209","OTU_572"
"3210","OTU_861"
"3211","OTU_854"
"3212","OTU_829"
"3213","OTU_906"
"3214","OTU_815"
"3215","OTU_844"
"3216","OTU_872"
"3217","OTU_827"
"3218","OTU_923"
"3219","OTU_918"
"3220","OTU_922"
"3221","OTU_928"
"3222","OTU_924"
"3223","OTU_927"
"3224","OTU_929"
"3225","OTU_914"
"3226","OTU_3431"
"3227","OTU_880"
"3228","OTU_848"
"3229","OTU_878"
"3230","OTU_888"
"3231","OTU_851"
"3232","OTU_2454"
"3233","OTU_3224"
"3234","OTU_2531"
"3235","OTU_76"
"3236","OTU_736"
"3237","OTU_3104"
"3238","OTU_3021"
"3239","OTU_3183"
"3240","OTU_2279"
"3241","OTU_2382"
"3242","OTU_2082"
"3243","OTU_3259"
"3244","OTU_3214"
"3245","OTU_1362"
"3246","OTU_2288"
"3247","OTU_2278"
"3248","OTU_288"
"3249","OTU_2231"
"3250","OTU_3152"
"3251","OTU_3018"
"3252","OTU_2928"
"3253","OTU_2301"
"3254","OTU_599"
"3255","OTU_678"
"3256","OTU_818"
"3257","OTU_839"
"3258","OTU_859"
"3259","OTU_2321"
"3260","OTU_174"
"3261","OTU_200"
"3262","OTU_475"
"3263","OTU_493"
"3264","OTU_1789"
"3265","OTU_3150"
"3266","OTU_3133"
"3267","OTU_3176"
"3268","OTU_3315"
"3269","OTU_3466"
"3270","OTU_3382"
"3271","OTU_1925"
"3272","OTU_1930"
"3273","OTU_3379"
"3274","OTU_2518"
"3275","OTU_810"
"3276","OTU_898"
"3277","OTU_857"
"3278","OTU_864"
"3279","OTU_811"
"3280","OTU_1149"
"3281","OTU_1791"
"3282","OTU_926"
"3283","OTU_765"
"3284","OTU_406"
"3285","OTU_910"
"3286","OTU_380"
"3287","OTU_611"
"3288","OTU_899"
"3289","OTU_850"
"3290","OTU_852"
"3291","OTU_672"
"3292","OTU_796"
"3293","OTU_797"
"3294","OTU_802"
"3295","OTU_3391"
"3296","OTU_2467"
"3297","OTU_2869"
"3298","OTU_2551"
"3299","OTU_342"
"3300","OTU_853"
"3301","OTU_900"
"3302","OTU_3359"
"3303","OTU_2747"
"3304","OTU_2153"
"3305","OTU_2861"
"3306","OTU_3372"
"3307","OTU_3427"
"3308","OTU_2754"
"3309","OTU_2458"
"3310","OTU_3362"
"3311","OTU_2544"
"3312","OTU_3393"
"3313","OTU_2562"
"3314","OTU_916"
"3315","OTU_3333"
"3316","OTU_893"
"3317","OTU_3286"
"3318","OTU_2529"
"3319","OTU_1819"
"3320","OTU_1835"
"3321","OTU_1799"
"3322","OTU_1840"
"3323","OTU_1812"
"3324","OTU_1841"
"3325","OTU_1837"
"3326","OTU_715"
"3327","OTU_720"
"3328","OTU_2299"
"3329","OTU_2136"
"3330","OTU_2238"
"3331","OTU_2304"
"3332","OTU_804"
"3333","OTU_805"
"3334","OTU_891"
"3335","OTU_892"
"3336","OTU_798"
"3337","OTU_808"
"3338","OTU_821"
"3339","OTU_887"
"3340","OTU_803"
"3341","OTU_820"
"3342","OTU_901"
"3343","OTU_799"
"3344","OTU_835"
"3345","OTU_806"
"3346","OTU_801"
"3347","OTU_889"
"3348","OTU_871"
"3349","OTU_894"
"3350","OTU_849"
"3351","OTU_819"
"3352","OTU_884"
"3353","OTU_895"
"3354","OTU_800"
"3355","OTU_499"
"3356","OTU_467"
"3357","OTU_477"
"3358","OTU_663"
"3359","OTU_2298"
"3360","OTU_809"
"3361","OTU_424"
"3362","OTU_833"
"3363","OTU_1852"
"3364","OTU_1711"
"3365","OTU_1862"
"3366","OTU_1903"
"3367","OTU_1855"
"3368","OTU_1848"
"3369","OTU_569"
"3370","OTU_188"
"3371","OTU_398"
"3372","OTU_260"
"3373","OTU_311"
"3374","OTU_141"
"3375","OTU_520"
"3376","OTU_766"
"3377","OTU_790"
"3378","OTU_837"
"3379","OTU_503"
"3380","OTU_780"
"3381","OTU_767"
"3382","OTU_913"
"3383","OTU_626"
"3384","OTU_786"
"3385","OTU_501"
"3386","OTU_2318"
"3387","OTU_382"
"3388","OTU_3011"
"3389","OTU_2346"
"3390","OTU_2588"
"3391","OTU_778"
"3392","OTU_350"
"3393","OTU_647"
"3394","OTU_814"
"3395","OTU_485"
"3396","OTU_700"
"3397","OTU_392"
"3398","OTU_624"
"3399","OTU_523"
"3400","OTU_709"
"3401","OTU_472"
"3402","OTU_212"
"3403","OTU_399"
"3404","OTU_644"
"3405","OTU_643"
"3406","OTU_724"
"3407","OTU_410"
"3408","OTU_408"
"3409","OTU_725"
"3410","OTU_794"
"3411","OTU_655"
"3412","OTU_729"
"3413","OTU_863"
"3414","OTU_156"
"3415","OTU_568"
"3416","OTU_540"
"3417","OTU_3280"
"3418","OTU_627"
"3419","OTU_646"
"3420","OTU_439"
"3421","OTU_457"
"3422","OTU_615"
"3423","OTU_795"
"3424","OTU_862"
"3425","OTU_870"
"3426","OTU_2682"
"3427","OTU_3273"
"3428","OTU_2986"
"3429","OTU_3205"
"3430","OTU_3405"
"3431","OTU_2987"
"3432","OTU_3031"
"3433","OTU_3113"
"3434","OTU_2662"
"3435","OTU_2267"
"3436","OTU_2962"
"3437","OTU_2477"
"3438","OTU_2483"
"3439","OTU_3274"
"3440","OTU_2982"
"3441","OTU_2918"
"3442","OTU_2970"
"3443","OTU_3041"
"3444","OTU_2906"
"3445","OTU_3001"
"3446","OTU_3013"
"3447","OTU_2280"
"3448","OTU_3081"
"3449","OTU_1941"
"3450","OTU_2076"
"3451","OTU_2441"
"3452","OTU_2947"
"3453","OTU_2398"
"3454","OTU_3072"
"3455","OTU_2977"
"3456","OTU_3179"
"3457","OTU_2763"
"3458","OTU_3261"
"3459","OTU_2984"
"3460","OTU_3161"
"3461","OTU_3234"
"3462","OTU_3208"
"3463","OTU_3079"
"3464","OTU_2932"
"3465","OTU_3180"
"3466","OTU_2900"
"3467","OTU_3121"
"3468","OTU_3022"
"3469","OTU_2902"
"3470","OTU_3192"
"3471","OTU_3084"
"3472","OTU_3158"
"3473","OTU_3000"
"3474","OTU_2952"
"3475","OTU_3026"
"3476","OTU_3080"
"3477","OTU_3171"
"3478","OTU_2123"
"3479","OTU_3204"
"3480","OTU_3173"
"3481","OTU_3217"
"3482","OTU_2191"
"3483","OTU_2223"
"3484","OTU_2125"
"3485","OTU_2215"
"3486","OTU_2145"
"3487","OTU_2211"
"3488","OTU_2119"
"3489","OTU_2203"
"3490","OTU_2135"
"3491","OTU_2140"
"3492","OTU_2129"
"3493","OTU_2120"
"3494","OTU_2266"
